part_no,sales_model,base_model,level,series,source,category,price,pchome_price_min,pchome_listings,momo_price_min,momo_listings,cpu_model,cpu_power_w,has_dgpu,gpu_model,gpu_tgp_w,gpu_tgp_base_w,gpu_boost_mhz,vram_gb,vram_gb_max,ram_gb,ram_gb_max,ram_upgradeable,ram_slots,ram_soldered,ram_max_gb,storage_gb,storage_gb_max,screen_inch,resolution,is_oled,refresh_hz,refresh_hz_max,is_touch,battery_wh,battery_wh_max,weight_kg,has_thunderbolt,adapter_w,adapter_w_max,os,panel_type,aspect_ratio,brightness_nits,hdr_peak_nits,dci_p3_pct,srgb_pct,ntsc_pct,display_finish,has_gsync,has_mux,stylus_support,ram_type,ram_speed_mts,storage_interface,m2_slots,has_25_bay,usb_c_ports,usb_a_ports,has_usb4,hdmi_version,has_rj45,card_reader,has_audio_jack,wifi,bluetooth,camera,camera_ir,camera_shutter,width_cm,depth_cm,thickness_min_cm,thickness_max_cm,mil_std,kb_backlight,kb_numpad,touchpad_numberpad,kb_travel_mm,kb_spill_resistant,copilot_key,usb_c_charging,bundled_mouse,bundled_bag,bundled_stylus,bundled_hdd_kit,color,has_spec,url,online_date,fetched_at,spec_unique
,,S5406SAL,model,ASUS Vivobook S14 (S5406SAL); Copilot+ PC,asus,Vivobook,,34999.0,7,34999.0,3,Core Ultra 5 226V,,False,,,,,,,16,16.0,False,0,True,16.0,512,512.0,14.0,1920x1200,True,60,60.0,False,75,75.0,1.3,True,65,65.0,Windows 11 Home,OLED,16:10,300.0,,95.0,,,鏡面,False,False,False,LPDDR5X,,PCIe 4.0,1.0,False,2.0,2.0,False,2.1,False,,True,Wi-Fi 7,5.4,1080p,True,True,31.05,22.19,1.39,1.59,MIL-STD 810H,無,False,False,1.7,False,True,True,True,False,False,False,莓果粉,True,https://www.asus.com/tw/laptops/for-home/vivobook/asus-vivobook-s-14-s5406sal/,2026-07-23 10:11:00,2026-10-06,
,,FX610JM,model,ASUS TUF Gaming 16 (2026),asus,TUF-Gaming,,,0,,0,Core i5-14450HX,,True,GeForce RTX 5060,85.0,70.0,,8,8.0,16,16.0,True,2,False,,512,512.0,16.0,1920x1200,False,144,144.0,False,63,63.0,2.2,False,150,150.0,Windows 11 Home,IPS,16:10,,,,100.0,,霧面,False,False,False,DDR5,5600.0,PCIe 4.0,2.0,False,1.0,3.0,False,2.1,True,,True,Wi-Fi 6,5.4,720p,False,False,35.7,25.9,1.94,2.69,,RGB,False,False,,False,True,False,True,False,False,False,,True,https://www.asus.com/tw/laptops/for-gaming/tuf-gaming/asus-tuf-gaming-16-2026/,2026-06-01 17:32:00,2026-10-06,
,,FX610JH,model,ASUS TUF Gaming 16 (2026),asus,TUF-Gaming,,42999.0,2,42999.0,2,Core i5-14450HX,,True,GeForce RTX 5050,85.0,70.0,,8,8.0,16,16.0,True,2,False,,512/1024,1024.0,16.0,1920x1200,False,144,144.0,False,63,63.0,2.2,False,150,150.0,Windows 11 Home,IPS,16:10,,,,100.0,,霧面,False,False,False,DDR5,5600.0,PCIe 4.0,2.0,False,1.0,3.0,False,2.1,True,,True,Wi-Fi 6,5.4,720p,False,False,35.7,25.9,1.94,2.69,,RGB,False,False,,False,True,False,True,False,False,False,,True,https://www.asus.com/tw/laptops/for-gaming/tuf-gaming/asus-tuf-gaming-16-2026/,2026-06-01 17:32:00,2026-10-06,
90NB1AR1-M00K70,UX3480KA-0166B330,UX3480KA,sku,"ASUS Zenbook 14 (UX3480, AMD); Copilot+ PC",asus,Zenbook,,,0,,0,Ryzen AI 5 330,,False,,,,,,,16,16.0,False,0,True,16.0,512,512.0,14.0,1920x1200,True,60,60.0,False,50,50.0,1.1,False,68,68.0,Windows 11 Home,OLED,16:10,300.0,,100.0,,,,False,False,False,LPDDR5X,,PCIe 4.0,1.0,False,2.0,1.0,True,2.1,False,,True,Wi-Fi 6E,5.4,1080p,True,False,31.12,21.58,1.39,1.39,MIL-STD 810H,有,False,False,1.7,False,True,True,False,True,False,False,極地藍,True,https://www.asus.com/tw/laptops/for-home/zenbook/asus-zenbook-14-ux3480-amd/,2026-05-29 22:29:00,2026-10-06,True
90NB16H1-M000E0,H7407BA-1288KN1X20,H7407BA,sku,ProArt P14 (H7407),asus,ProArt,,,0,,0,RTX Spark N1X,,False,,,,,,,128,128.0,False,0,True,128.0,1024,1024.0,14.0,2880x1800,True,120,120.0,True,90,90.0,1.48,False,140,140.0,Windows 11 Pro,OLED,16:10,,1600.0,100.0,,,霧面,False,False,True,LPDDR5X,,PCIe 4.0,1.0,False,3.0,1.0,True,2.1,False,SD,True,Wi-Fi 7,5.4,1080p,True,False,31.07,21.89,1.39,1.59,MIL-STD 810H,有,False,False,1.5,False,True,True,True,True,False,False,曜夜黑,True,https://www.asus.com/tw/laptops/for-creators/proart/proart-p14-h7407/,2026-05-29 22:26:00,2026-10-06,True
90NB16H1-M00510,H7407BA-0060KN1X20,H7407BA,sku,ProArt P14 (H7407),asus,ProArt,,,0,,0,RTX Spark N1X,,False,,,,,,,64,64.0,False,0,True,64.0,1024,1024.0,14.0,2880x1800,True,120,120.0,True,90,90.0,1.48,False,140,140.0,Windows 11 Pro,OLED,16:10,,1600.0,100.0,,,霧面,False,False,True,LPDDR5X,,PCIe 4.0,1.0,False,3.0,1.0,True,2.1,False,SD,True,Wi-Fi 7,5.4,1080p,True,False,31.07,21.89,1.39,1.59,MIL-STD 810H,有,False,False,1.5,False,True,True,True,True,False,False,曜夜黑,True,https://www.asus.com/tw/laptops/for-creators/proart/proart-p14-h7407/,2026-05-29 22:26:00,2026-10-06,True
90NB16H3-M00CC0,H7407BA-1688WN1X20,H7407BA,sku,ProArt P14 (H7407),asus,ProArt,,,0,,0,RTX Spark N1X,,False,,,,,,,128,128.0,False,0,True,128.0,1024,1024.0,14.0,2880x1800,True,120,120.0,True,90,90.0,1.48,False,,,Windows 11 Pro,OLED,16:10,,1600.0,100.0,,,霧面,False,False,True,LPDDR5X,,PCIe 4.0,1.0,False,3.0,1.0,True,2.1,False,SD,True,Wi-Fi 7,5.4,1080p,True,False,31.07,21.89,1.39,1.59,MIL-STD 810H,有,False,False,1.5,False,True,False,True,True,False,False,皓月銀,True,https://www.asus.com/tw/laptops/for-creators/proart/proart-p14-h7407/,2026-05-29 22:26:00,2026-10-06,True
90NB1941-M002Y0,UX3480AA-0022B325,UX3480AA,sku,"ASUS Zenbook 14 (UX3480, Intel); Copilot+ PC",asus,Zenbook,47999.0,47999.0,1,47999.0,1,Core Ultra 5 325,,False,,,,,,,16,16.0,False,0,True,16.0,512,512.0,14.0,1920x1200,True,60,60.0,False,50,50.0,1.1,True,68,68.0,Windows 11 Home,OLED,16:10,300.0,,100.0,,,,False,False,False,LPDDR5X,,PCIe 4.0,1.0,False,2.0,1.0,False,2.1,False,,True,Wi-Fi 6E,5.4,1080p,True,True,31.12,21.58,1.39,1.69,MIL-STD 810H,有,False,False,1.7,False,False,True,False,True,False,False,極地藍,True,https://www.asus.com/tw/laptops/for-home/zenbook/asus-zenbook-14-ux3480-intel/,2026-05-29 22:26:00,2026-10-06,True
90NB1941-M00310,UX3480AA-0052B355,UX3480AA,sku,"ASUS Zenbook 14 (UX3480, Intel); Copilot+ PC",asus,Zenbook,51999.0,51999.0,1,51999.0,2,Core Ultra 7 355,,False,,,,,,,16,16.0,False,0,True,16.0,512,512.0,14.0,1920x1200,True,60,60.0,False,50,50.0,1.1,True,68,68.0,Windows 11 Home,OLED,16:10,300.0,,100.0,,,,False,False,False,LPDDR5X,,PCIe 4.0,1.0,False,2.0,1.0,False,2.1,False,,True,Wi-Fi 6E,5.4,1080p,True,True,31.12,21.58,1.39,1.69,MIL-STD 810H,有,False,False,1.7,False,False,True,False,True,False,False,極地藍,True,https://www.asus.com/tw/laptops/for-home/zenbook/asus-zenbook-14-ux3480-intel/,2026-05-29 22:26:00,2026-10-06,True
90NB1942-M002Z0,UX3480AA-0032P325,UX3480AA,sku,"ASUS Zenbook 14 (UX3480, Intel); Copilot+ PC",asus,Zenbook,,,0,47999.0,1,Core Ultra 5 325,,False,,,,,,,16,16.0,False,0,True,16.0,512,512.0,14.0,1920x1200,True,60,60.0,False,50,50.0,1.1,True,68,68.0,Windows 11 Home,OLED,16:10,300.0,,100.0,,,,False,False,False,LPDDR5X,,PCIe 4.0,1.0,False,2.0,1.0,False,2.1,False,,True,Wi-Fi 6E,5.4,1080p,True,True,31.12,21.58,1.39,1.69,MIL-STD 810H,有,False,False,1.7,False,False,True,False,True,False,False,珊瑚粉,True,https://www.asus.com/tw/laptops/for-home/zenbook/asus-zenbook-14-ux3480-intel/,2026-05-29 22:26:00,2026-10-06,True
90NB1942-M00300,UX3480AA-0042P355,UX3480AA,sku,"ASUS Zenbook 14 (UX3480, Intel); Copilot+ PC",asus,Zenbook,,,0,51999.0,1,Core Ultra 7 355,,False,,,,,,,16,16.0,False,0,True,16.0,512,512.0,14.0,1920x1200,True,60,60.0,False,50,50.0,1.1,True,68,68.0,Windows 11 Home,OLED,16:10,300.0,,100.0,,,,False,False,False,LPDDR5X,,PCIe 4.0,1.0,False,2.0,1.0,False,2.1,False,,True,Wi-Fi 6E,5.4,1080p,True,True,31.12,21.58,1.39,1.69,MIL-STD 810H,有,False,False,1.7,False,False,True,False,True,False,False,珊瑚粉,True,https://www.asus.com/tw/laptops/for-home/zenbook/asus-zenbook-14-ux3480-intel/,2026-05-29 22:26:00,2026-10-06,True
90NB16A1-M006N0,H7607BA-0062KN1X20,H7607BA,sku,ProArt P16 (H7607),asus,ProArt,,,0,,0,RTX Spark N1X,,False,,,,,,,64,64.0,False,0,True,64.0,1024,1024.0,16.0,3840x2400,True,120,120.0,True,99.9,99.9,1.77,False,140,140.0,Windows 11 Pro,OLED,16:10,,1600.0,100.0,,,霧面,False,False,True,LPDDR5X,,PCIe 4.0,2.0,False,3.0,1.0,True,2.1,False,SD Express/SD,True,Wi-Fi 7,5.4,1080p,True,False,35.41,24.3,1.29,1.59,MIL-STD 810H,有,False,False,1.7,False,False,True,True,True,False,False,曜夜黑,True,https://www.asus.com/tw/laptops/for-creators/proart/proart-p16-h7607/,2026-05-29 22:25:00,2026-10-06,True
90NB16A1-M00JR0,H7607BA-8888KN1X20,H7607BA,sku,ProArt P16 (H7607),asus,ProArt,,,0,,0,RTX Spark N1X,,False,,,,,,,128,128.0,False,0,True,128.0,2048,2048.0,16.0,3840x2400,True,120,120.0,True,99.9,99.9,1.77,False,140,140.0,Windows 11 Pro,OLED,16:10,,1600.0,100.0,,,霧面,False,False,True,LPDDR5X,,PCIe 4.0,2.0,False,3.0,1.0,True,2.1,False,SD Express/SD,True,Wi-Fi 7,5.4,1080p,True,False,35.41,24.3,1.29,1.59,MIL-STD 810H,有,False,False,1.7,False,False,True,True,True,False,False,曜夜黑,True,https://www.asus.com/tw/laptops/for-creators/proart/proart-p16-h7607/,2026-05-29 22:25:00,2026-10-06,True
90NB16A3-M00JU0,H7607BA-6666WN1X20,H7607BA,sku,ProArt P16 (H7607),asus,ProArt,,,0,,0,RTX Spark N1X,,False,,,,,,,128,128.0,False,0,True,128.0,2048,2048.0,16.0,3840x2400,True,120,120.0,True,99.9,99.9,1.77,False,140,140.0,Windows 11 Pro,OLED,16:10,,1600.0,100.0,,,霧面,False,False,True,LPDDR5X,,PCIe 4.0,2.0,False,3.0,1.0,True,2.1,False,SD Express/SD,True,Wi-Fi 7,5.4,1080p,True,False,35.41,24.3,1.29,1.59,MIL-STD 810H,有,False,False,1.7,False,False,True,True,True,False,False,皓月銀,True,https://www.asus.com/tw/laptops/for-creators/proart/proart-p16-h7607/,2026-05-29 22:25:00,2026-10-06,True
,,B5406FMA,model,"ASUS ExpertBook B5 Flip G2 (14"" Intel)",asus,ExpertBook,,,0,,0,Core 5 320,,False,,,,,,,16,16.0,False,0,True,32.0,512,512.0,14.0,1920x1200,False,,,True,50,50.0,1.34,True,65,65.0,Windows 11 Pro,,16:10,300.0,,,,45.0,鏡面,False,False,True,LPDDR5X,,PCIe 4.0,1.0,False,2.0,2.0,False,2.1,False,,True,Wi-Fi 7,6.0,5MP/1080p,True,False,31.45,22.49,1.37,1.69,MIL-STD 810H,有,False,False,1.5,True,False,True,True,True,True,False,Gentle Grey,True,https://www.asus.com/tw/laptops/for-work/expertbook/asus-expertbook-b5-flip-g2-14-intel/,2026-05-27 16:56:00,2026-10-06,
90NB15F1-M001V0,M1607KA-0031B340H,M1607KA,sku,ASUS Vivobook 16 (M1607); Copilot+ PC,asus,Vivobook,,,0,,0,Ryzen AI 5 340,,False,,,,,,,16,16.0,True,1,True,32.0,1024,1024.0,16.0,1920x1200,False,60,60.0,False,42,42.0,1.88,False,65,65.0,Windows 11 Home,IPS,16:10,300.0,,,,45.0,霧面,False,False,False,DDR5,,PCIe 4.0,1.0,False,2.0,2.0,False,2.1,False,,True,Wi-Fi 6,5.2,1080p,True,True,35.7,25.06,1.79,1.99,MIL-STD 810H,無,True,False,1.7,False,True,True,True,True,False,False,午夜藍,True,https://www.asus.com/tw/laptops/for-home/vivobook/asus-vivobook-16-m1607/,2025-01-03 10:39:00,2026-10-06,True
90NB1961-M00A20,S5652MA-0062S350,S5652MA,sku,ASUS Vivobook S16 (S5652),asus,Vivobook,,41999.0,4,41999.0,3,Core 7 350,,False,,,,,,,16,16.0,False,0,True,16.0,512,512.0,16.0,1920x1200,False,144,144.0,False,52.5,52.5,1.5,False,48,48.0,Windows 11 Home,IPS,16:10,300.0,,,100.0,,霧面,False,False,False,LPDDR5X,,PCIe 4.0,1.0,False,2.0,2.0,False,2.1,False,,True,Wi-Fi 6,5.4,1080p,False,False,35.55,24.84,1.58,1.69,MIL-STD 810H,無,True,False,1.2,False,False,True,True,True,False,False,酷玩銀,True,https://www.asus.com/tw/laptops/for-home/vivobook/asus-vivobook-s16-s5652/,2026-07-01 09:52:00,2026-10-06,True
90NB1961-M00K00,S5652MA-0092S320,S5652MA,sku,ASUS Vivobook S16 (S5652),asus,Vivobook,,,0,,0,Core 5 320,,False,,,,,,,16,16.0,False,0,True,16.0,512,512.0,16.0,1920x1200,False,144,144.0,False,52.5,52.5,1.5,False,48,48.0,Windows 11 Home,IPS,16:10,300.0,,,100.0,,霧面,False,False,False,LPDDR5X,,PCIe 4.0,1.0,False,2.0,2.0,False,2.1,False,,True,Wi-Fi 6,5.4,1080p,False,False,35.55,24.84,1.58,1.69,MIL-STD 810H,無,True,False,1.2,False,False,True,True,True,False,False,酷玩銀,True,https://www.asus.com/tw/laptops/for-home/vivobook/asus-vivobook-s16-s5652/,2026-07-01 09:52:00,2026-10-06,True
90NB1962-M00A10,S5652MA-0052G350,S5652MA,sku,ASUS Vivobook S16 (S5652),asus,Vivobook,,41999.0,6,41999.0,3,Core 7 350,,False,,,,,,,16,16.0,False,0,True,16.0,512,512.0,16.0,1920x1200,False,144,144.0,False,52.5,52.5,1.5,False,48,48.0,Windows 11 Home,IPS,16:10,300.0,,,100.0,,霧面,False,False,False,LPDDR5X,,PCIe 4.0,1.0,False,2.0,2.0,False,2.1,False,,True,Wi-Fi 6,5.4,1080p,False,False,35.55,24.84,1.58,1.69,MIL-STD 810H,無,True,False,1.2,False,False,True,True,True,False,False,夜幕灰,True,https://www.asus.com/tw/laptops/for-home/vivobook/asus-vivobook-s16-s5652/,2026-07-01 09:52:00,2026-10-06,True
90NB1962-M00CY0,S5652MA-0072G350,S5652MA,sku,ASUS Vivobook S16 (S5652),asus,Vivobook,,36999.0,2,36999.0,2,Core 7 350,,False,,,,,,,16,16.0,False,0,True,16.0,256,256.0,16.0,1920x1200,False,144,144.0,False,52.5,52.5,1.5,False,48,48.0,Windows 11 Home,IPS,16:10,300.0,,,100.0,,霧面,False,False,False,LPDDR5X,,PCIe 3.0,1.0,False,2.0,2.0,False,2.1,False,,True,Wi-Fi 6,5.4,1080p,False,False,35.55,24.84,1.58,1.69,MIL-STD 810H,無,True,False,1.2,False,False,True,True,True,False,False,夜幕灰,True,https://www.asus.com/tw/laptops/for-home/vivobook/asus-vivobook-s16-s5652/,2026-07-01 09:52:00,2026-10-06,True
90NB1962-M00JZ0,S5652MA-0082G320,S5652MA,sku,ASUS Vivobook S16 (S5652),asus,Vivobook,,,0,,0,Core 5 320,,False,,,,,,,16,16.0,False,0,True,16.0,512,512.0,16.0,1920x1200,False,144,144.0,False,52.5,52.5,1.5,False,48,48.0,Windows 11 Home,IPS,16:10,300.0,,,100.0,,霧面,False,False,False,LPDDR5X,,PCIe 4.0,1.0,False,2.0,2.0,False,2.1,False,,True,Wi-Fi 6,5.4,1080p,False,False,35.55,24.84,1.58,1.69,MIL-STD 810H,無,True,False,1.2,False,False,True,True,True,False,False,夜幕灰,True,https://www.asus.com/tw/laptops/for-home/vivobook/asus-vivobook-s16-s5652/,2026-07-01 09:52:00,2026-10-06,True
90NB1962-M00K10,S5652MA-0102G304,S5652MA,sku,ASUS Vivobook S16 (S5652),asus,Vivobook,,,0,,0,Core 3 304,,False,,,,,,,16,16.0,False,0,True,16.0,256,256.0,16.0,1920x1200,False,144,144.0,False,52.5,52.5,1.5,False,48,48.0,Windows 11 Home,IPS,16:10,300.0,,,100.0,,霧面,False,False,False,LPDDR5X,,PCIe 3.0,1.0,False,2.0,2.0,False,2.1,False,,True,Wi-Fi 6,5.4,1080p,False,False,35.55,24.84,1.58,1.69,MIL-STD 810H,無,True,False,1.2,False,False,True,True,True,False,False,夜幕灰,True,https://www.asus.com/tw/laptops/for-home/vivobook/asus-vivobook-s16-s5652/,2026-07-01 09:52:00,2026-10-06,True
90NB1991-M00CX0,S5452MA-0072G350,S5452MA,sku,ASUS Vivobook S14 (S5452),asus,Vivobook,,40999.0,1,40999.0,2,Core 7 350,,False,,,,,,,16,16.0,False,0,True,16.0,512,512.0,14.0,1920x1200,False,60,60.0,False,52.5,52.5,1.2,False,48,48.0,Windows 11 Home,IPS,16:10,300.0,,,100.0,,霧面,False,False,False,LPDDR5X,,PCIe 4.0,1.0,False,2.0,2.0,False,2.1,False,,True,Wi-Fi 6,5.4,1080p,False,False,31.31,22.08,1.54,1.64,MIL-STD 810H,無,False,False,1.2,False,True,True,True,True,False,False,夜幕灰,True,https://www.asus.com/tw/laptops/for-home/vivobook/asus-vivobook-s14-s5452/,2026-07-01 09:50:00,2026-10-06,True
90NB1991-M00M50,S5452MA-0112G320,S5452MA,sku,ASUS Vivobook S14 (S5452),asus,Vivobook,,,0,,0,Core 5 320,,False,,,,,,,16,16.0,False,0,True,16.0,512,512.0,14.0,1920x1200,False,60,60.0,False,52.5,52.5,1.2,False,48,48.0,Windows 11 Home,IPS,16:10,300.0,,,100.0,,霧面,False,False,False,LPDDR5X,,PCIe 4.0,1.0,False,2.0,2.0,False,2.1,False,,True,Wi-Fi 6,5.4,1080p,False,False,31.31,22.08,1.54,1.64,MIL-STD 810H,無,False,False,1.2,False,True,True,True,True,False,False,夜幕灰,True,https://www.asus.com/tw/laptops/for-home/vivobook/asus-vivobook-s14-s5452/,2026-07-01 09:50:00,2026-10-06,True
90NB1992-M00CY0,S5452MA-0082S350,S5452MA,sku,ASUS Vivobook S14 (S5452),asus,Vivobook,,,0,40999.0,1,Core 7 350,,False,,,,,,,16,16.0,False,0,True,16.0,512,512.0,14.0,1920x1200,False,60,60.0,False,52.5,52.5,1.2,False,48,48.0,Windows 11 Home,IPS,16:10,300.0,,,100.0,,霧面,False,False,False,LPDDR5X,,PCIe 4.0,1.0,False,2.0,2.0,False,2.1,False,,True,Wi-Fi 6,5.4,1080p,False,False,31.31,22.08,1.54,1.64,MIL-STD 810H,無,False,False,1.2,False,True,True,True,True,False,False,酷玩銀,True,https://www.asus.com/tw/laptops/for-home/vivobook/asus-vivobook-s14-s5452/,2026-07-01 09:50:00,2026-10-06,True
90NB1992-M00M60,S5452MA-0122S320,S5452MA,sku,ASUS Vivobook S14 (S5452),asus,Vivobook,,,0,,0,Core 5 320,,False,,,,,,,16,16.0,False,0,True,16.0,512,512.0,14.0,1920x1200,False,60,60.0,False,52.5,52.5,1.2,False,48,48.0,Windows 11 Home,IPS,16:10,300.0,,,100.0,,霧面,False,False,False,LPDDR5X,,PCIe 4.0,1.0,False,2.0,2.0,False,2.1,False,,True,Wi-Fi 6,5.4,1080p,False,False,31.31,22.08,1.54,1.64,MIL-STD 810H,無,False,False,1.2,False,True,True,True,True,False,False,酷玩銀,True,https://www.asus.com/tw/laptops/for-home/vivobook/asus-vivobook-s14-s5452/,2026-07-01 09:50:00,2026-10-06,True
90NB19P1-M006D0,TP5408QA-0033B26100,TP5408QA,sku,"ASUS Vivobook S14 Flip (TP5408, Snapdragon); Copilot+ PC",asus,Vivobook,,42999.0,5,42999.0,2,Snapdragon X X1-26-100,,False,,,,,,,16,16.0,False,0,True,16.0,512,512.0,14.0,1920x1200,False,60,60.0,True,50,50.0,1.39,False,68,68.0,Windows 11 Home,,16:10,300.0,,100.0,,,,False,False,True,LPDDR5X,,PCIe 4.0,1.0,False,2.0,2.0,False,2.1,False,,True,Wi-Fi 6E,5.3,1080p,True,False,31.16,22.19,1.49,1.69,MIL-STD 810H,無,False,False,1.7,False,True,True,False,True,False,False,率性藍,True,https://www.asus.com/tw/laptops/for-home/vivobook/asus-vivobook-s14-flip-tp5408-qualcomm/,2026-05-29 22:36:00,2026-10-06,True
90NB19C2-M00XA0,S5608QA-0158G26101,S5608QA,sku,"ASUS Vivobook S16 (S5608, Snapdragon); Copilot+ PC",asus,Vivobook,,40999.0,2,40999.0,1,Snapdragon X X1-26-101,,False,,,,,,,16,16.0,False,0,True,16.0,512,512.0,16.0,1920x1200,True,60,60.0,False,50,50.0,1.6,False,68,68.0,Windows 11 Home,OLED,16:10,300.0,,100.0,,,鏡面,False,False,False,LPDDR5X,,PCIe 4.0,1.0,False,2.0,2.0,False,2.1,False,,True,Wi-Fi 6E,5.3,1080p,True,False,35.42,24.87,1.49,1.69,MIL-STD 810H,無,True,False,1.7,False,True,True,False,True,False,False,夜幕灰,True,https://www.asus.com/tw/laptops/for-home/vivobook/asus-vivobook-s16-s5608-qualcomm/,2026-05-29 22:35:00,2026-10-06,True
90NB19C3-M00WR0,S5608QA-0128B26101,S5608QA,sku,"ASUS Vivobook S16 (S5608, Snapdragon); Copilot+ PC",asus,Vivobook,,28999.0,2,28999.0,2,Snapdragon X X1-26-101,,False,,,,,,,8,8.0,False,0,True,,256,256.0,16.0,1920x1200,False,60,60.0,False,50,50.0,1.6,False,68,68.0,Windows 11 Home,IPS,16:10,300.0,,,,45.0,霧面,False,False,False,LPDDR5X,,PCIe 3.0,1.0,False,2.0,2.0,False,2.1,False,,True,Wi-Fi 6E,5.3,1080p,True,False,35.42,24.87,1.49,1.69,MIL-STD 810H,無,True,False,1.7,False,True,True,False,False,False,False,率性藍,True,https://www.asus.com/tw/laptops/for-home/vivobook/asus-vivobook-s16-s5608-qualcomm/,2026-05-29 22:35:00,2026-10-06,True
90NB19C3-M00X80,S5608QA-0138B26101,S5608QA,sku,"ASUS Vivobook S16 (S5608, Snapdragon); Copilot+ PC",asus,Vivobook,,,0,40999.0,2,Snapdragon X X1-26-101,,False,,,,,,,16,16.0,False,0,True,16.0,512,512.0,16.0,1920x1200,False,60,60.0,False,50,50.0,1.6,False,68,68.0,Windows 11 Home,IPS,16:10,300.0,,,,45.0,霧面,False,False,False,LPDDR5X,,PCIe 4.0,1.0,False,2.0,2.0,False,2.1,False,,True,Wi-Fi 6E,5.3,1080p,True,False,35.42,24.87,1.49,1.69,MIL-STD 810H,無,True,False,1.7,False,True,True,False,False,False,False,率性藍,True,https://www.asus.com/tw/laptops/for-home/vivobook/asus-vivobook-s16-s5608-qualcomm/,2026-05-29 22:35:00,2026-10-06,True
90NB19C3-M00X90,S5608QA-0148B26101,S5608QA,sku,"ASUS Vivobook S16 (S5608, Snapdragon); Copilot+ PC",asus,Vivobook,,40999.0,3,40999.0,1,Snapdragon X X1-26-101,,False,,,,,,,16,16.0,False,0,True,16.0,512,512.0,16.0,1920x1200,True,60,60.0,False,50,50.0,1.6,False,68,68.0,Windows 11 Home,OLED,16:10,300.0,,100.0,,,鏡面,False,False,False,LPDDR5X,,PCIe 4.0,1.0,False,2.0,2.0,False,2.1,False,,True,Wi-Fi 6E,5.3,1080p,True,False,35.42,24.87,1.49,1.69,MIL-STD 810H,無,True,False,1.7,False,True,True,False,True,False,False,率性藍,True,https://www.asus.com/tw/laptops/for-home/vivobook/asus-vivobook-s16-s5608-qualcomm/,2026-05-29 22:35:00,2026-10-06,True
90NB19B1-M00XM0,S5408QA-0168B26101,S5408QA,sku,"ASUS Vivobook S14 (S5408, Snapdragon); Copilot+ PC",asus,Vivobook,,39999.0,4,39999.0,1,Snapdragon X X1-26-101,,False,,,,,,,16,16.0,False,0,True,16.0,512,512.0,14.0,1920x1200,True,60,60.0,False,50,50.0,1.28,False,68,68.0,Windows 11 Home,OLED,16:10,300.0,,100.0,,,鏡面,False,False,False,LPDDR5X,,PCIe 4.0,1.0,False,2.0,2.0,False,2.1,False,,True,Wi-Fi 6E,5.3,1080p,True,False,31.16,22.19,1.49,1.69,MIL-STD 810H,無,False,False,1.7,False,True,True,False,True,False,False,率性藍,True,https://www.asus.com/tw/laptops/for-home/vivobook/asus-vivobook-s14-s5408-qualcomm/,2026-05-29 22:34:00,2026-10-06,True
90NB19K1-M003S0,UX3480QA-0022B26100,UX3480QA,sku,"ASUS Zenbook 14 (UX3480, Snapdragon); Copilot+ PC",asus,Zenbook,41999.0,39999.0,4,41999.0,2,Snapdragon X X1-26-100,,False,,,,,,,16,16.0,False,0,True,16.0,512,512.0,14.0,1920x1200,True,60,60.0,False,50,50.0,1.1,False,68,68.0,Windows 11 Home,OLED,16:10,300.0,,100.0,,,,False,False,False,LPDDR5X,,PCIe 4.0,1.0,False,2.0,1.0,False,2.1,False,,True,Wi-Fi 6E,5.3,1080p,True,False,31.11,21.58,1.39,1.69,MIL-STD 810H,無,False,False,1.7,False,True,True,False,True,False,False,極地藍,True,https://www.asus.com/tw/laptops/for-home/zenbook/asus-zenbook-14-ux3480-qualcomm/,2026-05-29 22:32:00,2026-10-06,True
90NB19K2-M006U0,UX3480QA-0042P26100,UX3480QA,sku,"ASUS Zenbook 14 (UX3480, Snapdragon); Copilot+ PC",asus,Zenbook,,,0,41999.0,2,Snapdragon X X1-26-100,,False,,,,,,,16,16.0,False,0,True,16.0,512,512.0,14.0,1920x1200,True,60,60.0,False,50,50.0,1.1,False,68,68.0,Windows 11 Home,OLED,16:10,300.0,,100.0,,,,False,False,False,LPDDR5X,,PCIe 4.0,1.0,False,2.0,1.0,False,2.1,False,,True,Wi-Fi 6E,5.3,1080p,True,False,31.11,21.58,1.39,1.69,MIL-STD 810H,無,False,False,1.7,False,True,True,False,True,False,False,珊瑚粉,True,https://www.asus.com/tw/laptops/for-home/zenbook/asus-zenbook-14-ux3480-qualcomm/,2026-05-29 22:32:00,2026-10-06,True
90NB19K5-M00LC0,UX3480QA-0112D26100,UX3480QA,sku,"ASUS Zenbook 14 (UX3480, Snapdragon); Copilot+ PC",asus,Zenbook,41999.0,39999.0,4,41999.0,2,Snapdragon X X1-26-100,,False,,,,,,,16,16.0,False,0,True,16.0,512,512.0,14.0,1920x1200,True,60,60.0,False,50,50.0,1.1,False,68,68.0,Windows 11 Home,OLED,16:10,300.0,,100.0,,,,False,False,False,LPDDR5X,,PCIe 4.0,1.0,False,2.0,1.0,False,2.1,False,,True,Wi-Fi 6E,5.3,1080p,True,False,31.11,21.58,1.39,1.69,MIL-STD 810H,無,False,False,1.7,False,True,True,False,True,False,False,沙暮金,True,https://www.asus.com/tw/laptops/for-home/zenbook/asus-zenbook-14-ux3480-qualcomm/,2026-05-29 22:32:00,2026-10-06,True
90NR0LF1-M00US0,G835LXG-0171A290HX-NBLM,G835LXG,sku,ROG Strix SCAR 18 (2026) G835,rog,ROG,,179999.0,1,,0,Core Ultra 9 290HX Plus,,True,GeForce RTX 5090,175.0,150.0,1647.0,24,24.0,64,64.0,True,2,False,128.0,1024,1024.0,18.0,3840x2400,False,120/240,240.0,False,90,90.0,3.73,True,450,450.0,Windows 11 Home,Mini LED,16:10,,,100.0,,,鏡面,True,True,False,DDR5,6400.0,PCIe 4.0,2.0,False,3.0,0.0,False,2.1,True,,True,Wi-Fi 7,5.4,1080p,True,False,39.9,29.8,2.35,3.5,,Per-key RGB,False,False,,False,True,False,True,True,False,False,,True,https://rog.asus.com/tw/laptops/rog-strix/rog-strix-scar-18-2026/,2026-05-18 09:16:26,2026-10-06,True
90NR0LF1-M00JB0,G835LXG-0081A290HX-NBLM,G835LXG,sku,ROG Strix SCAR 18 (2026) G835,rog,ROG,,245999.0,3,245999.0,1,Core Ultra 9 290HX Plus,,True,GeForce RTX 5090,175.0,150.0,1647.0,24,24.0,64,64.0,True,2,False,128.0,4096,4096.0,18.0,3840x2400,False,120/240,240.0,False,90,90.0,3.73,True,450,450.0,Windows 11 Home,Mini LED,16:10,,,100.0,,,鏡面,True,True,False,DDR5,6400.0,PCIe 5.0,2.0,False,3.0,0.0,False,2.1,True,,True,Wi-Fi 7,5.4,1080p,True,False,39.9,29.8,2.35,3.5,,Per-key RGB,False,False,,False,True,False,True,True,False,False,,True,https://rog.asus.com/tw/laptops/rog-strix/rog-strix-scar-18-2026/,2026-05-18 09:16:26,2026-10-06,True
90NR0LF1-M00XW0,G835LXG-0181A290HX-NBLM,G835LXG,sku,ROG Strix SCAR 18 (2026) G835,rog,ROG,,,0,199999.0,1,Core Ultra 9 290HX Plus,,True,GeForce RTX 5090,175.0,150.0,1647.0,24,24.0,32,32.0,True,2,False,128.0,1024,1024.0,18.0,3840x2400,False,120/240,240.0,False,90,90.0,3.73,True,450,450.0,Windows 11 Home,Mini LED,16:10,,,100.0,,,鏡面,True,True,False,DDR5,6400.0,PCIe 4.0,2.0,False,3.0,0.0,False,2.1,True,,True,Wi-Fi 7,5.4,1080p,True,False,39.9,29.8,2.35,3.5,,Per-key RGB,False,False,,False,True,False,True,True,False,False,,True,https://rog.asus.com/tw/laptops/rog-strix/rog-strix-scar-18-2026/,2026-05-18 09:16:26,2026-10-06,True
,,B3606CCA,model,"ASUS ExpertBook B3 G1 (16"" Intel)",asus,ExpertBook,,46900.0,2,46900.0,4,Core Ultra 7 255H/Core Ultra 5 225H,,False,,,,,,,16,16.0,True,2,False,96.0,1024,1024.0,16.0,1920x1200,False,,,False,50,50.0,1.78,True,65,65.0,Windows 11 Pro,,16:10,300.0,,,,45.0,霧面,False,False,False,DDR5,,PCIe 4.0,2.0,False,2.0,2.0,False,2.1,True,,True,Wi-Fi 7,5.4,1080p,True,False,35.93,25.35,1.05,1.9,MIL-STD 810H,有,True,False,1.5,True,False,True,True,True,False,False,Gentle Grey,True,https://www.asus.com/tw/laptops/for-work/expertbook/asus-expertbook-b3-g1-16-intel/,2026-03-27 16:13:00,2026-10-06,
,,B3406CCA,model,"ASUS ExpertBook B3 G1 (14"" Intel)",asus,ExpertBook,,46900.0,2,46900.0,4,Core Ultra 7 255H/Core Ultra 5 225H,,False,,,,,,,16/32,32.0,True,2,False,96.0,512/1024,1024.0,14.0,1920x1200,False,,,False,50,50.0,1.44,True,65,65.0,Windows 11 Pro/Windows 11 Home,,16:10,300.0,,,,45.0,霧面,False,False,False,DDR5,,PCIe 4.0,2.0,False,2.0,2.0,False,2.1,True,,True,Wi-Fi 7,5.4,1080p,True,False,31.6,22.78,1.07,1.89,MIL-STD 810H,有,False,False,1.5,True,False,True,True,True,False,False,Gentle Grey,True,https://www.asus.com/tw/laptops/for-work/expertbook/asus-expertbook-b3-g1-14-intel/,2026-03-27 16:13:00,2026-10-06,
90NR0LK1-M009H0,G815LP-0071C290HX-NBL,G815LP,sku,ROG Strix G18 (2026) G815,rog,ROG,,79888.0,5,81999.0,1,Core Ultra 9 290HX Plus,,True,GeForce RTX 5070,115.0,100.0,1475.0,12,12.0,16,16.0,True,2,False,64.0,1024,1024.0,18.0,2560x1600,False,240/300,300.0,False,90,90.0,3.2,True,280,280.0,Windows 11 Home,IPS,16:10,,,100.0,,,霧面,True,True,False,DDR5,5600.0,PCIe 4.0,2.0,False,4.0,0.0,True,2.1,True,,True,Wi-Fi 7,5.4,1080p,True,False,39.9,29.8,2.35,3.2,,RGB,False,False,,False,True,False,True,True,False,False,,True,https://rog.asus.com/tw/laptops/rog-strix/rog-strix-g18-2026/,2026-03-18 11:30:53,2026-10-06,True
90NR0LC2-M00CE0,G815LW-0071G290HX-NBLM,G815LW,sku,ROG Strix G18 (2026) G815,rog,ROG,,119999.0,3,119999.0,1,Core Ultra 9 290HX Plus,,True,GeForce RTX 5080,175.0,150.0,1550.0,16,16.0,16,16.0,True,2,False,64.0,1024,1024.0,18.0,2560x1600,False,240,240.0,False,90,90.0,3.2,True,380,380.0,Windows 11 Home,Mini LED,16:10,,,100.0,,,鏡面,True,True,False,DDR5,5600.0,PCIe 4.0,2.0,False,3.0,0.0,False,2.1,True,,True,Wi-Fi 7,5.4,1080p,True,False,39.9,29.8,2.35,3.2,,RGB,False,False,,False,True,False,True,True,False,False,,True,https://rog.asus.com/tw/laptops/rog-strix/rog-strix-g18-2026/,2026-03-18 11:30:53,2026-10-06,True
90NR0P93-M000C0,GU405AR-0028H386H-NBLO,GU405AR,sku,ROG Zephyrus G14 (2026) GU405,rog,ROG,,139999.0,5,139999.0,1,Core Ultra 9 386H,,True,GeForce RTX 5070 Ti,130.0,110.0,1812.0,12,12.0,64,64.0,False,0,True,64.0,2048,2048.0,14.0,2880x1800,True,,,False,73,73.0,1.58,True,250,250.0,Windows 11 Home,OLED,16:10,,,,,,霧面,True,True,False,LPDDR5X,8533.0,PCIe 4.0,1.0,False,3.0,0.0,True,2.1,False,SD,True,Wi-Fi 7,6.0,1080p,True,False,31.1,22.0,1.59,1.83,,有,False,False,,False,True,False,True,True,False,False,,True,https://rog.asus.com/tw/laptops/rog-zephyrus/rog-zephyrus-g14-2026-gu405/,2026-03-02 11:16:07,2026-10-06,True
90NR0PI3-M000V0,GU606AM-0022H386H-NBLO,GU606AM,sku,ROG Zephyrus G16 (2026) GU606,rog,ROG,,95999.0,6,,0,Core Ultra 9 386H,,True,GeForce RTX 5060,115.0,100.0,1737.0,8,8.0,32,32.0,False,0,True,32.0,1024,1024.0,16.0,2560x1600,True,240,240.0,False,90,90.0,1.85,True,250,250.0,Windows 11 Home,OLED,16:10,,,100.0,,,霧面,True,True,False,LPDDR5X,8533.0,PCIe 4.0,2.0,False,3.0,0.0,True,2.1,False,SD,True,Wi-Fi 7,6.0,1080p,True,False,35.4,24.6,1.49,1.64,,有,False,False,,False,True,False,True,True,False,False,,True,https://rog.asus.com/tw/laptops/rog-zephyrus/rog-zephyrus-g16-2026/,2026-03-02 11:14:18,2026-10-06,False
90NR0PI4-M000W0,GU606AM-0032I386H-NBLO,GU606AM,sku,ROG Zephyrus G16 (2026) GU606,rog,ROG,,95999.0,4,,0,Core Ultra 9 386H,,True,GeForce RTX 5060,115.0,100.0,1737.0,8,8.0,32,32.0,False,0,True,32.0,1024,1024.0,16.0,2560x1600,True,240,240.0,False,90,90.0,1.85,True,250,250.0,Windows 11 Home,OLED,16:10,,,100.0,,,霧面,True,True,False,LPDDR5X,8533.0,PCIe 4.0,2.0,False,3.0,0.0,True,2.1,False,SD,True,Wi-Fi 7,6.0,1080p,True,False,35.4,24.6,1.49,1.64,,有,False,False,,False,True,False,True,True,False,False,,True,https://rog.asus.com/tw/laptops/rog-zephyrus/rog-zephyrus-g16-2026/,2026-03-02 11:14:18,2026-10-06,False
90NR0PC2-M002K0,GU606AR-0058I386H-NBLO,GU606AR,sku,ROG Zephyrus G16 (2026) GU606,rog,ROG,,139999.0,5,139999.0,1,Core Ultra 9 386H,,True,GeForce RTX 5070 Ti,140.0,115.0,1497.0,12,12.0,64,64.0,False,0,True,64.0,1024,1024.0,16.0,2560x1600,True,240,240.0,False,90,90.0,1.95,True,250,250.0,Windows 11 Home,OLED,16:10,,,,,,霧面,True,True,False,LPDDR5X,8533.0,PCIe 5.0,2.0,False,3.0,0.0,True,2.1,False,SD,True,Wi-Fi 7,6.0,1080p,True,False,35.4,24.6,1.49,1.79,,有,False,False,,False,True,False,True,True,False,False,,True,https://rog.asus.com/tw/laptops/rog-zephyrus/rog-zephyrus-g16-2026/,2026-03-02 11:14:18,2026-10-06,True
90NR0PE1-M001M0,GU606AX-0048H386H-NBLO,GU606AX,sku,ROG Zephyrus G16 (2026) GU606,rog,ROG,,189999.0,5,189999.0,1,Core Ultra 9 386H,,True,GeForce RTX 5090,160.0,135.0,1647.0,24,24.0,64,64.0,False,0,True,64.0,1024,1024.0,16.0,2560x1600,True,240,240.0,False,90,90.0,1.95,True,250,250.0,Windows 11 Home,OLED,16:10,,,,,,霧面,True,True,False,LPDDR5X,8533.0,PCIe 5.0,2.0,False,3.0,0.0,True,2.1,False,SD,True,Wi-Fi 7,6.0,1080p,True,False,35.4,24.6,1.49,1.79,,有,False,False,,False,True,False,True,False,False,False,,True,https://rog.asus.com/tw/laptops/rog-zephyrus/rog-zephyrus-g16-2026/,2026-03-02 11:14:18,2026-10-06,True
90NR0PE2-M00530,GU606AX-0078I386H,GU606AX,sku,ROG Zephyrus G16 (2026) GU606,rog,ROG,,,0,,0,Core Ultra 9 386H,,True,GeForce RTX 5090,160.0,135.0,1647.0,24,24.0,64,64.0,False,0,True,64.0,2048,2048.0,16.0,2560x1600,True,240,240.0,False,90,90.0,1.95,True,250,250.0,Windows 11 Pro,OLED,16:10,,,,,,霧面,True,True,False,LPDDR5X,8533.0,PCIe 5.0,2.0,False,3.0,0.0,True,2.1,False,SD,True,Wi-Fi 7,6.0,1080p,True,False,35.4,24.6,1.49,1.79,,有,False,False,,False,True,False,False,False,False,False,,True,https://rog.asus.com/tw/laptops/rog-zephyrus/rog-zephyrus-g16-2026/,2026-03-02 11:14:18,2026-10-06,True
90NR0PG1-M001X0,GU606AW-0048H386H-NBLO,GU606AW,sku,ROG Zephyrus G16 (2026) GU606,rog,ROG,,,0,,0,Core Ultra 9 386H,,True,GeForce RTX 5080,160.0,135.0,1550.0,16,16.0,64,64.0,False,0,True,64.0,1024,1024.0,16.0,2560x1600,True,240,240.0,False,90,90.0,1.95,True,250,250.0,Windows 11 Home,OLED,16:10,,,,,,霧面,True,True,False,LPDDR5X,8533.0,PCIe 5.0,2.0,False,3.0,0.0,True,2.1,False,SD,True,Wi-Fi 7,6.0,1080p,True,False,35.4,24.6,1.49,1.79,,有,False,False,,False,True,False,True,True,False,False,,True,https://rog.asus.com/tw/laptops/rog-zephyrus/rog-zephyrus-g16-2026/,2026-03-02 11:14:18,2026-10-06,True
90NR0NT2-M00170,GX651AX-0022B386H-NBLO,GX651AX,sku,ROG Zephyrus Duo (2026) GX651,rog,ROG,,239999.0,4,239999.0,1,Core Ultra 9 386H,,True,GeForce RTX 5090,,,,24,24.0,64,64.0,False,0,True,64.0,2048,2048.0,16.0,2880x1800,True,,,True,90,90.0,2.82,True,250,250.0,Windows 11 Home,OLED,16:10,,,100.0,,,霧面,True,True,True,LPDDR5X,8533.0,PCIe 5.0,2.0,False,2.0,0.0,False,2.1,False,SD,True,Wi-Fi 7,6.0,1080p,True,False,35.5,24.7,1.99,2.49,,有,False,False,,False,True,False,True,True,False,False,,True,https://rog.asus.com/tw/laptops/rog-zephyrus/rog-zephyrus-duo-2026/,2026-02-23 14:45:14,2026-10-06,True
90NR0NT2-M001K0,GX651AX-SR017W,GX651AX,sku,ROG Zephyrus Duo (2026) GX651,rog,ROG,,,0,239999.0,1,Core Ultra 9 386H,,True,GeForce RTX 5090,,,,24,24.0,64,64.0,False,0,True,64.0,2048,2048.0,16.0,2880x1800,True,,,True,90,90.0,2.82,True,250,250.0,Windows 11 Home,OLED,16:10,,,100.0,,,霧面,True,True,True,LPDDR5X,8533.0,PCIe 5.0,2.0,False,2.0,0.0,False,2.1,False,SD,True,Wi-Fi 7,6.0,1080p,True,False,35.5,24.7,1.99,2.49,,有,False,False,,False,True,False,False,False,False,False,,True,https://rog.asus.com/tw/laptops/rog-zephyrus/rog-zephyrus-duo-2026/,2026-02-23 14:45:14,2026-10-06,True
90NR0JY2-M00BP0,GZ302EAC-0141C395-NBL,GZ302EAC,sku,ROG Flow Z13-KJP,rog,ROG,,,0,,0,Ryzen AI MAX+ 395,,False,,,,,,,128,128.0,False,0,True,128.0,1024,1024.0,13.4,2560x1600,False,180,180.0,True,70,70.0,1.72,False,200,200.0,Windows 11 Home,IPS,16:10,,,100.0,,,鏡面,False,False,True,LPDDR5X,8000.0,PCIe 4.0,1.0,False,2.0,1.0,True,2.1,False,,True,Wi-Fi 7,5.4,5MP,True,False,30.0,20.4,1.45,1.49,,有,False,False,,False,True,False,False,False,False,False,,True,https://rog.asus.com/tw/laptops/rog-flow/ROG-Flow-Z13-KJP/,2026-01-13 17:14:13,2026-10-06,True
90NR0QL2-M006L0,GA403GM-0092H465H-NBLO,GA403GM,sku,ROG Zephyrus G14 (2026) GA403,rog,ROG,,93888.0,4,95999.0,1,Ryzen AI 9 465,,True,GeForce RTX 5060,100.0,85.0,1737.0,8,8.0,32,32.0,False,0,True,32.0,2048,2048.0,14.0,2880x1800,True,,,False,73,73.0,1.5,False,200,200.0,Windows 11 Home,OLED,16:10,,,,,,霧面,True,True,False,LPDDR5X,7500.0,PCIe 4.0,1.0,False,3.0,0.0,True,2.1,False,,True,Wi-Fi 7,5.4,1080p,True,False,31.1,22.0,1.59,1.63,,有,False,False,,False,True,False,True,True,False,False,,True,https://rog.asus.com/tw/laptops/rog-zephyrus/rog-zephyrus-g14-2026-ga403/,2026-01-13 14:22:20,2026-10-06,True
,,CM3206,model,ASUS Chromebook CM32 Detachable (CM3206),asus,Chromebook,,,0,,0,Kompanio 540,,False,,,,,,,8,8.0,False,0,True,8.0,64/128,128.0,12.1,1600x2560,False,,,True,42,42.0,0.61,False,45,45.0,ChromeOS,,16:10,600.0,,98.0,,,鏡面,False,False,True,LPDDR5X,,eMMC,,False,1.0,0.0,False,,False,,False,Wi-Fi 7,5.4,5MP,False,False,28.86,19.55,2.4,2.5,MIL-STD 810H,無,False,False,1.35,True,False,True,False,False,True,False,鈦空金,True,https://www.asus.com/tw/laptops/for-home/chromebook/asus-chromebook-cm32-detachable-cm3206/,2026-01-06 18:59:00,2026-10-06,
,,CM1405CM4A,model,ASUS Chromebook CM14 (CM1405),asus,Chromebook,,,0,,0,Kompanio 540,,False,,,,,,,8,8.0,False,0,True,8.0,64,64.0,14.0,1920x1080,False,,,True,42,42.0,1.35,False,45,45.0,ChromeOS,,16:9,250.0,,,,45.0,霧面,False,False,False,LPDDR5X,,eMMC,,False,2.0,1.0,False,有,False,,True,Wi-Fi 6E,5.4,1080p,False,True,32.45,21.44,1.99,1.99,MIL-STD 810H,有,False,False,1.35,True,False,True,True,False,False,False,Fabric Blue,True,https://www.asus.com/tw/laptops/for-home/chromebook/asus-chromebook-cm14-cm1405/,2026-01-06 18:58:00,2026-10-06,
,,PM5606CGA,model,"ASUS ExpertBook P5 G2 (16"" AMD); Copilot+ PC",asus,ExpertBook,,50900.0,1,46900.0,4,Ryzen AI 7 445,,False,,,,,,,16,16.0,True,2,False,96.0,1024,1024.0,16.0,2560x1600,False,,,False,70,70.0,1.6,False,90,90.0,Windows 11 Pro,,16:10,400.0,,,100.0,,霧面,False,False,False,DDR5,,PCIe 4.0,2.0,False,2.0,2.0,True,2.1,True,,True,Wi-Fi 7,5.4,,True,False,35.84,25.35,0.98,1.8,MIL-STD 810H,有,True,False,1.5,True,False,True,True,True,False,False,迷霧灰,True,https://www.asus.com/tw/laptops/for-work/expertbook/asus-expertbook-p5-g2-16-amd/,2026-01-06 18:56:00,2026-10-06,
,,PM5406CGA,model,"ASUS ExpertBook P5 G2 (14"" AMD); Copilot+ PC",asus,ExpertBook,,46900.0,1,46900.0,4,Ryzen AI 7 445/Ryzen AI 5 430,,False,,,,,,,16,16.0,True,2,False,96.0,1024,1024.0,14.0,2560x1600,False,,,False,70,70.0,1.29,False,90,90.0,Windows 11 Pro,,16:10,400.0,,,100.0,,霧面,False,False,False,DDR5,,PCIe 4.0,2.0,False,2.0,2.0,True,2.1,True,,True,Wi-Fi 7,5.4,,True,False,31.27,22.71,1.04,1.8,MIL-STD 810H,有,False,False,1.5,True,False,True,True,True,False,False,迷霧灰,True,https://www.asus.com/tw/laptops/for-work/expertbook/asus-expertbook-p5-g2-14-amd/,2026-01-06 18:56:00,2026-10-06,
,,BM3406CHA,model,ASUS ExpertBook B3 G2 (14'' AMD),asus,ExpertBook,,,0,39900.0,2,Ryzen 7 260/Ryzen 5 220,,False,,,,,,,16,16.0,True,2,False,96.0,1024,1024.0,14.0,1920x1200,False,,,False,50,50.0,1.41,False,65,65.0,Windows 11 Pro,,16:10,300.0,,,,45.0,霧面,False,False,False,DDR5,,PCIe 4.0,2.0,False,2.0,2.0,True,2.1,True,,True,Wi-Fi 7,5.4,1080p,True,False,31.6,22.78,1.07,1.89,MIL-STD 810H,有,False,False,1.5,True,False,True,True,True,False,False,Gentle Grey,True,https://www.asus.com/tw/laptops/for-work/expertbook/asus-expertbook-b3-g2-14-amd/,2026-01-06 18:55:00,2026-10-06,
,,BM3606CHA,model,ASUS ExpertBook B3 G2 (16'' AMD),asus,ExpertBook,,,0,,0,Ryzen 5 220,,False,,,,,,,16,16.0,True,2,False,96.0,1024,1024.0,16.0,1920x1200,False,,,False,50,50.0,1.75,False,65,65.0,Windows 11 Pro,,16:10,300.0,,,,45.0,霧面,False,False,False,DDR5,,PCIe 4.0,2.0,False,2.0,2.0,True,2.1,True,,True,Wi-Fi 7,5.4,1080p,True,False,35.93,25.35,1.05,1.89,MIL-STD 810H,有,True,False,1.5,True,False,True,True,True,False,False,Gentle Grey,True,https://www.asus.com/tw/laptops/for-work/expertbook/asus-expertbook-b3-g2-16-amd/,2026-01-06 18:54:00,2026-10-06,
,,B5605CAA,model,"ASUS ExpertBook B5 G2 (16"" Intel); Copilot+ PC",asus,ExpertBook,,52900.0,3,52900.0,4,Core Ultra 7 355/Core Ultra 5 325,,False,,,,,,,16,16.0,True,2,False,96.0,1024,1024.0,16.0,2560x1600,False,,,False,50,50.0,1.79,True,65,65.0,Windows 11 Pro,,16:10,400.0,,,100.0,,霧面,False,False,False,DDR5,,PCIe 4.0,2.0,False,2.0,2.0,False,2.1,True,microSD/SD,True,Wi-Fi 7,6.0,1080p,True,False,35.84,25.39,1.0,1.8,MIL-STD 810H,有,True,False,1.5,True,False,True,True,True,False,False,Gentle Grey,True,https://www.asus.com/tw/laptops/for-work/expertbook/asus-expertbook-b5-g2-16-intel/,2026-01-06 18:53:00,2026-10-06,
,,B5405CAA,model,"ASUS ExpertBook B5 G2 (14"" Intel); Copilot+ PC",asus,ExpertBook,,52900.0,2,52900.0,4,Core Ultra 7 355/Core Ultra 5 325,,False,,,,,,,16,16.0,True,2,False,96.0,1024,1024.0,14.0,2560x1600,False,,,False,50,50.0,1.38,True,65,65.0,Windows 11 Pro,,16:10,400.0,,,100.0,,霧面,False,False,False,DDR5,,PCIe 4.0,2.0,False,2.0,2.0,False,2.1,True,microSD/SD,True,Wi-Fi 7,6.0,1080p,True,False,31.51,22.68,1.0,1.8,MIL-STD 810H,有,False,False,1.5,True,False,True,True,True,False,False,Gentle Grey,True,https://www.asus.com/tw/laptops/for-work/expertbook/asus-expertbook-b5-g2-14-intel/,2026-01-06 18:53:00,2026-10-06,
,,B9406CAA,model,ASUS ExpertBook Ultra; Copilot+ PC,asus,ExpertBook,,69900.0,5,69999.0,5,Core Ultra X7 358H/Core Ultra 7 356H/Core Ultra 5 325,,False,,,,,,,16/32/64,64.0,False,0,True,64.0,1024/2048,2048.0,14.0,2880x1800,True,,,True,70,70.0,0.99,True,90,90.0,Windows 11 Pro,OLED,16:10,,1400.0,100.0,,,霧面,False,False,False,LPDDR5X,,PCIe 4.0,,False,2.0,2.0,False,2.1,False,,True,Wi-Fi 7,6.0,1080p,False,False,31.09,21.28,1.09,1.64,MIL-STD 810H,有,False,False,1.5,False,False,True,False,True,False,False,Morn Grey 晨曦灰 / Jet Fog 霧影黑,True,https://www.asus.com/tw/laptops/for-work/expertbook/asus-expertbook-ultra/,2026-01-06 18:52:00,2026-10-06,
,,FA401GM,model,ASUS TUF Gaming A14 (2026) FA401GM,asus,TUF-Gaming,,68999.0,4,68999.0,1,Ryzen AI 9 465,,True,GeForce RTX 5060,105.0,90.0,1737.0,8,8.0,32,32.0,False,0,True,32.0,1024,1024.0,14.0,2560x1600,False,165,165.0,False,73,73.0,1.46,False,200,200.0,Windows 11 Home,IPS,16:10,,,,100.0,,霧面,True,True,False,LPDDR5X,,PCIe 4.0,2.0,False,2.0,2.0,True,2.1,False,microSD/SD,True,Wi-Fi 6E,5.2,1080p,True,False,31.1,22.7,1.69,1.99,,有,False,False,,False,True,False,True,False,False,False,,True,https://www.asus.com/tw/laptops/for-gaming/tuf-gaming/asus-tuf-gaming-a14-2026-fa401gm/,2026-01-06 17:19:00,2026-10-06,
,,FA401EA,model,ASUS TUF Gaming A14 (2026) FA401EA,asus,TUF-Gaming,,62799.0,1,,0,Ryzen AI MAX+ 392/Ryzen AI MAX+ 388,,False,,,,,,,24/32,32.0,False,0,True,32.0,1024,1024.0,14.0,2560x1600,False,165,165.0,False,73,73.0,1.48,False,200,200.0,Windows 11 Home,IPS,16:10,,,,100.0,,霧面,False,False,False,LPDDR5X,8533.0,PCIe 4.0,2.0,False,2.0,2.0,True,2.1,False,microSD/SD,True,Wi-Fi 6E,5.4,1080p,True,False,31.1,22.7,1.69,1.99,,有,False,False,,False,True,False,True,False,False,False,,True,https://www.asus.com/tw/laptops/for-gaming/tuf-gaming/asus-tuf-gaming-a14-2026-fa401ea/,2026-01-06 17:19:00,2026-10-06,
90NB16V1-M00430,UX8407AA-0033I388H,UX8407AA,sku,ASUS Zenbook DUO (UX8407); Copilot+ PC,asus,Zenbook,109999.0,,0,,0,Core Ultra X9 388H,,False,,,,,,,32,32.0,False,0,True,32.0,1024,1024.0,14.0,2880x1800,True,144,144.0,True,99,99.0,1.65,True,100,100.0,Windows 11 Home,OLED,16:10,500.0,1000.0,100.0,,,霧面,False,False,True,LPDDR5X,,PCIe 4.0,1.0,False,2.0,1.0,False,2.1,False,,True,Wi-Fi 7,5.4,1080p,True,False,31.01,20.86,1.96,2.34,MIL-STD 810H,有,False,False,1.7,False,True,True,False,False,False,False,莫赫灰,True,https://www.asus.com/tw/laptops/for-home/zenbook/asus-zenbook-duo-ux8407/,2025-12-11 17:01:00,2026-10-06,True
90NB16V1-M00UR0,UX8407AA-0083I358H,UX8407AA,sku,ASUS Zenbook DUO (UX8407); Copilot+ PC,asus,Zenbook,84999.0,84999.0,3,84999.0,1,Core Ultra X7 358H,,False,,,,,,,16,16.0,False,0,True,16.0,512,512.0,14.0,2880x1800,True,144,144.0,True,99,99.0,1.65,True,100,100.0,Windows 11 Home,OLED,16:10,500.0,1000.0,100.0,,,霧面,False,False,True,LPDDR5X,,PCIe 4.0,1.0,False,2.0,1.0,False,2.1,False,,True,Wi-Fi 7,5.4,1080p,True,False,31.01,20.86,1.96,2.34,MIL-STD 810H,有,False,False,1.7,False,True,True,False,False,False,False,莫赫灰,True,https://www.asus.com/tw/laptops/for-home/zenbook/asus-zenbook-duo-ux8407/,2025-12-11 17:01:00,2026-10-06,True
90NB1861-M00180,HT7407NA-0033K88100,HT7407NA,sku,ProArt PZ14 (HT7407); Copilot+ PC,asus,ProArt,,69999.0,4,69999.0,2,Snapdragon X2 Elite X2E-88-100,,False,,,,,,,16,16.0,False,0,True,16.0,512,512.0,14.0,2880x1800,True,144,144.0,True,75,75.0,0.79,False,68,68.0,Windows 11 Home,OLED,16:10,500.0,1000.0,100.0,,,霧面,False,False,True,LPDDR5X,,PCIe 4.0,1.0,False,2.0,0.0,True,,False,SD Express/SD,False,Wi-Fi 7,6.0,720p,True,False,31.96,20.64,0.9,0.9,,有,False,False,1.7,True,True,True,False,True,False,False,曜夜黑,True,https://www.asus.com/tw/laptops/for-creators/proart/proart-pz14-ht7407/,2025-12-11 15:49:00,2026-10-06,True
90NB17W1-M002H0,UX3607OA-0022D94100,UX3607OA,sku,ASUS Zenbook A16 (UX3607); Copilot+ PC,asus,Zenbook,,,0,,0,Snapdragon X2 Elite Extreme X2E-94-100,,False,,,,,,,48,48.0,False,0,True,48.0,1024,1024.0,16.0,2880x1800,True,120,120.0,False,70,70.0,1.2,False,130,130.0,Windows 11 Home,OLED,16:10,500.0,1100.0,100.0,,,,False,False,False,LPDDR5X,,PCIe 4.0,1.0,False,2.0,1.0,True,2.1,False,SD,True,Wi-Fi 7,6.0,1080p,True,False,35.35,24.24,1.38,1.65,MIL-STD 810H,有,False,False,1.3,False,True,True,False,True,False,False,沙暮金,True,https://www.asus.com/tw/laptops/for-home/zenbook/asus-zenbook-a16-ux3607/,2025-12-11 15:18:00,2026-10-06,True
90NB17W1-M00730,UX3607OA-0032D94100,UX3607OA,sku,ASUS Zenbook A16 (UX3607); Copilot+ PC,asus,Zenbook,,76999.0,3,76999.0,1,Snapdragon X2 Elite Extreme X2E-94-100,,False,,,,,,,24,24.0,False,0,True,24.0,1024,1024.0,16.0,2880x1800,True,120,120.0,False,70,70.0,1.2,False,130,130.0,Windows 11 Home,OLED,16:10,500.0,1100.0,100.0,,,,False,False,False,LPDDR5X,,PCIe 4.0,1.0,False,2.0,1.0,True,2.1,False,SD,True,Wi-Fi 7,6.0,1080p,True,False,35.35,24.24,1.38,1.65,MIL-STD 810H,有,False,False,1.3,False,True,True,False,True,False,False,沙暮金,True,https://www.asus.com/tw/laptops/for-home/zenbook/asus-zenbook-a16-ux3607/,2025-12-11 15:18:00,2026-10-06,True
90NB18L1-M00420,UX3607QA-0052D26100,UX3607QA,sku,ASUS Zenbook A16 (UX3607); Copilot+ PC,asus,Zenbook,41999.0,41999.0,5,41999.0,3,Snapdragon X X1-26-100,,False,,,,,,,16,16.0,False,0,True,16.0,512,512.0,16.0,1920x1200,True,60,60.0,False,70,70.0,1.1,False,68,68.0,Windows 11 Home,OLED,16:10,300.0,,95.0,,,,False,False,False,LPDDR5X,,PCIe 4.0,1.0,False,2.0,1.0,True,2.1,False,SD,True,Wi-Fi 6E,5.3,1080p,True,False,35.35,24.24,1.38,1.65,MIL-STD 810H,有,False,False,1.3,False,True,True,False,True,False,False,沙暮金,True,https://www.asus.com/tw/laptops/for-home/zenbook/asus-zenbook-a16-ux3607/,2025-12-11 15:18:00,2026-10-06,True
90NB18L5-M00430,UX3607QA-0062G26100,UX3607QA,sku,ASUS Zenbook A16 (UX3607); Copilot+ PC,asus,Zenbook,41999.0,41999.0,5,41999.0,3,Snapdragon X X1-26-100,,False,,,,,,,16,16.0,False,0,True,16.0,512,512.0,16.0,1920x1200,True,60,60.0,False,70,70.0,1.1,False,68,68.0,Windows 11 Home,OLED,16:10,300.0,,95.0,,,,False,False,False,LPDDR5X,,PCIe 4.0,1.0,False,2.0,1.0,True,2.1,False,SD,True,Wi-Fi 6E,5.3,1080p,True,False,35.35,24.24,1.38,1.65,MIL-STD 810H,有,False,False,1.3,False,True,True,False,True,False,False,冰岩灰,True,https://www.asus.com/tw/laptops/for-home/zenbook/asus-zenbook-a16-ux3607/,2025-12-11 15:18:00,2026-10-06,True
90NB17X2-M00280,HN7306EAC-0028K395,HN7306EAC,sku,ProArt GoPro Edition (PX13 | HN7306); Copilot+ PC,asus,ProArt,,,0,,0,Ryzen AI MAX+ 395,,False,,,,,,,128,128.0,False,0,True,128.0,1024,1024.0,13.3,2880x1800,True,60,60.0,True,73,73.0,1.39,False,200,200.0,Windows 11 Home,OLED,16:10,400.0,500.0,100.0,,,,False,False,True,LPDDR5X,,PCIe 4.0,1.0,False,2.0,1.0,True,2.1,False,microSD/SD,True,Wi-Fi 7,5.4,1080p,True,False,29.82,20.99,1.58,1.77,MIL-STD 810H,有,False,False,1.7,False,True,False,False,True,False,False,曜夜黑,True,https://www.asus.com/tw/laptops/for-creators/proart/proart-gopro-edition-px13-hn7306/,2025-12-11 15:13:00,2026-10-06,True
90NB10J1-M00MB0,F1504VA-0221B1335U,F1504VA,sku,"Vivobook 15 (F1504, 13th Gen Intel)",asus,Vivobook,,,0,,0,Core i5-1335U,,False,,,,,,,8,8.0,True,1,True,16.0,512,512.0,15.6,1920x1080,False,60,60.0,False,42,42.0,1.7,False,45,45.0,Windows 11 Home,IPS,16:9,250.0,,,,45.0,霧面,False,False,False,DDR4,,PCIe 3.0,1.0,False,1.0,3.0,False,1.4,False,,True,Wi-Fi 6E,5.3,720p,False,True,35.97,23.25,1.79,1.79,MIL-STD 810H,無,False,False,1.4,False,False,False,True,False,False,False,午夜藍,True,https://www.asus.com/tw/laptops/for-home/vivobook/vivobook-15-f1504-13th-gen-intel/,2025-08-26 11:13:00,2026-10-06,True
,,B1508CV,model,"ExpertBook B1 (B1508,第13代 Intel處理器)",asus,LP5-113046,,,0,,0,Core i7-1355U/Core i5-1335U,,False,,,,,,,16,16.0,True,1,True,48.0,512,512.0,15.6,1920x1080,False,,,False,42,42.0,1.69,False,65,65.0,Windows 11 Pro,,16:9,250.0,,,,45.0,霧面,False,False,False,DDR4,,PCIe 4.0,1.0,False,2.0,2.0,False,1.4,True,,True,Wi-Fi 6E,5.3,720p,False,False,36.16,23.3,1.99,1.99,MIL-STD 810H,有,False,False,1.4,True,False,True,True,True,False,False,星夜黑,True,https://www.asus.com/tw/laptops/gov-procurement/lp5-113046/expertbook-b1-b1508cv/,2025-07-23 17:00:00,2026-10-06,
,,K3607V,model,ASUS K16 (K3607V),asus,LP5-113046,,,0,,0,Core 5 210H,,True,GeForce RTX 3050,,,,6,6.0,16,16.0,True,2,False,32.0,512,512.0,16.0,1920x1200,False,144,144.0,False,63,63.0,1.95,False,150,150.0,Windows 11 Pro,,16:10,300.0,,,,45.0,霧面,False,False,False,DDR5,5600.0,PCIe 4.0,1.0,False,1.0,2.0,False,2.1,False,,True,Wi-Fi 6,5.2,1080p,False,True,35.7,25.07,1.8,2.2,MIL-STD 810H,有,True,False,1.5,False,False,False,True,True,False,False,靜謐黑,True,https://www.asus.com/tw/laptops/gov-procurement/lp5-113046/asus-k16-k3607v/,2025-07-16 17:22:00,2026-10-06,
,,B3608CCA,model,ASUS ExpertBook B3 (B3608CCA),asus,LP5-113046,,32999.0,4,32999.0,3,Core Ultra 7 155H/Core Ultra 5 125H,,False,,,,,,,16,16.0,True,2,False,,512,512.0,16.0,1920x1200,False,,,False,50,50.0,1.78,False,65,65.0,Windows 11 Pro,,16:10,300.0,,,,45.0,霧面,False,False,False,DDR5,,PCIe 4.0,2.0,False,2.0,2.0,False,2.1,True,microSD/SD,True,Wi-Fi 6E,5.3,1080p,True,False,35.84,25.39,1.05,1.9,MIL-STD 810H,有,True,False,1.5,True,False,True,True,True,False,False,Gentle Grey,True,https://www.asus.com/tw/laptops/gov-procurement/lp5-113046/asus-expertbook-b3-b3608cca/,2025-07-16 17:21:00,2026-10-06,
,,B3408CCA,model,ASUS ExpertBook B3 (B3408CCA),asus,LP5-113046,,,0,35999.0,1,Core Ultra 7 155H/Core Ultra 5 125H,,False,,,,,,,16,16.0,True,2,False,,512,512.0,14.0,1920x1200,False,,,False,50,50.0,1.42,False,65,65.0,Windows 11 Pro,,16:10,300.0,,,,45.0,霧面,False,False,False,DDR5,,PCIe 4.0,2.0,False,2.0,2.0,False,2.1,True,microSD/SD,True,Wi-Fi 6E,5.3,1080p,True,False,31.51,22.68,1.05,1.9,MIL-STD 810H,有,False,False,1.5,True,False,True,True,True,False,False,Gentle Grey,True,https://www.asus.com/tw/laptops/gov-procurement/lp5-113046/asus-expertbook-b3-b3408cca/,2025-07-16 17:21:00,2026-10-06,
,,B1409CVA,model,ASUS ExpertBook B1 (B1409CVA),asus,LP5-113046,,,0,26999.0,2,Core 7 150U/Core 5 120U,,False,,,,,,,16,16.0,True,2,False,,512,512.0,14.0,1920x1080,False,,,False,42,42.0,1.4,False,65,65.0,Windows 11 Pro,,16:9,300.0,,,,45.0,霧面,False,False,False,DDR5,,PCIe 4.0,2.0,False,2.0,2.0,False,1.4,True,,True,Wi-Fi 6E,5.3,720p,False,False,32.45,21.44,1.97,1.97,MIL-STD 810H,有,False,False,1.35,False,False,True,True,True,False,False,Gentle Grey,True,https://www.asus.com/tw/laptops/gov-procurement/lp5-113046/asus-expertbook-b1-b1409cva/,2025-07-03 13:22:00,2026-10-06,
,,B1509CVA,model,ASUS ExpertBook B1 (B1509CVA),asus,LP5-113046,,36900.0,1,,0,Core 7 150U/Core 5 120U,,False,,,,,,,16,16.0,True,2,False,,512,512.0,15.6,1920x1080,False,,,False,42,42.0,1.64,False,65,65.0,Windows 11 Pro,,16:9,300.0,,,,45.0,霧面,False,False,False,DDR5,,PCIe 4.0,2.0,False,2.0,2.0,False,1.4,True,,True,Wi-Fi 6E,5.3,720p,False,False,35.95,23.22,1.99,1.99,MIL-STD 810H,有,True,False,1.35,True,False,True,True,True,False,False,Gentle Grey,True,https://www.asus.com/tw/laptops/gov-procurement/lp5-113046/asus-expertbook-b1-b1509cva/,2025-07-03 13:21:00,2026-10-06,
,,PM3406CKA,model,ASUS ExpertBook P3 (PM3406); Copilot+ PC,asus,ExpertBook,,43900.0,1,43900.0,1,Ryzen AI 7 350/Ryzen AI 5 330,,False,,,,,,,16,16.0,True,2,False,,1024,1024.0,14.0,2560x1600,False,,,False,70,70.0,1.34,False,65/90,90.0,Windows 11 Pro,,16:10,400.0,,,100.0,,霧面,False,False,False,DDR5,,PCIe 4.0,2.0,False,2.0,2.0,False,2.1,True,,True,Wi-Fi 7,5.4,1080p,True,False,31.27,22.71,1.79,1.8,MIL-STD 810H,有,False,False,1.5,True,False,True,True,True,False,False,迷霧灰,True,https://www.asus.com/tw/laptops/for-work/expertbook/asus-expertbook-p3-pm3406/,2025-05-20 13:36:00,2026-10-06,
,,PM3606CKA,model,ASUS ExpertBook P3 (PM3606); Copilot+ PC,asus,ExpertBook,,43900.0,1,43900.0,3,Ryzen AI 7 350/Ryzen AI 5 330,,False,,,,,,,16,16.0,True,2,False,,1024,1024.0,16.0,2560x1600,False,,,False,70,70.0,1.74,False,65/90,90.0,Windows 11 Pro,,16:10,400.0,,,100.0,,霧面,False,False,False,DDR5,,PCIe 4.0,2.0,False,2.0,2.0,False,2.1,True,,True,Wi-Fi 7,5.4,1080p,True,False,35.84,25.35,1.79,1.8,MIL-STD 810H,有,True,False,1.5,True,False,True,True,True,False,False,迷霧灰,True,https://www.asus.com/tw/laptops/for-work/expertbook/asus-expertbook-p3-pm3606/,2025-05-20 13:35:00,2026-10-06,
,,FA401KM,model,ASUS TUF Gaming A14 (2025),asus,TUF-Gaming,,,0,,0,Ryzen AI 7 350,,True,GeForce RTX 5060,105.0,90.0,1737.0,8,8.0,32,32.0,False,0,True,32.0,1024,1024.0,14.0,2560x1600,False,165,165.0,False,73,73.0,1.46,False,200,200.0,Windows 11 Home,IPS,16:10,,,,100.0,,霧面,True,True,False,LPDDR5X,7500.0,PCIe 4.0,2.0,False,2.0,2.0,True,2.1,False,microSD/SD,True,Wi-Fi 6E,5.2,1080p,True,False,31.1,22.7,1.69,1.99,,有,False,False,,False,True,False,True,False,False,False,,True,https://www.asus.com/tw/laptops/for-gaming/tuf-gaming/asus-tuf-gaming-a14-2025/,2025-04-14 18:09:00,2026-10-06,
90NB1671-M00530,S3607VA-0052S13420H,S3607VA,sku,ASUS Vivobook S16 (S3607),asus,Vivobook,,,0,,0,Core i5-13420H,,False,,,,,,,16,16.0,True,1,True,16.0,512,512.0,16.0,1920x1200,False,144,144.0,False,70,70.0,1.7,False,65,65.0,Windows 11 Home,IPS,16:10,300.0,,,,45.0,霧面,False,False,False,DDR5,,PCIe 4.0,1.0,False,2.0,2.0,False,1.4,False,,True,Wi-Fi 6,5.2,1080p,True,True,35.7,25.06,1.59,1.79,MIL-STD 810H,有,True,False,1.7,False,False,True,True,True,False,False,酷玩銀,True,https://www.asus.com/tw/laptops/for-home/vivobook/asus-vivobook-s16-s3607/,2025-03-13 14:55:00,2026-10-06,True
90NB1672-M00520,S3607VA-0042G13420H,S3607VA,sku,ASUS Vivobook S16 (S3607),asus,Vivobook,,,0,,0,Core i5-13420H,,False,,,,,,,16,16.0,True,1,True,16.0,512,512.0,16.0,1920x1200,False,144,144.0,False,70,70.0,1.7,False,65,65.0,Windows 11 Home,IPS,16:10,300.0,,,,45.0,霧面,False,False,False,DDR5,,PCIe 4.0,1.0,False,2.0,2.0,False,1.4,False,,True,Wi-Fi 6,5.2,1080p,True,True,35.7,25.06,1.59,1.79,MIL-STD 810H,有,True,False,1.7,False,False,True,True,True,False,False,夜幕灰,True,https://www.asus.com/tw/laptops/for-home/vivobook/asus-vivobook-s16-s3607/,2025-03-13 14:55:00,2026-10-06,True
90NB16I1-M005P0,S3607CA-0092S225H,S3607CA,sku,ASUS Vivobook S16 (S3607),asus,Vivobook,,,0,,0,Core Ultra 5 225H,,False,,,,,,,16,16.0,True,1,True,32.0,1024,1024.0,16.0,1920x1200,False,144,144.0,False,70,70.0,1.7,False,65,65.0,Windows 11 Home,IPS,16:10,300.0,,,,45.0,霧面,False,False,False,DDR5,,PCIe 4.0,1.0,False,2.0,2.0,False,1.4,False,,True,Wi-Fi 6,5.2,1080p,True,True,35.7,25.06,1.59,1.79,MIL-STD 810H,有,True,False,1.7,False,True,True,True,True,False,False,酷玩銀,True,https://www.asus.com/tw/laptops/for-home/vivobook/asus-vivobook-s16-s3607/,2025-03-13 14:55:00,2026-10-06,True
90NB16I1-M005R0,S3607CA-0102S255H,S3607CA,sku,ASUS Vivobook S16 (S3607),asus,Vivobook,,,0,,0,Core Ultra 7 255H,,False,,,,,,,16,16.0,True,1,True,32.0,1024,1024.0,16.0,1920x1200,False,144,144.0,False,70,70.0,1.7,False,65,65.0,Windows 11 Home,IPS,16:10,300.0,,,,45.0,霧面,False,False,False,DDR5,,PCIe 4.0,1.0,False,2.0,2.0,False,1.4,False,,True,Wi-Fi 6,5.2,1080p,True,True,35.7,25.06,1.59,1.79,MIL-STD 810H,有,True,False,1.7,False,True,True,True,True,False,False,酷玩銀,True,https://www.asus.com/tw/laptops/for-home/vivobook/asus-vivobook-s16-s3607/,2025-03-13 14:55:00,2026-10-06,True
90NB16I1-M007T0,S3607CA-0132S225H,S3607CA,sku,ASUS Vivobook S16 (S3607),asus,Vivobook,,,0,,0,Core Ultra 5 225H,,False,,,,,,,16,16.0,True,1,True,32.0,1024,1024.0,16.0,1920x1200,True,60,60.0,False,70,70.0,1.7,False,65,65.0,Windows 11 Home,OLED,16:10,300.0,,95.0,,,鏡面,False,False,False,DDR5,,PCIe 4.0,1.0,False,2.0,2.0,False,1.4,False,,True,Wi-Fi 6,5.2,1080p,True,True,35.7,25.06,1.59,1.79,MIL-STD 810H,有,True,False,1.7,False,True,True,True,True,False,False,酷玩銀,True,https://www.asus.com/tw/laptops/for-home/vivobook/asus-vivobook-s16-s3607/,2025-03-13 14:55:00,2026-10-06,True
90NB16I1-M007U0,S3607CA-0142S255H,S3607CA,sku,ASUS Vivobook S16 (S3607),asus,Vivobook,,,0,,0,Core Ultra 7 255H,,False,,,,,,,16,16.0,True,1,True,32.0,1024,1024.0,16.0,1920x1200,True,60,60.0,False,70,70.0,1.7,False,65,65.0,Windows 11 Home,OLED,16:10,300.0,,95.0,,,鏡面,False,False,False,DDR5,,PCIe 4.0,1.0,False,2.0,2.0,False,1.4,False,,True,Wi-Fi 6,5.2,1080p,True,True,35.7,25.06,1.59,1.79,MIL-STD 810H,有,True,False,1.7,False,True,True,True,True,False,False,酷玩銀,True,https://www.asus.com/tw/laptops/for-home/vivobook/asus-vivobook-s16-s3607/,2025-03-13 14:55:00,2026-10-06,True
90NB16I2-M005M0,S3607CA-0082G225H,S3607CA,sku,ASUS Vivobook S16 (S3607),asus,Vivobook,,,0,37999.0,1,Core Ultra 5 225H,,False,,,,,,,16,16.0,True,1,True,32.0,512,512.0,16.0,1920x1200,False,144,144.0,False,70,70.0,1.7,False,65,65.0,Windows 11 Home,IPS,16:10,300.0,,,,45.0,霧面,False,False,False,DDR5,,PCIe 4.0,1.0,False,2.0,2.0,False,1.4,False,,True,Wi-Fi 6,5.2,1080p,True,True,35.7,25.06,1.59,1.79,MIL-STD 810H,有,True,False,1.7,False,True,True,True,True,False,False,夜幕灰,True,https://www.asus.com/tw/laptops/for-home/vivobook/asus-vivobook-s16-s3607/,2025-03-13 14:55:00,2026-10-06,True
90NB16I2-M005S0,S3607CA-0112G255H,S3607CA,sku,ASUS Vivobook S16 (S3607),asus,Vivobook,,,0,,0,Core Ultra 7 255H,,False,,,,,,,16,16.0,True,1,True,32.0,1024,1024.0,16.0,1920x1200,False,144,144.0,False,70,70.0,1.7,False,65,65.0,Windows 11 Home,IPS,16:10,300.0,,,,45.0,霧面,False,False,False,DDR5,,PCIe 4.0,1.0,False,2.0,2.0,False,1.4,False,,True,Wi-Fi 6,5.2,1080p,True,True,35.7,25.06,1.59,1.79,MIL-STD 810H,有,True,False,1.7,False,True,True,True,True,False,False,夜幕灰,True,https://www.asus.com/tw/laptops/for-home/vivobook/asus-vivobook-s16-s3607/,2025-03-13 14:55:00,2026-10-06,True
90NB16I2-M00620,S3607CA-0122G225H,S3607CA,sku,ASUS Vivobook S16 (S3607),asus,Vivobook,,,0,,0,Core Ultra 5 225H,,False,,,,,,,16,16.0,True,1,True,32.0,512,512.0,16.0,1920x1200,True,60,60.0,False,70,70.0,1.7,False,65,65.0,Windows 11 Home,OLED,16:10,300.0,,95.0,,,鏡面,False,False,False,DDR5,,PCIe 4.0,1.0,False,2.0,2.0,False,1.4,False,,True,Wi-Fi 6,5.2,1080p,True,True,35.7,25.06,1.59,1.79,MIL-STD 810H,有,True,False,1.7,False,True,True,True,True,False,False,夜幕灰,True,https://www.asus.com/tw/laptops/for-home/vivobook/asus-vivobook-s16-s3607/,2025-03-13 14:55:00,2026-10-06,False
90NB16I2-M007V0,S3607CA-0152G255H,S3607CA,sku,ASUS Vivobook S16 (S3607),asus,Vivobook,,,0,,0,Core Ultra 7 255H,,False,,,,,,,16,16.0,True,1,True,32.0,1024,1024.0,16.0,1920x1200,True,60,60.0,False,70,70.0,1.7,False,65,65.0,Windows 11 Home,OLED,16:10,300.0,,95.0,,,鏡面,False,False,False,DDR5,,PCIe 4.0,1.0,False,2.0,2.0,False,1.4,False,,True,Wi-Fi 6,5.2,1080p,True,True,35.7,25.06,1.59,1.79,MIL-STD 810H,有,True,False,1.7,False,True,True,True,True,False,False,夜幕灰,True,https://www.asus.com/tw/laptops/for-home/vivobook/asus-vivobook-s16-s3607/,2025-03-13 14:55:00,2026-10-06,True
90NB16I2-M008V0,S3607CA-0162G225H,S3607CA,sku,ASUS Vivobook S16 (S3607),asus,Vivobook,,,0,,0,Core Ultra 5 225H,,False,,,,,,,16,16.0,True,1,True,32.0,512,512.0,16.0,1920x1200,True,60,60.0,False,70,70.0,1.7,False,65,65.0,Windows 11 Home,OLED,16:10,300.0,,95.0,,,鏡面,False,False,False,DDR5,,PCIe 4.0,1.0,False,2.0,2.0,False,1.4,False,,True,Wi-Fi 6,5.2,1080p,True,True,35.7,25.06,1.59,1.79,MIL-STD 810H,有,True,False,1.7,False,True,True,False,False,False,False,夜幕灰,True,https://www.asus.com/tw/laptops/for-home/vivobook/asus-vivobook-s16-s3607/,2025-03-13 14:55:00,2026-10-06,True
90NB16I2-M00CC0,S3607CA-0182G225H,S3607CA,sku,ASUS Vivobook S16 (S3607),asus,Vivobook,,37999.0,5,37999.0,2,Core Ultra 5 225H,,False,,,,,,,16,16.0,True,1,True,32.0,512,512.0,16.0,1920x1200,True,60,60.0,False,70,70.0,1.7,False,65,65.0,Windows 11 Home,OLED,16:10,300.0,,95.0,,,鏡面,False,False,False,DDR5,,PCIe 4.0,1.0,False,2.0,2.0,False,1.4,False,,True,Wi-Fi 6,5.2,1080p,True,True,35.7,25.06,1.59,1.79,MIL-STD 810H,有,True,False,1.7,False,True,True,True,True,False,False,夜幕灰,True,https://www.asus.com/tw/laptops/for-home/vivobook/asus-vivobook-s16-s3607/,2025-03-13 14:55:00,2026-10-06,False
90NB1731-M002H0,S3607AA-0062S325,S3607AA,sku,ASUS Vivobook S16 (S3607),asus,Vivobook,37999.0,37999.0,2,37999.0,3,Core Ultra 5 325,,False,,,,,,,16,16.0,True,1,True,32.0,512,512.0,16.0,1920x1200,True,60,60.0,False,70,70.0,1.7,False,68,68.0,Windows 11 Home,OLED,16:10,300.0,,95.0,,,鏡面,False,False,False,DDR5,,PCIe 4.0,1.0,False,2.0,2.0,False,2.1,False,,True,Wi-Fi 6,5.4,1080p,True,True,35.7,25.06,1.59,1.79,MIL-STD 810H,有,True,False,1.7,False,True,True,True,True,False,False,酷玩銀,True,https://www.asus.com/tw/laptops/for-home/vivobook/asus-vivobook-s16-s3607/,2025-03-13 14:55:00,2026-10-06,True
90NB1732-M002F0,S3607AA-0052G325,S3607AA,sku,ASUS Vivobook S16 (S3607),asus,Vivobook,37999.0,37999.0,1,37999.0,4,Core Ultra 5 325,,False,,,,,,,16,16.0,True,1,True,32.0,512,512.0,16.0,1920x1200,True,60,60.0,False,70,70.0,1.7,False,68,68.0,Windows 11 Home,OLED,16:10,300.0,,95.0,,,鏡面,False,False,False,DDR5,,PCIe 4.0,1.0,False,2.0,2.0,False,2.1,False,,True,Wi-Fi 6,5.4,1080p,True,True,35.7,25.06,1.59,1.79,MIL-STD 810H,有,True,False,1.7,False,True,True,True,True,False,False,夜幕灰,True,https://www.asus.com/tw/laptops/for-home/vivobook/asus-vivobook-s16-s3607/,2025-03-13 14:55:00,2026-10-06,True
90NB1733-M00AH0,S3607AA-0072C325,S3607AA,sku,ASUS Vivobook S16 (S3607),asus,Vivobook,37999.0,37999.0,1,37999.0,3,Core Ultra 5 325,,False,,,,,,,16,16.0,True,1,True,32.0,512,512.0,16.0,1920x1200,True,60,60.0,False,70,70.0,1.7,False,68,68.0,Windows 11 Home,OLED,16:10,300.0,,95.0,,,鏡面,False,False,False,DDR5,,PCIe 4.0,1.0,False,2.0,2.0,False,2.1,False,,True,Wi-Fi 6,5.4,1080p,True,True,35.7,25.06,1.59,1.79,MIL-STD 810H,有,True,False,1.7,False,True,True,True,True,False,False,瑰蜜粉,True,https://www.asus.com/tw/laptops/for-home/vivobook/asus-vivobook-s16-s3607/,2025-03-13 14:55:00,2026-10-06,True
90NB1734-M00AJ0,S3607AA-0082E325,S3607AA,sku,ASUS Vivobook S16 (S3607),asus,Vivobook,37999.0,37999.0,2,37999.0,3,Core Ultra 5 325,,False,,,,,,,16,16.0,True,1,True,32.0,512,512.0,16.0,1920x1200,True,60,60.0,False,70,70.0,1.7,False,68,68.0,Windows 11 Home,OLED,16:10,300.0,,95.0,,,鏡面,False,False,False,DDR5,,PCIe 4.0,1.0,False,2.0,2.0,False,2.1,False,,True,Wi-Fi 6,5.4,1080p,True,True,35.7,25.06,1.59,1.79,MIL-STD 810H,有,True,False,1.7,False,True,True,True,True,False,False,開心果綠,True,https://www.asus.com/tw/laptops/for-home/vivobook/asus-vivobook-s16-s3607/,2025-03-13 14:55:00,2026-10-06,True
90NB1681-M004M0,S3407VA-0062S13420H,S3407VA,sku,ASUS Vivobook S14 (S3407),asus,Vivobook,,,0,,0,Core i5-13420H,,False,,,,,,,16,16.0,True,1,True,16.0,512,512.0,14.0,1920x1200,False,60,60.0,False,70,70.0,1.4,False,65,65.0,Windows 11 Home,IPS,16:10,300.0,,,,45.0,霧面,False,False,False,DDR5,,PCIe 4.0,1.0,False,2.0,2.0,False,1.4,False,,True,Wi-Fi 6,5.2,1080p,True,True,31.52,22.34,1.59,1.79,MIL-STD 810H,有,False,False,1.7,False,True,True,True,True,False,False,酷玩銀,True,https://www.asus.com/tw/laptops/for-home/vivobook/asus-vivobook-s14-s3407/,2025-03-13 14:34:00,2026-10-06,True
90NB1681-M007N0,S3407VA-0122S210H,S3407VA,sku,ASUS Vivobook S14 (S3407),asus,Vivobook,,,0,,0,Core 5 210H,,False,,,,,,,16,16.0,True,1,True,16.0,512,512.0,14.0,1920x1200,False,60,60.0,False,70,70.0,1.4,False,65,65.0,Windows 11 Home,IPS,16:10,300.0,,,,45.0,霧面,False,False,False,DDR5,,PCIe 4.0,1.0,False,2.0,2.0,False,1.4,False,,True,Wi-Fi 6,5.2,1080p,True,True,31.52,22.34,1.59,1.79,MIL-STD 810H,有,False,False,1.7,False,True,True,True,True,False,False,酷玩銀,True,https://www.asus.com/tw/laptops/for-home/vivobook/asus-vivobook-s14-s3407/,2025-03-13 14:34:00,2026-10-06,True
90NB1682-M004L0,S3407VA-0052G13420H,S3407VA,sku,ASUS Vivobook S14 (S3407),asus,Vivobook,,,0,,0,Core i5-13420H,,False,,,,,,,16,16.0,True,1,True,16.0,512,512.0,14.0,1920x1200,False,60,60.0,False,70,70.0,1.4,False,65,65.0,Windows 11 Home,IPS,16:10,300.0,,,,45.0,霧面,False,False,False,DDR5,,PCIe 4.0,1.0,False,2.0,2.0,False,1.4,False,,True,Wi-Fi 6,5.2,1080p,True,True,31.52,22.34,1.59,1.79,MIL-STD 810H,有,False,False,1.7,False,True,True,True,True,False,False,夜幕灰,True,https://www.asus.com/tw/laptops/for-home/vivobook/asus-vivobook-s14-s3407/,2025-03-13 14:34:00,2026-10-06,True
90NB1682-M007M0,S3407VA-0112G210H,S3407VA,sku,ASUS Vivobook S14 (S3407),asus,Vivobook,,,0,,0,Core 5 210H,,False,,,,,,,16,16.0,True,1,True,16.0,512,512.0,14.0,1920x1200,False,60,60.0,False,70,70.0,1.4,False,65,65.0,Windows 11 Home,IPS,16:10,300.0,,,,45.0,霧面,False,False,False,DDR5,,PCIe 4.0,1.0,False,2.0,2.0,False,1.4,False,,True,Wi-Fi 6,5.2,1080p,True,True,31.52,22.34,1.59,1.79,MIL-STD 810H,有,False,False,1.7,False,True,True,True,True,False,False,夜幕灰,True,https://www.asus.com/tw/laptops/for-home/vivobook/asus-vivobook-s14-s3407/,2025-03-13 14:34:00,2026-10-06,True
90NB16J2-M006U0,S3407CA-0062G225H,S3407CA,sku,ASUS Vivobook S14 (S3407),asus,Vivobook,,,0,,0,Core Ultra 5 225H,,False,,,,,,,16,16.0,True,1,True,32.0,512,512.0,14.0,1920x1200,False,60,60.0,False,70,70.0,1.4,False,65,65.0,Windows 11 Home,IPS,16:10,300.0,,,,45.0,霧面,False,False,False,DDR5,,PCIe 4.0,1.0,False,2.0,2.0,False,1.4,False,,True,Wi-Fi 6,5.2,1080p,True,True,31.52,22.34,1.59,1.79,MIL-STD 810H,有,False,False,1.7,False,True,True,True,True,False,False,夜幕灰,True,https://www.asus.com/tw/laptops/for-home/vivobook/asus-vivobook-s14-s3407/,2025-03-13 14:34:00,2026-10-06,True
90NB16E1-M005P0,M3407HA-0042G270H,M3407HA,sku,ASUS Vivobook S14 (M3407),asus,Vivobook,,,0,,0,Ryzen 9 270,,False,,,,,,,16,16.0,True,1,True,32.0,512,512.0,14.0,2560x1600,False,60,60.0,False,70,70.0,1.4,False,65,65.0,Windows 11 Home,IPS,16:10,400.0,,,100.0,,霧面,False,False,False,DDR5,,PCIe 4.0,1.0,False,2.0,2.0,False,2.1,False,,True,Wi-Fi 6,5.2,1080p,True,True,31.52,22.34,1.59,1.79,MIL-STD 810H,有,False,False,1.7,False,True,True,False,False,False,False,夜幕灰,True,https://www.asus.com/tw/laptops/for-home/vivobook/asus-vivobook-s14-m3407/,2025-03-13 14:26:00,2026-10-06,True
90NB15P1-M00790,M1807HA-0061B260H,M1807HA,sku,ASUS Vivobook 18 (M1807),asus,Vivobook,,,0,,0,Ryzen 7 260,,False,,,,,,,16,16.0,True,1,True,32.0,1024,1024.0,18.0,1920x1200,False,144,144.0,False,70,70.0,2.6,False,65,65.0,Windows 11 Home,IPS,16:10,300.0,,,100.0,,霧面,False,False,False,DDR5,,PCIe 4.0,1.0,False,2.0,2.0,False,2.1,False,,True,Wi-Fi 6,5.2,1080p,True,True,40.25,27.45,1.86,1.99,MIL-STD 810H,有,True,False,1.7,False,True,True,False,False,False,False,午夜藍,True,https://www.asus.com/tw/laptops/for-home/vivobook/asus-vivobook-18-m1807/,2025-02-14 14:16:00,2026-10-06,True
90NB17Y1-M00180,M1807GA-0051B445H,M1807GA,sku,ASUS Vivobook 18 (M1807),asus,Vivobook,,,0,,0,Ryzen AI 7 445,,False,,,,,,,16,16.0,True,1,True,32.0,1024,1024.0,18.0,1920x1200,False,144,144.0,False,70,70.0,2.6,False,68,68.0,Windows 11 Home,IPS,16:10,300.0,,,100.0,,霧面,False,False,False,DDR5,,PCIe 4.0,1.0,False,2.0,2.0,False,2.1,False,,True,Wi-Fi 6,5.4,1080p,True,True,40.25,27.45,1.86,1.99,MIL-STD 810H,有,True,False,1.7,False,True,True,True,False,False,False,午夜藍,True,https://www.asus.com/tw/laptops/for-home/vivobook/asus-vivobook-18-m1807/,2025-02-14 14:16:00,2026-10-06,True
90NB17Y1-M00660,M1807GA-0061B445H,M1807GA,sku,ASUS Vivobook 18 (M1807),asus,Vivobook,,40999.0,4,40999.0,1,Ryzen AI 7 445,,False,,,,,,,16,16.0,True,1,True,32.0,512,512.0,18.0,1920x1200,False,144,144.0,False,70,70.0,2.6,False,68,68.0,Windows 11 Home,IPS,16:10,300.0,,,100.0,,霧面,False,False,False,DDR5,,PCIe 4.0,1.0,False,2.0,2.0,False,2.1,False,,True,Wi-Fi 6,5.4,1080p,True,True,40.25,27.45,1.86,1.99,MIL-STD 810H,有,True,False,1.7,False,True,True,True,False,False,False,午夜藍,True,https://www.asus.com/tw/laptops/for-home/vivobook/asus-vivobook-18-m1807/,2025-02-14 14:16:00,2026-10-06,True
90NB15A1-M000C0,X1607CA-0021B225H,X1607CA,sku,ASUS Vivobook 16 (X1607),asus,Vivobook,,,0,,0,Core Ultra 5 225H,,False,,,,,,,16,16.0,True,1,True,32.0,512,512.0,16.0,1920x1200,False,60,60.0,False,42,42.0,1.88,False,65,65.0,Windows 11 Home,IPS,16:10,300.0,,,,45.0,霧面,False,False,False,DDR5,,PCIe 4.0,1.0,False,2.0,2.0,False,1.4,False,,True,Wi-Fi 6,5.2,1080p,True,True,35.7,25.06,1.79,1.99,MIL-STD 810H,無,True,False,1.7,False,True,True,True,True,False,False,午夜藍,True,https://www.asus.com/tw/laptops/for-home/vivobook/asus-vivobook-16-x1607/,2025-02-10 02:17:00,2026-10-06,False
90NB15A1-M00MV0,X1607CA-0071B225H,X1607CA,sku,ASUS Vivobook 16 (X1607),asus,Vivobook,,,0,,0,Core Ultra 5 225H,,False,,,,,,,16,16.0,True,1,True,32.0,512,512.0,16.0,1920x1200,False,60,60.0,False,42,42.0,1.88,False,65,65.0,Windows 11 Home,IPS,16:10,300.0,,,,45.0,霧面,False,False,False,DDR5,,PCIe 4.0,1.0,False,2.0,2.0,False,1.4,False,,True,Wi-Fi 6,5.2,1080p,True,True,35.7,25.06,1.79,1.99,MIL-STD 810H,無,True,False,1.7,False,True,True,True,True,False,False,午夜藍,True,https://www.asus.com/tw/laptops/for-home/vivobook/asus-vivobook-16-x1607/,2025-02-10 02:17:00,2026-10-06,False
90NB1721-M001K0,X1607AA-0031B325,X1607AA,sku,ASUS Vivobook 16 (X1607),asus,Vivobook,,35999.0,10,35999.0,2,Core Ultra 5 325,,False,,,,,,,16,16.0,True,1,True,32.0,512,512.0,16.0,1920x1200,False,60,60.0,False,42,42.0,1.88,False,68,68.0,Windows 11 Home,IPS,16:10,300.0,,,,45.0,霧面,False,False,False,DDR5,,PCIe 4.0,1.0,False,2.0,2.0,False,2.1,False,,True,Wi-Fi 6,5.3,1080p,False,True,35.7,25.06,1.79,1.99,MIL-STD 810H,無,False,False,1.7,False,True,True,True,True,False,False,午夜藍,True,https://www.asus.com/tw/laptops/for-home/vivobook/asus-vivobook-16-x1607/,2025-02-10 02:17:00,2026-10-06,True
90NR0LX5-M009L0,GU605CW-0038E285H-NBLO,GU605CW,sku,ROG Zephyrus G16 (2025) GU605,rog,ROG,,,0,,0,Core Ultra 9 285H,,True,GeForce RTX 5080,120.0,100.0,1550.0,16,16.0,64,64.0,False,0,True,64.0,1024,1024.0,16.0,2560x1600,True,240,240.0,False,90,90.0,1.95,True,240,240.0,Windows 11 Home,OLED,16:10,,,100.0,,,鏡面,True,True,False,LPDDR5X,7467.0,PCIe 4.0,2.0,False,3.0,0.0,True,2.1,False,SD,True,Wi-Fi 7,5.4,1080p,True,False,35.4,24.6,1.49,1.74,,有,False,False,,False,False,False,True,True,False,False,,True,https://rog.asus.com/tw/laptops/rog-zephyrus/rog-zephyrus-g16-2025-gu605/,2025-02-10 02:05:23,2026-10-06,True
90NR0LZ6-M005F0,GU605CR-0028H285H-NBLO,GU605CR,sku,ROG Zephyrus G16 (2025) GU605,rog,ROG,,,0,,0,Core Ultra 9 285H,,True,GeForce RTX 5070 Ti,115.0,95.0,1565.0,12,12.0,64,64.0,False,0,True,64.0,1024,1024.0,16.0,2560x1600,True,240,240.0,False,90,90.0,1.95,True,240,240.0,Windows 11 Home,OLED,16:10,,,100.0,,,鏡面,True,True,False,LPDDR5X,7467.0,PCIe 4.0,2.0,False,3.0,0.0,True,2.1,False,SD,True,Wi-Fi 7,5.4,1080p,True,False,35.4,24.6,1.49,1.74,,有,False,False,,False,False,False,True,True,False,False,,True,https://rog.asus.com/tw/laptops/rog-zephyrus/rog-zephyrus-g16-2025-gu605/,2025-02-10 02:05:23,2026-10-06,True
90NR0M65-M003K0,GU605CX-0028E285H-NBLO,GU605CX,sku,ROG Zephyrus G16 (2025) GU605,rog,ROG,,,0,,0,Core Ultra 9 285H,,True,GeForce RTX 5090,120.0,100.0,1647.0,24,24.0,64,64.0,False,0,True,64.0,1024,1024.0,16.0,2560x1600,True,240,240.0,False,90,90.0,1.95,True,240,240.0,Windows 11 Home,OLED,16:10,,,100.0,,,鏡面,True,True,False,LPDDR5X,7467.0,PCIe 4.0,2.0,False,3.0,0.0,True,2.1,False,SD,True,Wi-Fi 7,5.4,1080p,True,False,35.4,24.6,1.49,1.74,,有,False,False,,False,False,False,True,True,False,False,,True,https://rog.asus.com/tw/laptops/rog-zephyrus/rog-zephyrus-g16-2025-gu605/,2025-02-10 02:05:23,2026-10-06,False
90NR0M66-M003L0,GU605CX-0038H285H-NBLO,GU605CX,sku,ROG Zephyrus G16 (2025) GU605,rog,ROG,,,0,,0,Core Ultra 9 285H,,True,GeForce RTX 5090,120.0,100.0,1647.0,24,24.0,64,64.0,False,0,True,64.0,1024,1024.0,16.0,2560x1600,True,240,240.0,False,90,90.0,1.95,True,240,240.0,Windows 11 Home,OLED,16:10,,,100.0,,,鏡面,True,True,False,LPDDR5X,7467.0,PCIe 4.0,2.0,False,3.0,0.0,True,2.1,False,SD,True,Wi-Fi 7,5.4,1080p,True,False,35.4,24.6,1.49,1.74,,有,False,False,,False,False,False,True,True,False,False,,True,https://rog.asus.com/tw/laptops/rog-zephyrus/rog-zephyrus-g16-2025-gu605/,2025-02-10 02:05:23,2026-10-06,False
90NR0NE2-M000Y0,GA605KM-0022H350H-NBLO,GA605KM,sku,ROG Zephyrus G16 (2025) GA605,rog,ROG,,,0,,0,Ryzen AI 7 350,,True,GeForce RTX 5060,105.0,90.0,1737.0,8,8.0,32,32.0,False,0,True,32.0,1024,1024.0,16.0,2560x1600,True,240,240.0,False,90,90.0,1.85,False,200,200.0,Windows 11 Home,OLED,16:10,,,100.0,,,鏡面,True,True,False,LPDDR5X,7500.0,PCIe 4.0,2.0,False,3.0,0.0,True,2.1,False,SD Express/SD,True,Wi-Fi 7,5.4,1080p,True,False,35.4,24.6,1.49,1.64,,有,False,False,,False,True,False,True,True,False,False,,True,https://rog.asus.com/tw/laptops/rog-zephyrus/rog-zephyrus-g16-2025-ga605/,2025-02-10 01:52:02,2026-10-06,False
90NR0NE1-M000Z0,GA605KM-0032E350H-NBLO,GA605KM,sku,ROG Zephyrus G16 (2025) GA605,rog,ROG,,,0,,0,Ryzen AI 7 350,,True,GeForce RTX 5060,105.0,90.0,1737.0,8,8.0,32,32.0,False,0,True,32.0,1024,1024.0,16.0,2560x1600,True,240,240.0,False,90,90.0,1.85,False,200,200.0,Windows 11 Home,OLED,16:10,,,100.0,,,鏡面,True,True,False,LPDDR5X,7500.0,PCIe 4.0,2.0,False,3.0,0.0,True,2.1,False,SD Express/SD,True,Wi-Fi 7,5.4,1080p,True,False,35.4,24.6,1.49,1.64,,有,False,False,,False,True,False,True,True,False,False,,True,https://rog.asus.com/tw/laptops/rog-zephyrus/rog-zephyrus-g16-2025-ga605/,2025-02-10 01:52:02,2026-10-06,False
90NR0NC2-M00140,GA605KP-0032H350H-NBLO,GA605KP,sku,ROG Zephyrus G16 (2025) GA605,rog,ROG,,,0,,0,Ryzen AI 7 350,,True,GeForce RTX 5070,105.0,90.0,1595.0,8,8.0,32,32.0,False,0,True,32.0,2048,2048.0,16.0,2560x1600,True,240,240.0,False,90,90.0,1.85,False,200,200.0,Windows 11 Home,OLED,16:10,,,100.0,,,鏡面,True,True,False,LPDDR5X,7500.0,PCIe 4.0,2.0,False,3.0,0.0,True,2.1,False,SD Express/SD,True,Wi-Fi 7,5.4,1080p,True,False,35.4,24.6,1.49,1.64,,有,False,False,,False,True,False,True,True,False,False,,True,https://rog.asus.com/tw/laptops/rog-zephyrus/rog-zephyrus-g16-2025-ga605/,2025-02-10 01:52:02,2026-10-06,True
90NR0KW7-M007Y0,G614PM-0044C8940HX-NBL,G614PM,sku,ROG Strix G16 (2025) G614,rog,ROG,,67999.0,7,67999.0,1,Ryzen 9 8940HX,,True,GeForce RTX 5060,115.0,100.0,1610.0,8,8.0,16,16.0,True,2,False,64.0,1024,1024.0,16.0,2560x1600,False,300,300.0,False,90,90.0,2.5,False,280,280.0,Windows 11 Home,IPS,16:10,,,100.0,,,霧面,True,True,False,DDR5,5200.0,PCIe 4.0,2.0,False,3.0,0.0,True,2.1,True,,True,Wi-Fi 6E,5.2,1080p,False,False,35.4,26.4,2.26,3.04,,RGB,False,True,,False,True,False,True,True,False,False,,True,https://rog.asus.com/tw/laptops/rog-strix/rog-strix-g16-2025-g614/,2025-02-09 23:48:25,2026-10-06,True
90NR0NJ7-M007N0,G614PR-0074C8940HX-NBL,G614PR,sku,ROG Strix G16 (2025) G614,rog,ROG,,79999.0,7,79999.0,4,Ryzen 9 8940HX,,True,GeForce RTX 5070 Ti,140.0,115.0,1565.0,12,12.0,16,16.0,True,2,False,64.0,1024,1024.0,16.0,2560x1600,False,300,300.0,False,90,90.0,2.5,False,280,280.0,Windows 11 Home,IPS,16:10,,,100.0,,,霧面,True,True,False,DDR5,5200.0,PCIe 4.0,2.0,False,3.0,0.0,True,2.1,True,,True,Wi-Fi 6E,5.2,1080p,False,False,35.4,26.4,2.26,3.04,,RGB,False,True,,False,True,False,True,True,False,False,,True,https://rog.asus.com/tw/laptops/rog-strix/rog-strix-g16-2025-g614/,2025-02-09 23:48:25,2026-10-06,True
90NR0QK7-M00340,G614PW-0034C8940HX-NBL,G614PW,sku,ROG Strix G16 (2025) G614,rog,ROG,,95999.0,5,95999.0,1,Ryzen 9 8940HX,,True,GeForce RTX 5080,175.0,150.0,1550.0,16,16.0,16,16.0,True,2,False,64.0,1024,1024.0,16.0,2560x1600,False,300,300.0,False,90,90.0,2.55,False,330,330.0,Windows 11 Home,IPS,16:10,,,100.0,,,霧面,True,True,False,DDR5,5200.0,PCIe 4.0,2.0,False,3.0,0.0,True,2.1,True,,True,Wi-Fi 6E,5.4,1080p,False,False,35.4,26.4,2.26,3.44,,RGB,False,True,,False,False,False,True,True,False,False,,True,https://rog.asus.com/tw/laptops/rog-strix/rog-strix-g16-2025-g614/,2025-02-09 23:48:25,2026-10-06,True
90NR0NJ7-M006D0,G614PR-0064C8940HX-NBL,G614PR,sku,ROG Strix G16 (2025) G614,rog,ROG,,,0,79999.0,2,Ryzen 9 8940HX,,True,GeForce RTX 5070 Ti,140.0,115.0,1565.0,12,12.0,16,16.0,True,2,False,64.0,1024,1024.0,16.0,2560x1600,False,,,False,90,90.0,2.5,False,280,280.0,Windows 11 Home,IPS,16:10,,,,100.0,,霧面,True,True,False,DDR5,5200.0,PCIe 4.0,2.0,False,3.0,0.0,True,2.1,True,,True,Wi-Fi 6E,5.2,1080p,False,False,35.4,26.4,2.26,3.04,,RGB,False,False,,False,True,False,True,True,False,False,,True,https://rog.asus.com/tw/laptops/rog-strix/rog-strix-g16-2025-g614/,2025-02-09 23:48:25,2026-10-06,True
90NR0KW7-M001Z0,G614PM-0024C8940HX-NBL,G614PM,sku,ROG Strix G16 (2025) G614,rog,ROG,,65999.0,1,67999.0,1,Ryzen 9 8940HX,,True,GeForce RTX 5060,115.0,100.0,1610.0,8,8.0,16,16.0,True,2,False,64.0,1024,1024.0,16.0,2560x1600,False,240,240.0,False,90,90.0,2.5,False,280,280.0,Windows 11 Home,IPS,16:10,,,100.0,,,霧面,True,True,False,DDR5,5200.0,PCIe 4.0,2.0,False,3.0,0.0,True,2.1,True,,True,Wi-Fi 6E,5.2,1080p,False,False,35.4,26.4,2.26,3.04,,RGB,False,True,,False,True,False,True,True,False,False,,True,https://rog.asus.com/tw/laptops/rog-strix/rog-strix-g16-2025-g614/,2025-02-09 23:48:25,2026-10-06,True
90NR0NJ7-M004B0,G614PR-0044C8940HX-NBL,G614PR,sku,ROG Strix G16 (2025) G614,rog,ROG,,,0,79999.0,2,Ryzen 9 8940HX,,True,GeForce RTX 5070 Ti,140.0,115.0,1565.0,12,12.0,16,16.0,True,2,False,64.0,1024,1024.0,16.0,2560x1600,False,,,False,90,90.0,2.5,False,280,280.0,Windows 11 Home,IPS,16:10,,,,100.0,,霧面,True,True,False,DDR5,5200.0,PCIe 4.0,2.0,False,3.0,0.0,True,2.1,True,,True,Wi-Fi 6E,5.2,1080p,False,False,35.4,26.4,2.26,3.04,,RGB,False,True,,False,True,False,True,True,False,False,,True,https://rog.asus.com/tw/laptops/rog-strix/rog-strix-g16-2025-g614/,2025-02-09 23:48:25,2026-10-06,True
90NR0NK8-M00820,G614FR-0084G9955HX3D-NBL,G614FR,sku,ROG Strix G16 (2025) G614,rog,ROG,,,0,,0,Ryzen 9 9955HX3D,,True,GeForce RTX 5070 Ti,140.0,115.0,1565.0,12,12.0,16,16.0,True,2,False,64.0,1024,1024.0,16.0,2560x1600,False,240,240.0,False,90,90.0,2.5,False,280,280.0,Windows 11 Home,IPS,16:10,,,100.0,,,霧面,True,True,False,DDR5,5600.0,PCIe 4.0,2.0,False,3.0,0.0,True,2.1,True,,True,Wi-Fi 6E,5.2,1080p,False,False,35.4,26.4,2.26,3.04,,RGB,False,True,,False,True,False,True,True,False,False,,True,https://rog.asus.com/tw/laptops/rog-strix/rog-strix-g16-2025-g614/,2025-02-09 23:48:25,2026-10-06,True
90NR0NK8-M00210,G614FR-0054G9955HX-NBL,G614FR,sku,ROG Strix G16 (2025) G614,rog,ROG,,,0,,0,Ryzen 9 9955HX,,True,GeForce RTX 5070 Ti,140.0,115.0,1565.0,12,12.0,16,16.0,True,2,False,64.0,1024,1024.0,16.0,2560x1600,False,240,240.0,False,90,90.0,2.5,False,280,280.0,Windows 11 Home,IPS,16:10,,,100.0,,,霧面,True,True,False,DDR5,5600.0,PCIe 4.0,2.0,False,3.0,0.0,True,2.1,True,,True,Wi-Fi 6E,5.2,1080p,False,False,35.4,26.4,2.26,3.04,,RGB,False,True,,False,True,False,True,True,False,False,,True,https://rog.asus.com/tw/laptops/rog-strix/rog-strix-g16-2025-g614/,2025-02-09 23:48:25,2026-10-06,True
90NR0LR1-M00N30,G615LR-0071C290HX-NBL,G615LR,sku,ROG Strix G16 (2025) G615,rog,ROG,,,0,,0,Core Ultra 9 290HX Plus,,True,GeForce RTX 5070 Ti,140.0,115.0,1565.0,12,12.0,16,16.0,True,2,False,128.0,1024,1024.0,16.0,2560x1600,False,240/300,300.0,False,90,90.0,2.65,True,280,280.0,Windows 11 Home,IPS,16:10,,,100.0,,,霧面,True,True,False,DDR5,5600.0,PCIe 4.0,2.0,False,3.0,0.0,False,2.1,True,,True,Wi-Fi 7,5.4,1080p,True,False,35.4,26.8,2.28,3.08,,RGB,False,False,,False,True,False,True,True,False,False,,True,https://rog.asus.com/tw/laptops/rog-strix/rog-strix-g16-2025/,2025-02-09 23:41:38,2026-10-06,True
90NR0LG2-M005Y0,G615LW-0051G275HX-NBL,G615LW,sku,ROG Strix G16 (2025) G615,rog,ROG,,,0,,0,Core Ultra 9 275HX,,True,GeForce RTX 5080,175.0,150.0,1550.0,16,16.0,16,16.0,True,2,False,64.0,1024,1024.0,16.0,2560x1600,False,240,240.0,False,90,90.0,2.65,True,380,380.0,Windows 11 Home,IPS,16:10,,,100.0,,,霧面,True,True,False,DDR5,5600.0,PCIe 4.0,2.0,False,3.0,0.0,False,2.1,True,,True,Wi-Fi 7,5.4,1080p,True,False,35.4,26.8,2.28,3.08,,RGB,False,True,,False,True,False,True,True,False,False,,True,https://rog.asus.com/tw/laptops/rog-strix/rog-strix-g16-2025/,2025-02-09 23:41:38,2026-10-06,True
90NR0L92-M002U0,G615JPR-0051G14900HX-NBL,G615JPR,sku,ROG Strix G16 (2025) G615,rog,ROG,,,0,,0,Core i9-14900HX,,True,GeForce RTX 5070,115.0,100.0,1475.0,8,8.0,16,16.0,True,2,False,64.0,1024,1024.0,16.0,2560x1600,False,240,240.0,False,90,90.0,2.65,True,280,280.0,Windows 11 Home,IPS,16:10,,,100.0,,,霧面,True,True,False,DDR5,5600.0,PCIe 4.0,2.0,False,4.0,0.0,False,2.1,True,,True,Wi-Fi 7,5.4,1080p,True,False,35.4,26.8,2.28,3.08,,RGB,False,True,,False,True,False,True,True,False,False,,True,https://rog.asus.com/tw/laptops/rog-strix/rog-strix-g16-2025/,2025-02-09 23:41:38,2026-10-06,True
90NR0LB2-M004J0,G615JMR-0021G14900HX-NBL,G615JMR,sku,ROG Strix G16 (2025) G615,rog,ROG,,,0,,0,Core i9-14900HX,,True,GeForce RTX 5060,115.0,100.0,1610.0,8,8.0,16,16.0,True,2,False,64.0,1024,1024.0,16.0,2560x1600,False,240,240.0,False,90,90.0,2.65,True,280,280.0,Windows 11 Home,IPS,16:10,,,100.0,,,霧面,True,True,False,DDR5,5600.0,PCIe 4.0,2.0,False,4.0,0.0,False,2.1,True,,True,Wi-Fi 7,5.4,1080p,True,False,35.4,26.8,2.28,3.08,,RGB,False,True,,False,True,False,True,True,False,False,,True,https://rog.asus.com/tw/laptops/rog-strix/rog-strix-g16-2025/,2025-02-09 23:41:38,2026-10-06,True
90NR0LR2-M006P0,G615LR-0041G275HX-NBL,G615LR,sku,ROG Strix G16 (2025) G615,rog,ROG,,,0,,0,Core Ultra 9 275HX,,True,GeForce RTX 5070 Ti,140.0,115.0,1565.0,12,12.0,32,32.0,True,2,False,64.0,1024,1024.0,16.0,2560x1600,False,240,240.0,False,90,90.0,2.65,True,280,280.0,Windows 11 Home,IPS,16:10,,,100.0,,,霧面,True,True,False,DDR5,5600.0,PCIe 4.0,2.0,False,3.0,0.0,False,2.1,True,,True,Wi-Fi 7,5.4,1080p,True,False,35.4,26.8,2.28,3.08,,RGB,False,True,,False,True,False,True,True,False,False,,True,https://rog.asus.com/tw/laptops/rog-strix/rog-strix-g16-2025/,2025-02-09 23:41:38,2026-10-06,True
90NR0LC2-M00730,G815LW-0031G275HX-NBL,G815LW,sku,ROG Strix G18 (2025) G815,rog,ROG,,,0,,0,Core Ultra 9 275HX,,True,GeForce RTX 5080,175.0,150.0,1550.0,16,16.0,16,16.0,True,2,False,64.0,1024,1024.0,18.0,2560x1600,False,240,240.0,False,90,90.0,3.2,True,380,380.0,Windows 11 Home,IPS,16:10,,,100.0,,,霧面,True,True,False,DDR5,5600.0,PCIe 4.0,2.0,False,3.0,0.0,False,2.1,True,,True,Wi-Fi 7,5.4,1080p,True,False,39.9,29.8,2.35,3.2,,RGB,False,False,,False,True,False,True,True,False,False,,True,https://rog.asus.com/tw/laptops/rog-strix/rog-strix-g18-2025/,2025-01-17 06:33:37,2026-10-06,True
90NR0LE2-M002K0,G815JMR-0021G14900HX-NBL,G815JMR,sku,ROG Strix G18 (2025) G815,rog,ROG,,,0,,0,Core i9-14900HX,,True,GeForce RTX 5060,115.0,100.0,1610.0,8,8.0,16,16.0,True,2,False,64.0,1024,1024.0,18.0,2560x1600,False,240,240.0,False,90,90.0,3.2,True,280,280.0,Windows 11 Home,IPS,16:10,,,100.0,,,霧面,True,True,False,DDR5,5600.0,PCIe 4.0,2.0,False,4.0,0.0,False,2.1,True,,True,Wi-Fi 7,5.4,1080p,True,False,39.9,29.9,2.35,3.2,,RGB,False,False,,False,True,False,True,True,False,False,,True,https://rog.asus.com/tw/laptops/rog-strix/rog-strix-g18-2025/,2025-01-17 06:33:37,2026-10-06,True
90NR0LM2-M001K0,G815JPR-0031G14900HX-NBL,G815JPR,sku,ROG Strix G18 (2025) G815,rog,ROG,,,0,,0,Core i9-14900HX,,True,GeForce RTX 5070,115.0,100.0,1475.0,8,8.0,16,16.0,True,2,False,64.0,1024,1024.0,18.0,2560x1600,False,240,240.0,False,90,90.0,3.2,True,280,280.0,Windows 11 Home,IPS,16:10,,,100.0,,,霧面,True,True,False,DDR5,5600.0,PCIe 4.0,2.0,False,4.0,0.0,False,2.1,True,,True,Wi-Fi 7,5.4,1080p,True,False,39.9,29.9,2.35,3.2,,RGB,False,False,,False,True,False,True,True,False,False,,True,https://rog.asus.com/tw/laptops/rog-strix/rog-strix-g18-2025/,2025-01-17 06:33:37,2026-10-06,True
90NR0LT2-M004V0,G815LR-0021G275HX-NBL,G815LR,sku,ROG Strix G18 (2025) G815,rog,ROG,,,0,,0,Core Ultra 9 275HX,,True,GeForce RTX 5070 Ti,140.0,115.0,1565.0,12,12.0,32,32.0,True,2,False,64.0,1024,1024.0,18.0,2560x1600,False,240,240.0,False,90,90.0,3.2,True,280,280.0,Windows 11 Home,IPS,16:10,,,100.0,,,霧面,True,True,False,DDR5,5600.0,PCIe 4.0,2.0,False,3.0,0.0,False,2.1,True,,True,Wi-Fi 7,5.4,1080p,True,False,39.9,29.8,2.35,3.2,,RGB,False,False,,False,True,False,True,True,False,False,,True,https://rog.asus.com/tw/laptops/rog-strix/rog-strix-g18-2025/,2025-01-17 06:33:37,2026-10-06,True
90NR0KY8-M001E0,G814PP-0034C8940HX-NBL,G814PP,sku,ROG Strix G18 (2025) G814,rog,ROG,,71888.0,1,75999.0,1,Ryzen 9 8940HX,,True,GeForce RTX 5070,115.0,100.0,1475.0,8,8.0,16,16.0,True,2,False,64.0,1024,1024.0,18.0,2560x1600,False,240,240.0,False,90,90.0,3.0,False,280,280.0,Windows 11 Home,IPS,16:10,,,100.0,,,霧面,True,True,False,DDR5,5600.0,PCIe 4.0,2.0,False,3.0,0.0,True,2.1,True,,True,Wi-Fi 6E,5.2,1080p,False,False,39.9,29.4,2.31,3.08,,RGB,False,False,,False,True,False,True,True,False,False,,True,https://rog.asus.com/tw/laptops/rog-strix/rog-strix-g18-2025-g814/,2025-01-17 06:33:29,2026-10-06,True
90NR0KY8-M003Z0,G814PP-0064C8940HX-NBL,G814PP,sku,ROG Strix G18 (2025) G814,rog,ROG,,75999.0,5,75999.0,1,Ryzen 9 8940HX,,True,GeForce RTX 5070,115.0,100.0,1475.0,8,8.0,16,16.0,True,2,False,64.0,1024,1024.0,18.0,2560x1600,False,300,300.0,False,90,90.0,3.0,False,280,280.0,Windows 11 Home,IPS,16:10,,,100.0,,,霧面,True,True,False,DDR5,5600.0,PCIe 4.0,2.0,False,3.0,0.0,True,2.1,True,,True,Wi-Fi 6E,5.2,1080p,False,False,39.9,29.4,2.31,3.08,,RGB,False,False,,False,True,False,True,True,False,False,,True,https://rog.asus.com/tw/laptops/rog-strix/rog-strix-g18-2025-g814/,2025-01-17 06:33:29,2026-10-06,True
90NR0L58-M00010,G814FP-WS96,G814FP,sku,ROG Strix G18 (2025) G814,rog,ROG,,,0,,0,Ryzen 9 9955HX,,True,GeForce RTX 5070,115.0,100.0,1475.0,8,8.0,16,16.0,True,2,False,64.0,1024,1024.0,18.0,2560x1600,False,240,240.0,False,90,90.0,3.0,False,280,280.0,Windows 11 Home,IPS,16:10,,,100.0,,,霧面,True,True,False,DDR5,5600.0,PCIe 4.0,2.0,False,3.0,0.0,True,2.1,True,,True,Wi-Fi 6E,5.2,1080p,False,False,39.9,29.4,2.31,3.08,,RGB,False,False,,False,True,False,False,False,False,False,,True,https://rog.asus.com/tw/laptops/rog-strix/rog-strix-g18-2025-g814/,2025-01-17 06:33:29,2026-10-06,True
,,FX608JPR,model,ASUS TUF Gaming F16 (2025),asus,TUF-Gaming,,,0,,0,Core i7-14650HX,,True,GeForce RTX 5070,115.0,100.0,,8,8.0,16,16.0,True,2,False,,1024,1024.0,16.0,2560x1600,False,165,165.0,False,90,90.0,2.2,True,280,280.0,Windows 11 Home,IPS,16:10,,,,100.0,72.0,霧面,True,True,False,DDR5,5600.0,PCIe 4.0,2.0,False,2.0,3.0,False,2.1,True,,True,Wi-Fi 6E,5.4,1080p,True,False,35.4,26.9,1.79,2.73,,RGB,False,False,,False,True,False,True,False,False,False,,True,https://www.asus.com/tw/laptops/for-gaming/tuf-gaming/asus-tuf-gaming-f16-2025/,2025-01-07 17:16:00,2026-10-06,
,,FX608JP,model,ASUS TUF Gaming F16 (2025),asus,TUF-Gaming,,,0,,0,Core i5-13450HX,,True,GeForce RTX 5070,115.0,100.0,,8,8.0,16,16.0,True,2,False,,512,512.0,16.0,1920x1200,False,165,165.0,False,90,90.0,2.2,True,280,280.0,Windows 11 Home,IPS,16:10,,,,100.0,72.0,霧面,True,True,False,DDR5,5600.0,PCIe 4.0,2.0,False,2.0,3.0,False,2.1,True,,True,Wi-Fi 6E,5.4,1080p,True,False,35.4,26.9,1.79,2.73,,RGB,False,False,,False,True,False,True,False,False,False,,True,https://www.asus.com/tw/laptops/for-gaming/tuf-gaming/asus-tuf-gaming-f16-2025/,2025-01-07 17:16:00,2026-10-06,
,,FX608JMR,model,ASUS TUF Gaming F16 (2025),asus,TUF-Gaming,,,0,50999.0,3,Core i7-14650HX/Core i5-14450HX,,True,GeForce RTX 5060,115.0,100.0,,8,8.0,16,16.0,True,2,False,,512/1024,1024.0,16.0,1920x1200/2560x1600,False,165,165.0,False,90,90.0,2.2,True,280,280.0,Windows 11 Home,IPS,16:10,,,,100.0,72.0,霧面,True,True,False,DDR5,5600.0,PCIe 4.0,2.0,False,2.0,3.0,False,2.1,True,,True,Wi-Fi 6E,5.4,1080p,True,False,35.4,26.9,1.79,2.73,,RGB,False,False,,False,True,False,True,False,False,False,,True,https://www.asus.com/tw/laptops/for-gaming/tuf-gaming/asus-tuf-gaming-f16-2025/,2025-01-07 17:16:00,2026-10-06,
,,FX608JM,model,ASUS TUF Gaming F16 (2025),asus,TUF-Gaming,,,0,,0,Core i5-13450HX,,True,GeForce RTX 5060,115.0,100.0,,8,8.0,16,16.0,True,2,False,,512,512.0,16.0,1920x1200,False,165,165.0,False,90,90.0,2.2,True,280,280.0,Windows 11 Home,IPS,16:10,,,,100.0,72.0,霧面,True,True,False,DDR5,5600.0,PCIe 4.0,2.0,False,2.0,3.0,False,2.1,True,,True,Wi-Fi 6E,5.4,1080p,True,False,35.4,26.9,1.79,2.73,,RGB,False,False,,False,True,False,True,False,False,False,,True,https://www.asus.com/tw/laptops/for-gaming/tuf-gaming/asus-tuf-gaming-f16-2025/,2025-01-07 17:16:00,2026-10-06,
,,FX608JH,model,ASUS TUF Gaming F16 (2025),asus,TUF-Gaming,,,0,,0,Core i5-13450HX,,True,GeForce RTX 5050,115.0,100.0,,8,8.0,16,16.0,True,2,False,,512,512.0,16.0,1920x1200,False,165,165.0,False,90,90.0,2.2,True,280,280.0,Windows 11 Home,IPS,16:10,,,,100.0,72.0,霧面,True,True,False,DDR5,5600.0,PCIe 4.0,2.0,False,2.0,3.0,False,2.1,True,,True,Wi-Fi 6E,5.2,1080p,True,False,35.4,26.9,1.79,2.73,,RGB,False,False,,False,True,False,True,False,False,False,,True,https://www.asus.com/tw/laptops/for-gaming/tuf-gaming/asus-tuf-gaming-f16-2025/,2025-01-07 17:16:00,2026-10-06,
,,FX608JHR,model,ASUS TUF Gaming F16 (2025),asus,TUF-Gaming,,45999.0,5,45999.0,1,Core i5-14450HX,,True,GeForce RTX 5050,115.0,100.0,,8,8.0,16,16.0,True,2,False,,512,512.0,16.0,1920x1200,False,165,165.0,False,90,90.0,2.2,True,280,280.0,Windows 11 Home,IPS,16:10,,,,100.0,72.0,霧面,True,True,False,DDR5,5600.0,PCIe 4.0,2.0,False,2.0,3.0,False,2.1,True,,True,Wi-Fi 6E,5.4,1080p,True,False,35.4,26.9,1.79,2.73,,RGB,False,False,,False,True,False,True,False,False,False,,True,https://www.asus.com/tw/laptops/for-gaming/tuf-gaming/asus-tuf-gaming-f16-2025/,2025-01-07 17:16:00,2026-10-06,
,,FA608PP,model,ASUS TUF Gaming A16 (2025),asus,TUF-Gaming,,59999.0,7,59999.0,5,Ryzen 9 8940HX,,True,GeForce RTX 5070,115.0,100.0,,8,8.0,16,16.0,True,2,False,,512,512.0,16.0,2560x1600,False,165,165.0,False,90,90.0,2.2,False,280,280.0,Windows 11 Home,IPS,16:10,,,,100.0,72.0,霧面,True,True,False,DDR5,5600.0,PCIe 4.0,2.0,False,2.0,3.0,False,2.1,True,,True,Wi-Fi 6E,5.4,1080p,True,False,35.4,26.9,1.79,2.73,,RGB,False,False,,False,True,False,True,False,False,False,,True,https://www.asus.com/tw/laptops/for-gaming/tuf-gaming/asus-tuf-gaming-a16-2025/,2025-01-07 17:16:00,2026-10-06,
,,FA608PM,model,ASUS TUF Gaming A16 (2025),asus,TUF-Gaming,,,0,,0,Ryzen 9 8940HX,,True,GeForce RTX 5060,115.0,100.0,,8,8.0,16,16.0,True,2,False,,512,512.0,16.0,1920x1200/2560x1600,False,165,165.0,False,90,90.0,2.2,False,280,280.0,Windows 11 Home,IPS,16:10,,,,100.0,72.0,霧面,True,True,False,DDR5,5600.0,PCIe 4.0,2.0,False,2.0,3.0,False,2.1,True,,True,Wi-Fi 6E,5.4,1080p,True,False,35.4,26.9,1.79,2.73,,RGB,False,False,,False,True,False,True,False,False,False,,True,https://www.asus.com/tw/laptops/for-gaming/tuf-gaming/asus-tuf-gaming-a16-2025/,2025-01-07 17:16:00,2026-10-06,
,,FA608UM,model,ASUS TUF Gaming A16 (2025),asus,TUF-Gaming,,,0,,0,Ryzen 7 260,,True,GeForce RTX 5060,115.0,,1737.0,8,8.0,16,16.0,True,2,False,,512,512.0,16.0,1920x1200,False,165,165.0,False,90,90.0,2.2,False,240,240.0,Windows 11 Home,IPS,16:10,,,,100.0,72.0,霧面,True,True,False,DDR5,5600.0,PCIe 4.0,2.0,False,2.0,3.0,True,2.1,True,,True,Wi-Fi 6E,5.4,1080p,True,False,35.4,26.9,1.79,2.57,,RGB,False,False,,False,True,False,True,False,False,False,,True,https://www.asus.com/tw/laptops/for-gaming/tuf-gaming/asus-tuf-gaming-a16-2025/,2025-01-07 17:16:00,2026-10-06,
,,FA608UH,model,ASUS TUF Gaming A16 (2025),asus,TUF-Gaming,,47999.0,2,,0,Ryzen 7 260,,True,GeForce RTX 5050,115.0,,2142.0,8,8.0,16,16.0,True,2,False,,512,512.0,16.0,1920x1200,False,165,165.0,False,90,90.0,2.2,False,240,240.0,Windows 11 Home,IPS,16:10,,,,100.0,72.0,霧面,True,True,False,DDR5,5600.0,PCIe 4.0,2.0,False,2.0,3.0,True,2.1,True,,True,Wi-Fi 6E,5.4,1080p,True,False,35.4,26.9,1.79,2.57,,RGB,False,False,,False,True,False,True,False,False,False,,True,https://www.asus.com/tw/laptops/for-gaming/tuf-gaming/asus-tuf-gaming-a16-2025/,2025-01-07 17:16:00,2026-10-06,
,,FA608UMI,model,ASUS TUF Gaming A16 (2025),asus,TUF-Gaming,,48999.0,1,48999.0,3,Ryzen 7 260,35.0,True,GeForce RTX 5060,115.0,,1737.0,8,8.0,16,16.0,True,2,False,,512,512.0,16.0,1920x1200,False,144,144.0,False,70,70.0,2.2,False,200,200.0,Windows 11 Home,IPS,16:10,,,,100.0,72.0,霧面,True,True,False,DDR5,5600.0,PCIe 4.0,2.0,False,1.0,3.0,False,2.1,True,,True,Wi-Fi 6E,5.4,1080p,False,False,35.4,26.9,1.79,2.57,,RGB,False,False,,False,True,False,True,False,False,False,,True,https://www.asus.com/tw/laptops/for-gaming/tuf-gaming/asus-tuf-gaming-a16-2025/,2025-01-07 17:16:00,2026-10-06,
,,FA608UHI,model,ASUS TUF Gaming A16 (2025),asus,TUF-Gaming,,44999.0,6,44999.0,2,Ryzen 7 260,35.0,True,GeForce RTX 5050,115.0,,2142.0,8,8.0,16,16.0,True,2,False,,512,512.0,16.0,1920x1200,False,144,144.0,False,70,70.0,2.2,False,200,200.0,Windows 11 Home,IPS,16:10,,,,100.0,72.0,霧面,True,True,False,DDR5,5600.0,PCIe 4.0,2.0,False,1.0,3.0,False,2.1,True,,True,Wi-Fi 6E,5.4,1080p,False,False,35.4,26.9,1.79,2.57,,RGB,False,False,,False,True,False,True,False,False,False,,True,https://www.asus.com/tw/laptops/for-gaming/tuf-gaming/asus-tuf-gaming-a16-2025/,2025-01-07 17:16:00,2026-10-06,
,,FA808UM,model,ASUS TUF Gaming A18 (2025),asus,TUF-Gaming,,55888.0,8,57999.0,4,Ryzen 7 260,,True,GeForce RTX 5060,115.0,100.0,1737.0,8,8.0,16,16.0,True,2,False,,1024,1024.0,18.0,1920x1200,False,144,144.0,False,90,90.0,2.6,False,240,240.0,Windows 11 Home,IPS,16:10,,,,100.0,72.0,霧面,True,True,False,DDR5,5600.0,PCIe 4.0,2.0,False,2.0,3.0,True,2.1,True,,True,Wi-Fi 6E,5.4,1080p,True,False,39.9,28.3,1.89,2.67,,RGB,False,False,,False,True,False,True,False,False,False,,True,https://www.asus.com/tw/laptops/for-gaming/tuf-gaming/asus-tuf-gaming-a18-2025/,2025-01-07 17:11:00,2026-10-06,
,,FA808UH,model,ASUS TUF Gaming A18 (2025),asus,TUF-Gaming,,49999.0,5,49999.0,3,Ryzen 7 260,,True,GeForce RTX 5050,115.0,100.0,2142.0,8,8.0,16,16.0,True,2,False,,512,512.0,18.0,1920x1200,False,144,144.0,False,90,90.0,2.6,False,240,240.0,Windows 11 Home,IPS,16:10,,,,100.0,72.0,霧面,True,True,False,DDR5,5600.0,PCIe 4.0,2.0,False,2.0,3.0,True,2.1,True,,True,Wi-Fi 6E,5.4,1080p,True,False,39.9,28.3,1.89,2.67,,RGB,False,False,,False,True,False,True,False,False,False,,True,https://www.asus.com/tw/laptops/for-gaming/tuf-gaming/asus-tuf-gaming-a18-2025/,2025-01-07 17:11:00,2026-10-06,
,,P3605CVA,model,ASUS ExpertBook P3 (P3605),asus,ExpertBook,,,0,,0,Core i7-13620H,,False,,,,,,,32,32.0,True,2,False,,1024,1024.0,16.0,1920x1200,False,,,False,63,63.0,1.75,False,65,65.0,Windows 11 Pro,,16:10,300.0,,,,45.0,霧面,False,False,False,DDR5,,PCIe 4.0,2.0,False,2.0,2.0,False,2.1,True,,True,Wi-Fi 6,5.4,1080p,True,False,35.84,25.39,1.79,1.8,MIL-STD 810H,有,False,False,1.5,True,False,True,True,True,False,False,迷霧灰,True,https://www.asus.com/tw/laptops/for-work/expertbook/asus-expertbook-p3-p3605/,2025-01-07 11:21:00,2026-10-06,
,,P3405CVA,model,ASUS ExpertBook P3 (P3405),asus,ExpertBook,,,0,,0,Core i7-13620H,,False,,,,,,,32,32.0,True,2,False,,1024,1024.0,14.0,1920x1200,False,,,False,50,50.0,1.42,False,65,65.0,Windows 11 Pro,,16:10,300.0,,,,45.0,霧面,False,False,False,DDR5,,PCIe 4.0,2.0,False,2.0,2.0,False,2.1,True,,True,Wi-Fi 6,5.4,1080p,True,False,31.51,22.68,1.79,1.8,MIL-STD 810H,有,False,False,1.5,True,False,True,True,True,False,False,"迷霧灰, 迷霧灰",True,https://www.asus.com/tw/laptops/for-work/expertbook/asus-expertbook-p3-p3405/,2025-01-07 11:21:00,2026-10-06,
90NR0LI1-M00580,G835LW-0021A275HX-NBLM,G835LW,sku,ROG Strix SCAR 18 (2025) G835,rog,ROG,,,0,,0,Core Ultra 9 275HX,,True,GeForce RTX 5080,175.0,150.0,1550.0,16,16.0,32,32.0,True,2,False,64.0,1024,1024.0,18.0,2560x1600,False,240,240.0,False,90,90.0,3.3,True,380,380.0,Windows 11 Home,Mini LED,16:10,,,100.0,,,鏡面,True,True,False,DDR5,5600.0,PCIe 4.0,2.0,False,3.0,0.0,False,2.1,True,,True,Wi-Fi 7,5.4,1080p,True,False,39.9,29.8,2.35,3.2,,Per-key RGB,False,False,,False,True,False,True,True,False,False,,True,https://rog.asus.com/tw/laptops/rog-strix/rog-strix-scar-18-2025/,2025-01-06 17:29:42,2026-10-06,True
90NR0LS1-M00350,G835LR-0021A275HX-NBLM,G835LR,sku,ROG Strix SCAR 18 (2025) G835,rog,ROG,,,0,,0,Core Ultra 9 275HX,,True,GeForce RTX 5070 Ti,140.0,115.0,1565.0,12,12.0,32,32.0,True,2,False,64.0,1024,1024.0,18.0,2560x1600,False,240,240.0,False,90,90.0,3.3,True,380,380.0,Windows 11 Home,Mini LED,16:10,,,100.0,,,霧面,True,True,False,DDR5,5600.0,PCIe 4.0,2.0,False,3.0,0.0,False,2.1,True,,True,Wi-Fi 7,5.4,1080p,True,False,39.9,29.8,2.35,3.2,,Per-key RGB,False,False,,False,True,False,True,True,False,False,,True,https://rog.asus.com/tw/laptops/rog-strix/rog-strix-scar-18-2025/,2025-01-06 17:29:42,2026-10-06,True
90NR0LF1-M005Z0,G835LX-0021A275HX-NBLM,G835LX,sku,ROG Strix SCAR 18 (2025) G835,rog,ROG,,,0,,0,Core Ultra 9 275HX,,True,GeForce RTX 5090,175.0,150.0,1647.0,24,24.0,32,32.0,True,2,False,64.0,2048,2048.0,18.0,2560x1600,False,240,240.0,False,90,90.0,3.3,True,380,380.0,Windows 11 Home,Mini LED,16:10,,,100.0,,,鏡面,True,True,False,DDR5,5600.0,PCIe 4.0,2.0,False,3.0,0.0,False,2.1,True,,True,Wi-Fi 7,5.4,1080p,True,False,39.9,29.8,2.35,3.2,,Per-key RGB,False,False,,False,True,False,True,True,False,False,,True,https://rog.asus.com/tw/laptops/rog-strix/rog-strix-scar-18-2025/,2025-01-06 17:29:42,2026-10-06,True
90NR0LD1-M004X0,G635LW-0021A275HX-NBLM,G635LW,sku,ROG Strix SCAR 16 (2025) G635,rog,ROG,,,0,,0,Core Ultra 9 275HX,,True,GeForce RTX 5080,175.0,150.0,1550.0,16,16.0,32,32.0,True,2,False,128.0,1024,1024.0,16.0,2560x1600,False,240,240.0,False,90,90.0,2.8,True,380,380.0,Windows 11 Home,Mini LED,16:10,,,100.0,,,霧面,True,True,False,DDR5,5600.0,PCIe 4.0,2.0,False,3.0,0.0,False,2.1,True,,True,Wi-Fi 7,5.4,1080p,True,False,35.4,26.8,2.28,3.08,,Per-key RGB,False,True,,False,True,False,True,True,False,False,,True,https://rog.asus.com/tw/laptops/rog-strix/rog-strix-scar-16-2025/,2025-01-06 17:27:22,2026-10-06,True
90NR0LU1-M00380,G635LR-0031A275HX-NBLM,G635LR,sku,ROG Strix SCAR 16 (2025) G635,rog,ROG,,,0,,0,Core Ultra 9 275HX,,True,GeForce RTX 5070 Ti,140.0,115.0,1565.0,12,12.0,32,32.0,True,2,False,64.0,1024,1024.0,16.0,2560x1600,False,240,240.0,False,90,90.0,2.8,True,380,380.0,Windows 11 Home,Mini LED,16:10,,,100.0,,,霧面,True,True,False,DDR5,5600.0,PCIe 4.0,2.0,False,3.0,0.0,False,2.1,True,,True,Wi-Fi 7,5.4,1080p,True,False,35.4,26.8,2.28,3.08,,Per-key RGB,False,True,,False,True,False,True,True,False,False,,True,https://rog.asus.com/tw/laptops/rog-strix/rog-strix-scar-16-2025/,2025-01-06 17:27:22,2026-10-06,True
90NR0M32-M00330,GA403WM-0042HHX370-PRO,GA403WM,sku,ROG Zephyrus G14 (2025) GA403,rog,ROG,,,0,,0,Ryzen AI 9 HX 370,,True,GeForce RTX 5060,90.0,75.0,1737.0,8,8.0,32,32.0,False,0,True,32.0,1024,1024.0,14.0,2880x1800,True,,,False,73,73.0,1.5,False,200,200.0,Windows 11 Pro,OLED,16:10,,,100.0,,,霧面,True,True,False,LPDDR5X,7500.0,PCIe 4.0,1.0,False,3.0,0.0,True,2.1,False,,True,Wi-Fi 7,5.4,1080p,True,False,31.1,22.0,1.59,1.63,,有,False,False,,False,True,False,True,True,False,False,,True,https://rog.asus.com/tw/laptops/rog-zephyrus/rog-zephyrus-g14-2025/,2025-01-06 17:18:50,2026-10-06,True
90NR0M32-M00120,GA403WM-0022HHX370-NBLO,GA403WM,sku,ROG Zephyrus G14 (2025) GA403,rog,ROG,,,0,,0,Ryzen AI 9 HX 370,,True,GeForce RTX 5060,90.0,75.0,1737.0,8,8.0,32,32.0,False,0,True,32.0,1024,1024.0,14.0,2880x1800,True,,,False,73,73.0,1.5,False,200,200.0,Windows 11 Home,OLED,16:10,,,100.0,,,霧面,True,True,False,LPDDR5X,7500.0,PCIe 4.0,1.0,False,3.0,0.0,True,2.1,False,,True,Wi-Fi 7,5.4,1080p,True,False,31.1,22.0,1.59,1.63,,有,False,False,,False,True,False,True,True,False,False,,True,https://rog.asus.com/tw/laptops/rog-zephyrus/rog-zephyrus-g14-2025/,2025-01-06 17:18:50,2026-10-06,False
90NR0M31-M00130,GA403WM-0032EHX370-NBLO,GA403WM,sku,ROG Zephyrus G14 (2025) GA403,rog,ROG,,,0,,0,Ryzen AI 9 HX 370,,True,GeForce RTX 5060,90.0,75.0,1737.0,8,8.0,32,32.0,False,0,True,32.0,1024,1024.0,14.0,2880x1800,True,,,False,73,73.0,1.5,False,200,200.0,Windows 11 Home,OLED,16:10,,,100.0,,,霧面,True,True,False,LPDDR5X,7500.0,PCIe 4.0,1.0,False,3.0,0.0,True,2.1,False,,True,Wi-Fi 7,5.4,1080p,True,False,31.1,22.0,1.59,1.63,,有,False,False,,False,True,False,True,True,False,False,,True,https://rog.asus.com/tw/laptops/rog-zephyrus/rog-zephyrus-g14-2025/,2025-01-06 17:18:50,2026-10-06,False
90NR0M54-M004B0,GA403WR-0058HHX370-NBLO,GA403WR,sku,ROG Zephyrus G14 (2025) GA403,rog,ROG,,,0,,0,Ryzen AI 9 HX 370,,True,GeForce RTX 5070 Ti,110.0,85.0,1812.0,12,12.0,64,64.0,False,0,True,64.0,1024,1024.0,14.0,2880x1800,True,,,False,73,73.0,1.57,False,200,200.0,Windows 11 Home,OLED,16:10,,,100.0,,,霧面,True,True,False,LPDDR5X,8000.0,PCIe 4.0,1.0,False,3.0,0.0,True,2.1,False,,True,Wi-Fi 7,5.4,1080p,True,False,31.1,22.0,1.59,1.83,,有,False,False,,False,True,False,True,True,False,False,,True,https://rog.asus.com/tw/laptops/rog-zephyrus/rog-zephyrus-g14-2025/,2025-01-06 17:18:50,2026-10-06,True
90NR0JY1-M00HA0,GZ302EA-0161A395-NBL,GZ302EA,sku,ROG Flow Z13 (2025) GZ302,rog,ROG,,109999.0,1,109999.0,2,Ryzen AI MAX+ 395,,False,,,,,,,64,64.0,False,0,True,64.0,1024,1024.0,13.4,2560x1600,False,180,180.0,True,70,70.0,1.2,False,200,200.0,Windows 11 Home,IPS,16:10,,,100.0,,,鏡面,False,False,True,LPDDR5X,8000.0,PCIe 4.0,1.0,False,2.0,1.0,True,2.1,False,,True,Wi-Fi 7,5.4,5MP,True,False,30.0,20.4,1.3,1.49,,有,False,False,,False,True,False,True,True,False,False,,True,https://rog.asus.com/tw/laptops/rog-flow/ROG-Flow-Z13-2025/,2025-01-06 17:15:03,2026-10-06,True
90NR0JY1-M006M0,GZ302EA-0081A395-NBL,GZ302EA,sku,ROG Flow Z13 (2025) GZ302,rog,ROG,,,0,,0,Ryzen AI MAX+ 395,,False,,,,,,,128,128.0,False,0,True,128.0,1024,1024.0,13.4,2560x1600,False,180,180.0,True,70,70.0,1.2,False,200,200.0,Windows 11 Home,IPS,16:10,,,100.0,,,鏡面,False,False,True,LPDDR5X,8000.0,PCIe 4.0,1.0,False,2.0,1.0,True,2.1,False,,True,Wi-Fi 7,5.4,5MP,True,False,30.0,20.4,1.3,1.49,,有,False,False,,False,True,False,True,False,False,False,,True,https://rog.asus.com/tw/laptops/rog-flow/ROG-Flow-Z13-2025/,2025-01-06 17:15:03,2026-10-06,True
90NR0JY1-M000N0,GZ302EA-0021A395-NBL,GZ302EA,sku,ROG Flow Z13 (2025) GZ302,rog,ROG,,,0,,0,Ryzen AI MAX+ 395,,False,,,,,,,32,32.0,False,0,True,32.0,1024,1024.0,13.4,2560x1600,False,180,180.0,True,70,70.0,1.2,False,200,200.0,Windows 11 Home,IPS,16:10,,,100.0,,,鏡面,False,False,True,LPDDR5X,8000.0,PCIe 4.0,1.0,False,2.0,1.0,True,2.1,False,,True,Wi-Fi 7,5.4,5MP,True,False,30.0,20.4,1.3,1.49,,有,False,False,,False,True,False,True,True,False,False,,True,https://rog.asus.com/tw/laptops/rog-flow/ROG-Flow-Z13-2025/,2025-01-06 17:15:03,2026-10-06,True
90NR0JY1-M007J0,GZ302EA-0101A395-NBL,GZ302EA,sku,ROG Flow Z13 (2025) GZ302,rog,ROG,,,0,,0,Ryzen AI MAX+ 395,,False,,,,,,,128,128.0,False,0,True,128.0,1024,1024.0,13.4,2560x1600,False,180,180.0,True,70,70.0,1.2,False,200,200.0,Windows 11 Home,IPS,16:10,,,100.0,,,鏡面,False,False,True,LPDDR5X,8000.0,PCIe 4.0,1.0,False,2.0,1.0,True,2.1,False,,True,Wi-Fi 7,5.4,5MP,True,False,30.0,20.4,1.3,1.49,,有,False,False,,False,True,False,True,True,False,False,,True,https://rog.asus.com/tw/laptops/rog-flow/ROG-Flow-Z13-2025/,2025-01-06 17:15:03,2026-10-06,True
90NB15H1-M000V0,M1407KA-0021B340H,M1407KA,sku,ASUS Vivobook 14 (M1407); Copilot+ PC,asus,Vivobook,,,0,,0,Ryzen AI 5 340,,False,,,,,,,16,16.0,True,1,True,32.0,1024,1024.0,14.0,1920x1200,False,60,60.0,False,42,42.0,1.46,False,65,65.0,Windows 11 Home,IPS,16:10,300.0,,,,45.0,霧面,False,False,False,DDR5,,PCIe 4.0,1.0,False,2.0,2.0,False,2.1,False,,True,Wi-Fi 6,5.2,1080p,True,True,31.52,22.34,1.79,1.99,MIL-STD 810H,無,False,False,1.7,False,True,True,True,True,False,False,午夜藍,True,https://www.asus.com/tw/laptops/for-home/vivobook/asus-vivobook-14-m1407/,2025-01-03 10:39:00,2026-10-06,True
90NB16C2-M001H0,S3607QA-0022G26100,S3607QA,sku,ASUS Vivobook S16 (S3607NA); Copilot+ PC,asus,Vivobook,,,0,,0,Snapdragon X X1-26-100,,False,,,,,,,16,16.0,False,0,True,16.0,1024,1024.0,16.0,2560x1600,False,144,144.0,False,70,70.0,1.74,False,65,65.0,Windows 11 Home,IPS,16:10,400.0,,,100.0,,霧面,False,False,False,LPDDR5X,,PCIe 4.0,1.0,False,2.0,2.0,True,2.1,False,,True,Wi-Fi 6E,5.3,1080p,False,True,35.7,25.07,1.59,1.79,MIL-STD 810H,有,True,False,1.7,False,True,True,True,True,False,False,夜幕灰,True,https://www.asus.com/tw/laptops/for-home/vivobook/asus-vivobook-s16-s3607na/,2025-01-03 10:33:00,2026-10-06,True
90NB16C2-M005N0,S3607QA-0032G26100,S3607QA,sku,ASUS Vivobook S16 (S3607NA); Copilot+ PC,asus,Vivobook,,,0,,0,Snapdragon X X1-26-100,,False,,,,,,,16,16.0,False,0,True,16.0,1024,1024.0,16.0,1920x1200,True,60,60.0,False,70,70.0,1.74,False,65,65.0,Windows 11 Home,OLED,16:10,300.0,,95.0,,,,False,False,False,LPDDR5X,,PCIe 4.0,1.0,False,2.0,2.0,True,2.1,False,,True,Wi-Fi 6E,5.3,1080p,False,True,35.7,25.07,1.59,1.79,MIL-STD 810H,有,True,False,1.7,False,True,True,True,True,False,False,夜幕灰,True,https://www.asus.com/tw/laptops/for-home/vivobook/asus-vivobook-s16-s3607na/,2025-01-03 10:33:00,2026-10-06,True
90NB16C2-M007V0,S3607QA-0042G26100,S3607QA,sku,ASUS Vivobook S16 (S3607NA); Copilot+ PC,asus,Vivobook,,38999.0,5,38999.0,3,Snapdragon X X1-26-100,,False,,,,,,,16,16.0,False,0,True,16.0,512,512.0,16.0,1920x1200,True,60,60.0,False,70,70.0,1.74,False,65,65.0,Windows 11 Home,OLED,16:10,300.0,,95.0,,,,False,False,False,LPDDR5X,,PCIe 4.0,1.0,False,2.0,2.0,True,2.1,False,,True,Wi-Fi 6E,5.3,1080p,False,True,35.7,25.07,1.59,1.79,MIL-STD 810H,有,True,False,1.7,False,True,True,True,True,False,False,夜幕灰,True,https://www.asus.com/tw/laptops/for-home/vivobook/asus-vivobook-s16-s3607na/,2025-01-03 10:33:00,2026-10-06,True
90NB17P5-M004R0,S3607NA-0062B88100,S3607NA,sku,ASUS Vivobook S16 (S3607NA); Copilot+ PC,asus,Vivobook,,47999.0,4,,0,Snapdragon X2 Elite X2E-88-100,,False,,,,,,,16,16.0,False,0,True,16.0,512,512.0,16.0,1920x1200,True,60,60.0,False,70,70.0,1.68,False,100,100.0,Windows 11 Home,OLED,16:10,300.0,,95.0,,,鏡面,False,False,False,LPDDR5X,,PCIe 4.0,1.0,False,2.0,2.0,True,2.1,False,,True,Wi-Fi 7,6.0,1080p,False,True,35.7,25.07,1.59,1.79,MIL-STD 810H,有,True,False,1.7,False,True,True,True,True,False,False,迷霧藍,True,https://www.asus.com/tw/laptops/for-home/vivobook/asus-vivobook-s16-s3607na/,2025-01-03 10:33:00,2026-10-06,True
90NB16B2-M001E0,S3407QA-0022G26100,S3407QA,sku,ASUS Vivobook S14 (S3407QA); Copilot+ PC,asus,Vivobook,,,0,,0,Snapdragon X X1-26-100,,False,,,,,,,16,16.0,False,0,True,16.0,1024,1024.0,14.0,2560x1600,False,60,60.0,False,70,70.0,1.35,False,65,65.0,Windows 11 Home,IPS,16:10,400.0,,,100.0,,霧面,False,False,False,LPDDR5X,,PCIe 4.0,1.0,False,2.0,2.0,True,2.1,False,,True,Wi-Fi 6E,5.3,1080p,True,True,31.52,22.34,1.59,1.79,MIL-STD 810H,有,False,False,1.7,False,True,True,True,True,False,False,夜幕灰,True,https://www.asus.com/tw/laptops/for-home/vivobook/asus-vivobook-s14-s3407q/,2025-01-03 10:32:00,2026-10-06,True
90NB16B2-M00500,S3407QA-0032G26100,S3407QA,sku,ASUS Vivobook S14 (S3407QA); Copilot+ PC,asus,Vivobook,,,0,,0,Snapdragon X X1-26-100,,False,,,,,,,16,16.0,False,0,True,16.0,1024,1024.0,14.0,1920x1200,True,60,60.0,False,70,70.0,1.35,False,65,65.0,Windows 11 Home,OLED,16:10,300.0,,95.0,,,,False,False,False,LPDDR5X,,PCIe 4.0,1.0,False,2.0,2.0,True,2.1,False,,True,Wi-Fi 6E,5.3,1080p,True,True,31.52,22.34,1.59,1.79,MIL-STD 810H,有,False,False,1.7,False,True,True,True,True,False,False,夜幕灰,True,https://www.asus.com/tw/laptops/for-home/vivobook/asus-vivobook-s14-s3407q/,2025-01-03 10:32:00,2026-10-06,True
90NB16B2-M00700,S3407QA-0042G26100,S3407QA,sku,ASUS Vivobook S14 (S3407QA); Copilot+ PC,asus,Vivobook,,37999.0,4,37999.0,3,Snapdragon X X1-26-100,,False,,,,,,,16,16.0,False,0,True,16.0,512,512.0,14.0,1920x1200,True,60,60.0,False,70,70.0,1.35,False,65,65.0,Windows 11 Home,OLED,16:10,300.0,,95.0,,,,False,False,False,LPDDR5X,,PCIe 4.0,1.0,False,2.0,2.0,True,2.1,False,,True,Wi-Fi 6E,5.3,1080p,True,True,31.52,22.34,1.59,1.79,MIL-STD 810H,有,False,False,1.7,False,True,True,True,True,False,False,夜幕灰,True,https://www.asus.com/tw/laptops/for-home/vivobook/asus-vivobook-s14-s3407q/,2025-01-03 10:32:00,2026-10-06,True
,,CX1405CTA,model,ASUS Chromebook CX14 (CX1405),asus,Chromebook,,,0,,0,Intel Processor N150,,False,,,,,,,8,8.0,False,0,True,8.0,64,64.0,14.0,1920x1080,False,,,True,42,42.0,1.39,False,45,45.0,ChromeOS,,16:9,250.0,,,,45.0,霧面,False,False,False,LPDDR5,,eMMC,,False,2.0,1.0,False,1.4,False,,True,Wi-Fi 6E/Wi-Fi 6,5.4,720p,False,False,32.45,21.44,1.99,1.99,MIL-STD 810H,有,False,False,1.35,True,False,True,True,False,False,False,純粹灰,True,https://www.asus.com/tw/laptops/for-home/chromebook/asus-chromebook-cx14-cx1405/,2024-12-31 15:32:00,2026-10-06,
,,B5405CCA,model,ASUS ExpertBook B5 (B5405),asus,ExpertBook,,,0,50900.0,7,Core Ultra 7 255H/Core Ultra 5 225H,,False,,,,,,,16,16.0,True,2,False,64.0,512/1024,1024.0,14.0,2560x1600,False,,,False,50,50.0,1.38,True,65,65.0,Windows 11 Pro/Windows 11 Home,,16:10,400.0,,,100.0,,霧面,False,False,False,DDR5,,PCIe 4.0,,False,2.0,2.0,False,2.1,True,microSD/SD,True,Wi-Fi 7,5.4,1080p,True,False,31.51,22.68,1.0,1.8,MIL-STD 810H,有,False,False,1.5,True,False,True,True,True,False,False,Gentle Grey,True,https://www.asus.com/tw/laptops/for-work/expertbook/asus-expertbook-b5-b5405/,2024-12-30 13:38:00,2026-10-06,
,,B5605CCA,model,ASUS ExpertBook B5 (B5605),asus,ExpertBook,,50900.0,3,50900.0,7,Core Ultra 7 255H/Core Ultra 5 225H,,False,,,,,,,16,16.0,True,2,False,,512/1024,1024.0,16.0,2560x1600,False,,,False,50,50.0,1.79,True,65,65.0,Windows 11 Pro,,16:10,400.0,,,139.0,,霧面,False,False,False,DDR5,,PCIe 4.0,,False,2.0,2.0,False,2.1,True,microSD/SD,True,Wi-Fi 7,5.4,1080p,True,False,35.84,25.39,1.0,1.8,MIL-STD 810H,有,True,False,1.5,True,False,True,True,True,False,False,Gentle Grey,True,https://www.asus.com/tw/laptops/for-work/expertbook/asus-expertbook-b5-b5605/,2024-12-30 13:35:00,2026-10-06,
,,B3605CCA,model,ASUS ExpertBook B3 (B3605),asus,ExpertBook,,,0,46900.0,3,Core Ultra 7 255H/Core Ultra 7 155H/Core Ultra 5 225H/Core Ultra 5 125H,,False,,,,,,,16/32,32.0,True,2,False,,512/1024,1024.0,16.0,1920x1200,False,,,False,50,50.0,1.83,False,65,65.0,Windows 11 Pro/Windows 11 Home,,16:10,300.0,,,,45.0,霧面,False,False,False,DDR5,,PCIe 4.0,2.0,False,2.0,2.0,False,2.1,True,microSD/SD,True,Wi-Fi 6E,5.3,1080p,True,False,35.84,25.39,1.05,1.9,MIL-STD 810H,有,True,False,1.5,True,False,True,True,True,False,False,Gentle Grey,True,https://www.asus.com/tw/laptops/for-work/expertbook/asus-expertbook-b3-b3605/,2024-12-26 13:49:00,2026-10-06,
,,B3405CCA,model,ASUS ExpertBook B3 (B3405),asus,ExpertBook,,46900.0,2,46900.0,4,Core Ultra 7 255H/Core Ultra 7 155H/Core Ultra 5 135H/Core Ultra 5 225H/Core Ultra 5 125H,,False,,,,,,,16/32,32.0,True,2,False,,512/1024,1024.0,14.0,1920x1200/2560x1600,False,,,False,50/63,63.0,1.45,True,65,65.0,Windows 11 Pro/Windows 11 Home,,16:10,400.0,,,100.0,45.0,霧面,False,False,False,DDR5,,PCIe 4.0,2.0,False,4.0,2.0,False,2.1,True,microSD/SD,True,Wi-Fi 6E,5.3,1080p,True,False,31.51,22.68,1.05,1.9,MIL-STD 810H,有,False,False,1.5,True,False,True,True,True,False,False,Gentle Grey,True,https://www.asus.com/tw/laptops/for-work/expertbook/asus-expertbook-b3-b3405/,2024-12-26 13:49:00,2026-10-06,
,,V3607VU,model,ASUS V16 (V3607),asus,All-series,,,0,,0,Core 5 210H,,True,GeForce RTX 4050,,,,6,6.0,16,16.0,True,2,False,32.0,512,512.0,16.0,1920x1200,False,144,144.0,False,63,63.0,1.95,False,150,150.0,Windows 11 Home,,16:10,300.0,,,,45.0,霧面,False,False,False,DDR5,5600.0,PCIe 4.0,1.0,False,1.0,2.0,False,2.1,False,,True,Wi-Fi 6,5.2,1080p,False,True,35.7,25.07,1.8,2.2,MIL-STD 810H,有,True,False,1.5,False,False,False,False,False,False,False,靜謐黑,True,https://www.asus.com/tw/laptops/for-gaming/all-series/asus-v16-v3607/,2024-12-20 11:36:00,2026-10-06,
,,V3607VJ,model,ASUS V16 (V3607),asus,All-series,,36900.0,2,47999.0,2,Core 7 240H/Core 5 210H,,True,GeForce RTX 3050,,,,6,6.0,8/16,16.0,True,2,False,32.0,512,512.0,16.0,1920x1200,False,144,144.0,False,63,63.0,1.95,False,150,150.0,Windows 11 Home,,16:10,300.0,,,100.0,45.0,霧面,False,False,False,DDR5,5600.0,PCIe 4.0,1.0,False,1.0,2.0,False,2.1,False,,True,Wi-Fi 6,5.2,1080p,False,True,35.7,25.07,1.8,2.2,MIL-STD 810H,有,True,False,1.5,False,False,False,False,False,False,False,靜謐黑,True,https://www.asus.com/tw/laptops/for-gaming/all-series/asus-v16-v3607/,2024-12-20 11:36:00,2026-10-06,
,,V3607VH,model,ASUS V16 (V3607),asus,All-series,,,0,,0,Core 5 210H,,True,GeForce RTX 5050,,,,8,8.0,16,16.0,True,2,False,32.0,512,512.0,16.0,1920x1200,False,144,144.0,False,63,63.0,1.95,False,150,150.0,Windows 11 Home,,16:10,300.0,,,,45.0,霧面,False,False,False,DDR5,5600.0,PCIe 4.0,1.0,False,1.0,2.0,False,2.1,False,,True,Wi-Fi 6,5.2,1080p,False,True,35.7,25.07,1.8,2.2,MIL-STD 810H,有,True,False,1.5,False,False,False,False,False,False,False,靜謐黑,True,https://www.asus.com/tw/laptops/for-gaming/all-series/asus-v16-v3607/,2024-12-20 11:36:00,2026-10-06,
,,V3607VM,model,ASUS V16 (V3607),asus,All-series,,,0,,0,Core 5 210H,,True,GeForce RTX 5060,,,,8,8.0,16,16.0,True,2,False,32.0,512,512.0,16.0,1920x1200,False,144,144.0,False,63,63.0,1.95,False,150,150.0,Windows 11 Home,,16:10,300.0,,,,45.0,霧面,False,False,False,DDR5,5600.0,PCIe 4.0,1.0,False,1.0,2.0,False,2.1,False,,True,Wi-Fi 6,5.2,1080p,False,True,35.7,25.07,1.8,2.2,MIL-STD 810H,有,True,False,1.5,False,False,False,False,False,False,False,靜謐黑,True,https://www.asus.com/tw/laptops/for-gaming/all-series/asus-v16-v3607/,2024-12-20 11:36:00,2026-10-06,
,,V3607VP,model,ASUS V16 (V3607),asus,All-series,,,0,,0,Core 5 210H,,True,GeForce RTX 5070,,,,8,8.0,16,16.0,True,2,False,32.0,512,512.0,16.0,1920x1200,False,144,144.0,False,63,63.0,1.95,False,150,150.0,Windows 11 Home,,16:10,300.0,,,,45.0,霧面,False,False,False,DDR5,5600.0,PCIe 4.0,1.0,False,1.0,2.0,False,2.1,False,,True,Wi-Fi 6,5.2,1080p,False,True,35.7,25.07,1.8,2.2,MIL-STD 810H,有,True,False,1.5,False,False,False,False,False,False,False,靜謐黑,True,https://www.asus.com/tw/laptops/for-gaming/all-series/asus-v16-v3607/,2024-12-20 11:36:00,2026-10-06,
90NB15Z1-M007B0,X1607QA-0051B26100,X1607QA,sku,ASUS Vivobook 16 (X1607QA); Copilot+ PC,asus,Vivobook,,35999.0,7,35999.0,3,Snapdragon X X1-26-100,,False,,,,,,,16,16.0,False,0,True,16.0,512,512.0,16.0,1920x1200,False,60,60.0,False,50,50.0,1.88,False,65,65.0,Windows 11 Home,IPS,16:10,300.0,,,,45.0,霧面,False,False,False,LPDDR5X,,PCIe 4.0,1.0,False,2.0,2.0,True,2.1,False,,True,Wi-Fi 6E,5.3,1080p,True,True,35.7,25.06,1.79,1.99,MIL-STD 810H,無,True,False,1.7,False,True,True,True,True,False,False,午夜藍,True,https://www.asus.com/tw/laptops/for-home/vivobook/asus-vivobook-16-x1607q/,2024-12-19 21:40:00,2026-10-06,True
90NB15Z1-M00830,X1607QA-0061B126100,X1607QA,sku,ASUS Vivobook 16 (X1607QA); Copilot+ PC,asus,Vivobook,,,0,,0,Snapdragon X X1-26-100,,False,,,,,,,16,16.0,False,0,True,16.0,1024,1024.0,16.0,1920x1200,False,60,60.0,False,50,50.0,1.88,False,65,65.0,Windows 11 Home,IPS,16:10,300.0,,,,45.0,霧面,False,False,False,LPDDR5X,,PCIe 4.0,1.0,False,2.0,2.0,True,2.1,False,,True,Wi-Fi 6E,5.3,1080p,True,True,35.7,25.06,1.79,1.99,MIL-STD 810H,無,True,False,1.7,False,True,True,True,True,False,False,午夜藍,True,https://www.asus.com/tw/laptops/for-home/vivobook/asus-vivobook-16-x1607q/,2024-12-19 21:40:00,2026-10-06,True
90NB1602-M004E0,X1407QA-0031D26100,X1407QA,sku,ASUS Vivobook 14 (X1407QA); Copilot+ PC,asus,Vivobook,,34999.0,1,,0,Snapdragon X X1-26-100,,False,,,,,,,16,16.0,False,0,True,16.0,1024,1024.0,14.0,1920x1200,False,60,60.0,False,50,50.0,1.49,False,65,65.0,Windows 11 Home,IPS,16:10,300.0,,,,45.0,霧面,False,False,False,LPDDR5X,,PCIe 4.0,1.0,False,2.0,2.0,True,2.1,False,,True,Wi-Fi 6E,5.3,1080p,True,True,31.52,22.34,1.79,1.99,,無,False,False,1.7,False,True,True,True,True,False,False,鉑金色,True,https://www.asus.com/tw/laptops/for-home/vivobook/asus-vivobook-14-x1407q/,2024-12-19 21:40:00,2026-10-06,True
90NB1602-M00980,X1407QA-0041D26100,X1407QA,sku,ASUS Vivobook 14 (X1407QA); Copilot+ PC,asus,Vivobook,,34999.0,5,34999.0,1,Snapdragon X X1-26-100,,False,,,,,,,16,16.0,False,0,True,16.0,512,512.0,14.0,1920x1200,False,60,60.0,False,50,50.0,1.49,False,65,65.0,Windows 11 Home,IPS,16:10,300.0,,,,45.0,霧面,False,False,False,LPDDR5X,,PCIe 4.0,1.0,False,2.0,2.0,True,2.1,False,,True,Wi-Fi 6E,5.3,1080p,True,True,31.52,22.34,1.79,1.99,,無,False,False,1.7,False,True,True,True,True,False,False,鉑金色,True,https://www.asus.com/tw/laptops/for-home/vivobook/asus-vivobook-14-x1407q/,2024-12-19 21:40:00,2026-10-06,True
90NB1582-M00070,X1407CA-0041D225H,X1407CA,sku,ASUS Vivobook 14 (X1407),asus,Vivobook,,,0,,0,Core Ultra 5 225H,,False,,,,,,,16,16.0,True,1,True,32.0,512,512.0,14.0,1920x1200,False,60,60.0,False,42,42.0,1.46,False,65,65.0,Windows 11 Home,IPS,16:10,300.0,,,,45.0,霧面,False,False,False,DDR5,,PCIe 4.0,1.0,False,2.0,2.0,False,1.4,False,,True,Wi-Fi 6,5.2,1080p,True,True,31.52,22.34,1.79,1.99,MIL-STD 810H,無,False,False,1.7,False,True,True,True,True,False,False,鉑金色,True,https://www.asus.com/tw/laptops/for-home/vivobook/asus-vivobook-14-x1407/,2024-12-19 17:12:00,2026-10-06,False
90NB1582-M00920,X1407CA-0051D225H,X1407CA,sku,ASUS Vivobook 14 (X1407),asus,Vivobook,,,0,,0,Core Ultra 5 225H,,False,,,,,,,16,16.0,True,1,True,32.0,512,512.0,14.0,1920x1200,False,60,60.0,False,42,42.0,1.46,False,65,65.0,Windows 11 Home,IPS,16:10,300.0,,,,45.0,霧面,False,False,False,DDR5,,PCIe 4.0,1.0,False,2.0,2.0,False,1.4,False,,True,Wi-Fi 6,5.2,1080p,True,True,31.52,22.34,1.79,1.99,MIL-STD 810H,無,False,False,1.7,False,True,True,True,True,False,False,鉑金色,True,https://www.asus.com/tw/laptops/for-home/vivobook/asus-vivobook-14-x1407/,2024-12-19 17:12:00,2026-10-06,False
90NB1742-M00160,X1407AA-0041D325,X1407AA,sku,ASUS Vivobook 14 (X1407),asus,Vivobook,,32999.0,2,,0,Core Ultra 5 325,,False,,,,,,,16,16.0,True,1,True,32.0,512,512.0,14.0,1920x1200,False,60,60.0,False,42,42.0,1.46,False,68,68.0,Windows 11 Home,IPS,16:10,300.0,,,,45.0,霧面,False,False,False,DDR5,,PCIe 4.0,1.0,False,2.0,2.0,False,1.4,False,,True,Wi-Fi 6,5.3,1080p,False,True,31.52,22.34,1.79,1.99,MIL-STD 810H,無,False,False,1.7,False,True,True,True,True,False,False,鉑金色,True,https://www.asus.com/tw/laptops/for-home/vivobook/asus-vivobook-14-x1407/,2024-12-19 17:12:00,2026-10-06,True
90NB1501-M00AS0,UX3407QA-0072D26100,UX3407QA,sku,ASUS Zenbook A14 (UX3407); Copilot+ PC,asus,Zenbook,49999.0,,0,,0,Snapdragon X X1-26-100,,False,,,,,,,32,32.0,False,0,True,32.0,1024,1024.0,14.0,1920x1200,True,60,60.0,False,70,70.0,0.98,False,65,65.0,Windows 11 Home,OLED,16:10,400.0,600.0,100.0,,,,False,False,False,LPDDR5X,,PCIe 4.0,1.0,False,2.0,1.0,True,2.1,False,,True,Wi-Fi 6E,5.3,1080p,True,False,31.07,21.39,1.34,1.59,MIL-STD 810H,有,False,False,1.3,False,True,True,False,True,False,False,沙暮金,True,https://www.asus.com/tw/laptops/for-home/zenbook/asus-zenbook-a14-ux3407/,2024-12-19 12:25:00,2026-10-06,True
90NB1501-M00Z40,UX3407QA-0132D26100,UX3407QA,sku,ASUS Zenbook A14 (UX3407); Copilot+ PC,asus,Zenbook,41999.0,41999.0,7,41999.0,2,Snapdragon X X1-26-100,,False,,,,,,,16,16.0,False,0,True,16.0,1024,1024.0,14.0,1920x1200,True,60,60.0,False,70,70.0,0.98,False,65,65.0,Windows 11 Home,OLED,16:10,400.0,600.0,100.0,,,,False,False,False,LPDDR5X,,PCIe 4.0,1.0,False,2.0,1.0,True,2.1,False,,True,Wi-Fi 6E,5.3,1080p,True,False,31.07,21.39,1.34,1.59,MIL-STD 810H,有,False,False,1.3,False,True,True,False,True,False,False,沙暮金,True,https://www.asus.com/tw/laptops/for-home/zenbook/asus-zenbook-a14-ux3407/,2024-12-19 12:25:00,2026-10-06,True
90NB1501-M012D0,UX3407QA-0232D26100,UX3407QA,sku,ASUS Zenbook A14 (UX3407); Copilot+ PC,asus,Zenbook,41999.0,41999.0,4,41999.0,3,Snapdragon X X1-26-100,,False,,,,,,,16,16.0,False,0,True,16.0,1024,1024.0,14.0,1920x1200,True,60,60.0,False,70,70.0,0.98,False,68,68.0,Windows 11 Home,OLED,16:10,400.0,600.0,100.0,,,,False,False,False,LPDDR5X,,PCIe 4.0,1.0,False,2.0,1.0,True,2.1,False,,True,Wi-Fi 6E,5.3,1080p,True,False,31.07,21.39,1.34,1.59,MIL-STD 810H,有,False,False,1.3,False,True,True,False,True,False,False,沙暮金,True,https://www.asus.com/tw/laptops/for-home/zenbook/asus-zenbook-a14-ux3407/,2024-12-19 12:25:00,2026-10-06,True
90NB1501-M012E0,UX3407QA-0242D26100,UX3407QA,sku,ASUS Zenbook A14 (UX3407); Copilot+ PC,asus,Zenbook,36999.0,36999.0,4,36999.0,3,Snapdragon X X1-26-100,,False,,,,,,,16,16.0,False,0,True,16.0,512,512.0,14.0,1920x1200,False,60,60.0,False,48,48.0,0.9,False,68,68.0,Windows 11 Home,IPS,16:10,400.0,,,100.0,,霧面,False,False,False,LPDDR5X,,PCIe 4.0,1.0,False,2.0,1.0,True,2.1,False,,True,Wi-Fi 6E,5.3,1080p,True,False,31.07,21.39,1.34,1.59,MIL-STD 810H,有,False,False,1.3,False,True,True,False,True,False,False,沙暮金,True,https://www.asus.com/tw/laptops/for-home/zenbook/asus-zenbook-a14-ux3407/,2024-12-19 12:25:00,2026-10-06,True
90NB1502-M00AR0,UX3407QA-0062G26100,UX3407QA,sku,ASUS Zenbook A14 (UX3407); Copilot+ PC,asus,Zenbook,36999.0,36999.0,1,41999.0,2,Snapdragon X X1-26-100,,False,,,,,,,16,16.0,False,0,True,16.0,1024,1024.0,14.0,1920x1200,False,60,60.0,False,48,48.0,0.9,False,65,65.0,Windows 11 Home,IPS,16:10,400.0,,,100.0,,霧面,False,False,False,LPDDR5X,,PCIe 4.0,1.0,False,2.0,1.0,True,2.1,False,,True,Wi-Fi 6E,5.3,1080p,True,False,31.07,21.39,1.34,1.59,MIL-STD 810H,有,False,False,1.3,False,True,True,False,True,False,False,冰岩灰,True,https://www.asus.com/tw/laptops/for-home/zenbook/asus-zenbook-a14-ux3407/,2024-12-19 12:25:00,2026-10-06,True
90NB1502-M00AT0,UX3407QA-0082G26100,UX3407QA,sku,ASUS Zenbook A14 (UX3407); Copilot+ PC,asus,Zenbook,49999.0,,0,,0,Snapdragon X X1-26-100,,False,,,,,,,32,32.0,False,0,True,32.0,1024,1024.0,14.0,1920x1200,True,60,60.0,False,70,70.0,0.98,False,65,65.0,Windows 11 Home,OLED,16:10,400.0,600.0,100.0,,,,False,False,False,LPDDR5X,,PCIe 4.0,1.0,False,2.0,1.0,True,2.1,False,,True,Wi-Fi 6E,5.3,1080p,True,False,31.07,21.39,1.34,1.59,MIL-STD 810H,有,False,False,1.3,False,True,True,False,True,False,False,冰岩灰,True,https://www.asus.com/tw/laptops/for-home/zenbook/asus-zenbook-a14-ux3407/,2024-12-19 12:25:00,2026-10-06,True
90NB1502-M00JH0,UX3407QA-0102G26100,UX3407QA,sku,ASUS Zenbook A14 (UX3407); Copilot+ PC,asus,Zenbook,41999.0,41999.0,3,41999.0,2,Snapdragon X X1-26-100,,False,,,,,,,16,16.0,False,0,True,16.0,1024,1024.0,14.0,1920x1200,True,60,60.0,False,70,70.0,0.98,False,65,65.0,Windows 11 Home,OLED,16:10,400.0,600.0,100.0,,,,False,False,False,LPDDR5X,,PCIe 4.0,1.0,False,2.0,1.0,True,2.1,False,,True,Wi-Fi 6E,5.3,1080p,True,False,31.07,21.39,1.34,1.59,MIL-STD 810H,有,False,False,1.3,False,True,True,False,True,False,False,冰岩灰,True,https://www.asus.com/tw/laptops/for-home/zenbook/asus-zenbook-a14-ux3407/,2024-12-19 12:25:00,2026-10-06,True
90NB1502-M00S80,UX3407QA-0112G26100,UX3407QA,sku,ASUS Zenbook A14 (UX3407); Copilot+ PC,asus,Zenbook,,36999.0,4,36999.0,2,Snapdragon X X1-26-100,,False,,,,,,,16,16.0,False,0,True,16.0,512,512.0,14.0,1920x1200,False,60,60.0,False,48,48.0,0.9,False,65,65.0,Windows 11 Home,IPS,16:10,400.0,,,100.0,,霧面,False,False,False,LPDDR5X,,PCIe 4.0,1.0,False,2.0,1.0,True,2.1,False,,True,Wi-Fi 6E,5.3,1080p,True,False,31.07,21.39,1.34,1.59,MIL-STD 810H,有,False,False,1.3,False,True,True,False,True,False,False,冰岩灰,True,https://www.asus.com/tw/laptops/for-home/zenbook/asus-zenbook-a14-ux3407/,2024-12-19 12:25:00,2026-10-06,True
90NB1502-M010N0,UX3407QA-0202G26100,UX3407QA,sku,ASUS Zenbook A14 (UX3407); Copilot+ PC,asus,Zenbook,41999.0,41999.0,4,41999.0,3,Snapdragon X X1-26-100,,False,,,,,,,16,16.0,False,0,True,16.0,1024,1024.0,14.0,1920x1200,True,60,60.0,False,70,70.0,0.98,False,68,68.0,Windows 11 Home,OLED,16:10,400.0,600.0,100.0,,,,False,False,False,LPDDR5X,,PCIe 4.0,1.0,False,2.0,1.0,True,2.1,False,,True,Wi-Fi 6E,5.3,1080p,True,False,31.07,21.39,1.34,1.59,MIL-STD 810H,有,False,False,1.3,False,True,True,False,True,False,False,冰岩灰,True,https://www.asus.com/tw/laptops/for-home/zenbook/asus-zenbook-a14-ux3407/,2024-12-19 12:25:00,2026-10-06,True
90NB1502-M011S0,UX3407QA-0212G26100,UX3407QA,sku,ASUS Zenbook A14 (UX3407); Copilot+ PC,asus,Zenbook,36999.0,36999.0,5,36999.0,3,Snapdragon X X1-26-100,,False,,,,,,,16,16.0,False,0,True,16.0,512,512.0,14.0,1920x1200,False,60,60.0,False,48,48.0,0.9,False,68,68.0,Windows 11 Home,IPS,16:10,400.0,,,100.0,,霧面,False,False,False,LPDDR5X,,PCIe 4.0,1.0,False,2.0,1.0,True,2.1,False,,True,Wi-Fi 6E,5.3,1080p,True,False,31.07,21.39,1.34,1.59,MIL-STD 810H,有,False,False,1.3,False,True,True,False,True,False,False,冰岩灰,True,https://www.asus.com/tw/laptops/for-home/zenbook/asus-zenbook-a14-ux3407/,2024-12-19 12:25:00,2026-10-06,True
90NB1711-M00AF0,UX3407NA-0112D88100,UX3407NA,sku,ASUS Zenbook A14 (UX3407); Copilot+ PC,asus,Zenbook,59999.0,59999.0,4,59999.0,2,Snapdragon X2 Elite X2E-88-100,,False,,,,,,,16,16.0,False,0,True,16.0,512,512.0,14.0,2880x1800,True,120,120.0,False,70,70.0,0.99,False,100,100.0,Windows 11 Home,OLED,16:10,400.0,1100.0,100.0,,,,False,False,False,LPDDR5X,,PCIe 4.0,1.0,False,2.0,1.0,True,2.1,False,,True,Wi-Fi 7,6.0,1080p,True,False,31.07,21.39,1.34,1.59,MIL-STD 810H,有,False,False,1.3,False,True,True,False,True,False,False,沙暮金,True,https://www.asus.com/tw/laptops/for-home/zenbook/asus-zenbook-a14-ux3407/,2024-12-19 12:25:00,2026-10-06,True
90NB1712-M00AH0,UX3407NA-0122G88100,UX3407NA,sku,ASUS Zenbook A14 (UX3407); Copilot+ PC,asus,Zenbook,59999.0,59999.0,5,59999.0,2,Snapdragon X2 Elite X2E-88-100,,False,,,,,,,16,16.0,False,0,True,16.0,512,512.0,14.0,2880x1800,True,120,120.0,False,70,70.0,0.99,False,100,100.0,Windows 11 Home,OLED,16:10,400.0,1100.0,100.0,,,,False,False,False,LPDDR5X,,PCIe 4.0,1.0,False,2.0,1.0,True,2.1,False,,True,Wi-Fi 7,6.0,1080p,True,False,31.07,21.39,1.34,1.59,MIL-STD 810H,有,False,False,1.3,False,True,True,False,True,False,False,冰岩灰,True,https://www.asus.com/tw/laptops/for-home/zenbook/asus-zenbook-a14-ux3407/,2024-12-19 12:25:00,2026-10-06,True
,,BM1503CDA,model,ASUS ExpertBook BM1 (BM1503),asus,ExpertBook,,,0,33900.0,1,Ryzen 7 7735U/Ryzen 5 7535U,,False,,,,,,,16,16.0,True,2,False,,512/1024,1024.0,15.6,1920x1080,False,,,False,42,42.0,1.6,False,65,65.0,Windows 11 Pro Education/Windows 11 Pro,,16:9,300.0,,,,45.0,霧面,False,False,False,DDR5,,PCIe 4.0,2.0,False,2.0,2.0,False,1.4,True,,True,Wi-Fi 6E,5.1,720p,False,False,35.95,23.22,1.99,1.99,MIL-STD 810H,有,True,False,1.35,True,False,True,True,True,False,False,Gentle Grey,True,https://www.asus.com/tw/laptops/for-work/expertbook/asus-expertbook-bm1-bm1503/,2024-09-06 12:34:00,2026-10-06,
,,B1503CVA,model,ASUS ExpertBook B1 (B1503),asus,ExpertBook,,34900.0,4,44900.0,5,Core i7-1355U/Core 7 240H/Core 7 150U/Core i5-13420H/Core i5-1335U/Core 5 210H/Core 5 120U/Core i3-1315U/Core 3 100U,,False,,,,,,,8/16/32,32.0,True,2,False,,512/1024,1024.0,15.6,1920x1080,False,,,False,42/50,50.0,1.64,False,65,65.0,Windows 11 Pro Education/Windows 11 Pro/Windows 11 Home,TN,16:9,300.0,,,,45.0,霧面,False,False,False,DDR5,,PCIe 4.0,2.0,False,2.0,2.0,False,1.4,True,,True,Wi-Fi 6E,5.3,1080p/720p,False,False,35.95,23.22,1.99,1.99,MIL-STD 810H,有,True,False,1.35,True,False,True,True,True,False,False,Gentle Grey,True,https://www.asus.com/tw/laptops/for-work/expertbook/asus-expertbook-b1-b1503/,2024-09-06 12:34:00,2026-10-06,
,,BM1403CDA,model,ASUS ExpertBook BM1 (BM1403),asus,ExpertBook,,,0,,0,Ryzen 7 7735U/Ryzen 5 7535U,,False,,,,,,,16,16.0,True,2,False,,512/1024,1024.0,14.0,1920x1080,False,,,False,42,42.0,1.4,False,65,65.0,Windows 11 Pro,,16:9,300.0,,,,45.0,霧面,False,False,False,DDR5,,PCIe 4.0,2.0,False,2.0,2.0,False,1.4,True,,True,Wi-Fi 6E,5.1,720p,False,False,32.45,21.44,1.97,1.97,MIL-STD 810H,有,False,False,1.35,True,False,True,True,True,False,False,Gentle Grey,True,https://www.asus.com/tw/laptops/for-work/expertbook/asus-expertbook-bm1-bm1403/,2024-09-06 12:33:00,2026-10-06,
,,B1403CVA,model,ASUS ExpertBook B1 (B1403),asus,ExpertBook,,44900.0,3,38490.0,8,Core 7 240H/Core 7 150U/Core 5 120U,,False,,,,,,,16,16.0,True,2,False,,1024,1024.0,14.0,1920x1080,False,,,False,42/50,50.0,1.4,False,65,65.0,Windows 11 Pro,,16:9,300.0,,,,45.0,霧面,False,False,False,DDR5,,PCIe 4.0,2.0,False,2.0,2.0,False,1.4,True,,True,Wi-Fi 6E,5.3,1080p/720p,False,False,32.45,21.44,1.97,1.97,MIL-STD 810H,有,False,False,1.35,False,False,True,True,True,False,False,Gentle Grey,True,https://www.asus.com/tw/laptops/for-work/expertbook/asus-expertbook-b1-b1403/,2024-09-06 12:33:00,2026-10-06,
,,P1503CVA,model,ExpertBook P1 (P1503),asus,ExpertBook,,,0,,0,Core i7-13620H/Core i5-13420H,,False,,,,,,,16,16.0,True,1,False,,512/1024,1024.0,15.6,1920x1080,False,,,False,50,50.0,1.61,False,65,65.0,Windows 11 Pro,,16:9,300.0,,,,45.0,霧面,False,False,False,DDR5,,PCIe 4.0,6.0,False,2.0,2.0,False,1.4,True,,True,Wi-Fi 6,5.4,720p,False,False,35.95,23.22,1.99,1.99,MIL-STD 810H,無,True,False,1.35,True,False,True,True,True,False,False,迷霧灰,True,https://www.asus.com/tw/laptops/for-work/expertbook/expertbook-p1-p1503/,2024-09-04 09:42:00,2026-10-06,
,,P1403,model,ExpertBook P1 (P1403),asus,ExpertBook,,,0,,0,,,False,,,,,,,,,False,0,False,,,,,,False,,,False,,,,False,,,,,,,,,,,,False,False,False,,,,,False,,,False,,False,,False,,,,False,False,,,,,,,False,False,,False,False,False,False,False,False,False,,False,https://www.asus.com/tw/laptops/for-work/expertbook/expertbook-p1-p1403/,2024-09-04 09:21:00,2026-10-06,
90NB14Y1-M000T0,TP3407SA-0023G226V,TP3407SA,sku,ASUS Vivobook 14 Flip (TP3407); Copilot+ PC,asus,Vivobook,,,0,,0,Core Ultra 5 226V,,False,,,,,,,16,16.0,False,0,True,16.0,1024,1024.0,14.0,1920x1200,True,60,60.0,True,70,70.0,1.57,True,65,65.0,Windows 11 Home,OLED,16:10,400.0,500.0,100.0,,,,False,False,True,LPDDR5X,,PCIe 4.0,1.0,False,2.0,1.0,False,2.1,False,microSD/SD,True,Wi-Fi 7,5.4,1080p,True,True,31.26,22.09,1.69,1.71,MIL-STD 810H,有,False,False,1.7,False,True,True,True,True,False,False,夜幕灰,True,https://www.asus.com/tw/laptops/for-home/vivobook/asus-vivobook-14-flip-tp3407/,2024-09-02 14:43:00,2026-10-06,True
90NB14Y1-M006M0,TP3407SA-0033G258V,TP3407SA,sku,ASUS Vivobook 14 Flip (TP3407); Copilot+ PC,asus,Vivobook,,,0,,0,Core Ultra 7 258V,,False,,,,,,,,,False,0,False,32.0,1024,1024.0,14.0,1920x1200,True,60,60.0,True,70,70.0,1.57,True,65,65.0,Windows 11 Home,OLED,16:10,400.0,500.0,100.0,,,,False,False,True,,,PCIe 4.0,1.0,False,2.0,1.0,False,2.1,False,microSD/SD,True,Wi-Fi 7,5.4,1080p,True,True,31.26,22.09,1.69,1.71,MIL-STD 810H,有,False,False,1.7,False,True,True,True,True,False,False,夜幕灰,True,https://www.asus.com/tw/laptops/for-home/vivobook/asus-vivobook-14-flip-tp3407/,2024-09-02 14:43:00,2026-10-06,True
90NB14Y1-M00AX0,TP3407SA-0043G226V,TP3407SA,sku,ASUS Vivobook 14 Flip (TP3407); Copilot+ PC,asus,Vivobook,,,0,,0,Core Ultra 5 226V,,False,,,,,,,16,16.0,False,0,True,16.0,1024,1024.0,14.0,1920x1200,True,60,60.0,True,70,70.0,1.57,True,65,65.0,Windows 11 Home,OLED,16:10,300.0,,95.0,,,,False,False,True,LPDDR5X,,PCIe 4.0,1.0,False,2.0,1.0,False,2.1,False,microSD/SD,True,Wi-Fi 7,5.4,1080p,True,True,31.26,22.09,1.69,1.71,MIL-STD 810H,有,False,False,1.7,False,True,True,True,True,False,False,夜幕灰,True,https://www.asus.com/tw/laptops/for-home/vivobook/asus-vivobook-14-flip-tp3407/,2024-09-02 14:43:00,2026-10-06,True
90NB17C1-M00750,TP3407AA-0033G355,TP3407AA,sku,ASUS Vivobook 14 Flip (TP3407); Copilot+ PC,asus,Vivobook,,53999.0,4,53999.0,1,Core Ultra 7 355,,False,,,,,,,16,16.0,False,0,True,16.0,512,512.0,14.0,1920x1200,True,60,60.0,True,70,70.0,1.57,True,68,68.0,Windows 11 Home,OLED,16:10,300.0,,95.0,,,,False,False,True,LPDDR5X,,PCIe 4.0,1.0,False,2.0,1.0,False,2.1,False,microSD/SD,True,Wi-Fi 7,6.0,1080p,True,True,31.26,22.09,1.69,1.71,MIL-STD 810H,有,False,False,1.7,False,True,True,True,True,False,False,夜幕灰,True,https://www.asus.com/tw/laptops/for-home/vivobook/asus-vivobook-14-flip-tp3407/,2024-09-02 14:43:00,2026-10-06,True
90NB14R1-M000T0,UX5606SA-0032I258V,UX5606SA,sku,ASUS Zenbook S16 (UX5606); Copilot+ PC,asus,Zenbook,,,0,,0,Core Ultra 7 258V,,False,,,,,,,,,False,0,False,32.0,1024,1024.0,16.0,2880x1800,True,120,120.0,False,78,78.0,1.5,True,65,65.0,Windows 11 Home,OLED,16:10,400.0,500.0,100.0,,,鏡面,False,False,False,,,PCIe 4.0,1.0,False,2.0,1.0,False,2.1,False,SD,True,Wi-Fi 7,5.4,1080p,True,False,35.36,24.3,1.19,1.29,MIL-STD 810H,有,False,False,1.1,False,True,True,False,False,False,False,曜岩灰,True,https://www.asus.com/tw/laptops/for-home/zenbook/asus-zenbook-s-16-ux5606/,2024-09-02 14:42:00,2026-10-06,True
90NB14R1-M00BJ0,UX5606SA-0072I258V,UX5606SA,sku,ASUS Zenbook S16 (UX5606); Copilot+ PC,asus,Zenbook,,,0,,0,Core Ultra 7 258V,,False,,,,,,,,,False,0,False,32.0,1024,1024.0,16.0,2880x1800,True,120,120.0,False,78,78.0,1.5,True,65,65.0,Windows 11 Home,OLED,16:10,400.0,500.0,100.0,,,鏡面,False,False,False,,,PCIe 4.0,1.0,False,2.0,1.0,False,2.1,False,SD,True,Wi-Fi 7,5.4,1080p,True,False,35.36,24.3,1.19,1.29,MIL-STD 810H,有,False,False,1.1,False,True,True,False,True,False,False,曜岩灰,True,https://www.asus.com/tw/laptops/for-home/zenbook/asus-zenbook-s-16-ux5606/,2024-09-02 14:42:00,2026-10-06,True
90NB14R2-M000S0,UX5606SA-0022W258V,UX5606SA,sku,ASUS Zenbook S16 (UX5606); Copilot+ PC,asus,Zenbook,,,0,,0,Core Ultra 7 258V,,False,,,,,,,,,False,0,False,32.0,1024,1024.0,16.0,2880x1800,True,120,120.0,False,78,78.0,1.5,True,65,65.0,Windows 11 Home,OLED,16:10,400.0,500.0,100.0,,,鏡面,False,False,False,,,PCIe 4.0,1.0,False,2.0,1.0,False,2.1,False,SD,True,Wi-Fi 7,5.4,1080p,True,False,35.36,24.3,1.19,1.29,MIL-STD 810H,有,False,False,1.1,False,True,True,False,False,False,False,暖煦白,True,https://www.asus.com/tw/laptops/for-home/zenbook/asus-zenbook-s-16-ux5606/,2024-09-02 14:42:00,2026-10-06,True
90NB14R2-M00BH0,UX5606SA-0062W258V,UX5606SA,sku,ASUS Zenbook S16 (UX5606); Copilot+ PC,asus,Zenbook,,,0,,0,Core Ultra 7 258V,,False,,,,,,,,,False,0,False,32.0,1024,1024.0,16.0,2880x1800,True,120,120.0,False,78,78.0,1.5,True,65,65.0,Windows 11 Home,OLED,16:10,400.0,500.0,100.0,,,鏡面,False,False,False,,,PCIe 4.0,1.0,False,2.0,1.0,False,2.1,False,SD,True,Wi-Fi 7,5.4,1080p,True,False,35.36,24.3,1.19,1.29,MIL-STD 810H,有,False,False,1.1,False,True,True,False,True,False,False,暖煦白,True,https://www.asus.com/tw/laptops/for-home/zenbook/asus-zenbook-s-16-ux5606/,2024-09-02 14:42:00,2026-10-06,True
90NB14F1-M00520,UX5406SA-0032I258V,UX5406SA,sku,ASUS Zenbook S14 (UX5406); Copilot+ PC,asus,Zenbook,,,0,,0,Core Ultra 7 258V,,False,,,,,,,,,False,0,False,32.0,1024,1024.0,14.0,2880x1800,True,120,120.0,False,72,72.0,1.2,True,65,65.0,Windows 11 Home,OLED,16:10,400.0,500.0,100.0,,,鏡面,False,False,False,,,PCIe 4.0,1.0,False,2.0,1.0,False,2.1,False,,True,Wi-Fi 7,5.4,1080p,True,False,31.03,21.47,1.19,1.29,MIL-STD 810H,有,False,False,1.1,False,True,True,False,True,False,False,曜岩灰,True,https://www.asus.com/tw/laptops/for-home/zenbook/asus-zenbook-s-14-ux5406/,2024-08-23 14:36:00,2026-10-06,True
90NB14F1-M00540,UX5406SA-0052I226V,UX5406SA,sku,ASUS Zenbook S14 (UX5406); Copilot+ PC,asus,Zenbook,,,0,,0,Core Ultra 5 226V,,False,,,,,,,16,16.0,False,0,True,16.0,1024,1024.0,14.0,2880x1800,True,120,120.0,False,72,72.0,1.2,True,65,65.0,Windows 11 Home,OLED,16:10,400.0,500.0,100.0,,,鏡面,False,False,False,LPDDR5X,,PCIe 4.0,1.0,False,2.0,1.0,False,2.1,False,,True,Wi-Fi 7,5.4,1080p,True,False,31.03,21.47,1.19,1.29,MIL-STD 810H,有,False,False,1.1,False,True,True,False,True,False,False,曜岩灰,True,https://www.asus.com/tw/laptops/for-home/zenbook/asus-zenbook-s-14-ux5406/,2024-08-23 14:36:00,2026-10-06,True
90NB14F2-M00510,UX5406SA-0022W258V,UX5406SA,sku,ASUS Zenbook S14 (UX5406); Copilot+ PC,asus,Zenbook,,,0,,0,Core Ultra 7 258V,,False,,,,,,,,,False,0,False,32.0,1024,1024.0,14.0,2880x1800,True,120,120.0,False,72,72.0,1.2,True,65,65.0,Windows 11 Home,OLED,16:10,400.0,500.0,100.0,,,鏡面,False,False,False,,,PCIe 4.0,1.0,False,2.0,1.0,False,2.1,False,,True,Wi-Fi 7,5.4,1080p,True,False,31.03,21.47,1.19,1.29,MIL-STD 810H,有,False,False,1.1,False,True,True,False,True,False,False,暖煦白,True,https://www.asus.com/tw/laptops/for-home/zenbook/asus-zenbook-s-14-ux5406/,2024-08-23 14:36:00,2026-10-06,True
90NB16Q2-M00N30,UX5406AA-0092W355,UX5406AA,sku,ASUS Zenbook S14 (UX5406); Copilot+ PC,asus,Zenbook,57999.0,57999.0,5,57999.0,3,Core Ultra 7 355,,False,,,,,,,16,16.0,False,0,True,16.0,512,512.0,14.0,2880x1800,True,120,120.0,False,77,77.0,1.2,True,68,68.0,Windows 11 Home,OLED,16:10,500.0,1100.0,100.0,,,,False,False,False,LPDDR5X,,PCIe 4.0,1.0,False,2.0,1.0,False,2.1,False,,True,Wi-Fi 7,6.0,1080p,True,False,31.03,21.47,1.19,1.29,MIL-STD 810H,有,False,False,1.1,False,True,True,False,True,False,False,暖煦白,True,https://www.asus.com/tw/laptops/for-home/zenbook/asus-zenbook-s-14-ux5406/,2024-08-23 14:36:00,2026-10-06,True
90NB16Q6-M002R0,UX5406AA-0042G386H,UX5406AA,sku,ASUS Zenbook S14 (UX5406); Copilot+ PC,asus,Zenbook,76999.0,,0,,0,Core Ultra 9 386H,,False,,,,,,,32,32.0,False,0,True,32.0,1024,1024.0,14.0,2880x1800,True,120,120.0,False,77,77.0,1.2,True,68,68.0,Windows 11 Home,OLED,16:10,500.0,1100.0,100.0,,,,False,False,False,LPDDR5X,,PCIe 4.0,1.0,False,2.0,1.0,False,2.1,False,,True,Wi-Fi 7,6.0,1080p,True,False,31.03,21.47,1.19,1.29,MIL-STD 810H,有,False,False,1.1,False,True,True,False,True,False,False,霧岩灰,True,https://www.asus.com/tw/laptops/for-home/zenbook/asus-zenbook-s-14-ux5406/,2024-08-23 14:36:00,2026-10-06,True
90NB16Q6-M00N20,UX5406AA-0082G355,UX5406AA,sku,ASUS Zenbook S14 (UX5406); Copilot+ PC,asus,Zenbook,57999.0,57999.0,4,57999.0,3,Core Ultra 7 355,,False,,,,,,,16,16.0,False,0,True,16.0,512,512.0,14.0,2880x1800,True,120,120.0,False,77,77.0,1.2,True,68,68.0,Windows 11 Home,OLED,16:10,500.0,1100.0,100.0,,,,False,False,False,LPDDR5X,,PCIe 4.0,1.0,False,2.0,1.0,False,2.1,False,,True,Wi-Fi 7,6.0,1080p,True,False,31.03,21.47,1.19,1.29,MIL-STD 810H,有,False,False,1.1,False,True,True,False,True,False,False,霧岩灰,True,https://www.asus.com/tw/laptops/for-home/zenbook/asus-zenbook-s-14-ux5406/,2024-08-23 14:36:00,2026-10-06,True
,,L5404CHA,model,ExpertBook L5 (L5404),asus,ExpertBook,,,0,,0,Ryzen 7 8840U,,False,,,,,,,32,32.0,True,2,False,,1024,1024.0,14.0,1920x1200,False,,,False,63,63.0,1.34,False,65,65.0,Windows 11 Pro,,16:10,400.0,,,100.0,,霧面,False,False,False,DDR5,,PCIe 4.0,2.0,False,2.0,2.0,True,2.1,True,,True,Wi-Fi 6E,5.3,1080p,True,False,31.37,22.68,1.89,1.9,MIL-STD 810H,有,False,False,1.5,True,False,True,True,True,False,False,星夜黑,True,https://www.asus.com/tw/laptops/for-work/expertbook/expertbook-l5-l5404/,2024-07-03 08:23:00,2026-10-06,
90NR0J92-M00480,GA605WI-0062HHX370,GA605WI,sku,ROG Zephyrus G16 (2024) GA605,rog,ROG,,,0,,0,Ryzen AI 9 HX 370,,True,GeForce RTX 4070,105.0,85.0,1655.0,8,8.0,32,32.0,False,0,True,32.0,2048,2048.0,16.0,2560x1600,True,240,240.0,False,90,90.0,1.85,False,200,200.0,Windows 11 Home,OLED,16:10,,,100.0,,,鏡面,True,True,False,LPDDR5X,,PCIe 4.0,2.0,False,3.0,0.0,True,2.1,False,SD Express/SD,True,Wi-Fi 7,5.4,1080p,True,False,35.4,24.6,1.49,1.64,,有,False,False,,False,True,False,True,True,False,False,,True,https://rog.asus.com/tw/laptops/rog-zephyrus/rog-zephyrus-g16-2024-ga605/,2024-06-24 06:36:07,2026-10-06,True
90NR0JA2-M003D0,GA605WV-0042HHX370,GA605WV,sku,ROG Zephyrus G16 (2024) GA605,rog,ROG,,,0,,0,Ryzen AI 9 HX 370,,True,GeForce RTX 4060,100.0,85.0,1940.0,8,8.0,32,32.0,False,0,True,32.0,1024,1024.0,16.0,2560x1600,True,240,240.0,False,90,90.0,1.85,False,200,200.0,Windows 11 Home,OLED,16:10,,,100.0,,,鏡面,True,True,False,LPDDR5X,,PCIe 4.0,2.0,False,3.0,0.0,True,2.1,False,SD Express/SD,True,Wi-Fi 7,5.4,1080p,True,False,35.4,24.6,1.49,1.64,,有,False,False,,False,True,False,True,True,False,False,,True,https://rog.asus.com/tw/laptops/rog-zephyrus/rog-zephyrus-g16-2024-ga605/,2024-06-24 06:36:07,2026-10-06,False
90NR0JA1-M003B0,GA605WV-0022EHX370,GA605WV,sku,ROG Zephyrus G16 (2024) GA605,rog,ROG,,,0,,0,Ryzen AI 9 HX 370,,True,GeForce RTX 4060,100.0,85.0,1940.0,8,8.0,32,32.0,False,0,True,32.0,1024,1024.0,16.0,2560x1600,True,240,240.0,False,90,90.0,1.85,False,200,200.0,Windows 11 Home,OLED,16:10,,,100.0,,,鏡面,True,True,False,LPDDR5X,,PCIe 4.0,2.0,False,3.0,0.0,True,2.1,False,SD Express/SD,True,Wi-Fi 7,5.4,1080p,True,False,35.4,24.6,1.49,1.64,,有,False,False,,False,True,False,True,True,False,False,,True,https://rog.asus.com/tw/laptops/rog-zephyrus/rog-zephyrus-g16-2024-ga605/,2024-06-24 06:36:07,2026-10-06,False
,,P5405CSA,model,ExpertBook P5 (P5405); Copilot+ PC,asus,ExpertBook,,52900.0,1,45900.0,2,Core Ultra 7 268V/Core Ultra 7 258V/Core Ultra 5 228V/Core Ultra 5 226V,,False,,,,,,,16/32,32.0,False,0,True,32.0,512/1024,1024.0,14.0,2560x1600,False,,,False,63,63.0,1.2,True,65,65.0,Windows 11 Pro/Windows 11 Home,,16:10,400.0,,,100.0,,霧面,False,False,False,LPDDR5X,,PCIe 4.0,2.0,False,2.0,2.0,False,2.1,False,,True,Wi-Fi 7/Wi-Fi 6E,5.4,1080p,True,False,31.2,22.32,1.49,1.64,MIL-STD 810H,有,False,False,1.5,True,False,True,True,True,False,False,"迷霧灰, 科技銀",True,https://www.asus.com/tw/laptops/for-work/expertbook/expertbook-p5-p5405/,2024-06-03 14:35:00,2026-10-06,
90NB17X1-M00290,HN7306EA-0033K395,HN7306EA,sku,ProArt PX13 (HN7306); Copilot+ PC,asus,ProArt,,89999.0,5,89999.0,2,Ryzen AI MAX+ 395,,False,,,,,,,32,32.0,False,0,True,32.0,1024,1024.0,13.3,2880x1800,True,60,60.0,True,73,73.0,1.39,False,200,200.0,Windows 11 Home,OLED,16:10,400.0,500.0,100.0,,,,False,False,True,LPDDR5X,,PCIe 4.0,1.0,False,2.0,1.0,True,2.1,False,microSD/SD,True,Wi-Fi 7,5.4,1080p,True,False,29.82,20.99,1.58,1.77,MIL-STD 810H,有,False,False,1.7,False,True,False,False,True,False,False,曜夜黑,True,https://www.asus.com/tw/laptops/for-creators/proart/proart-px13-hn7306/,2024-05-29 22:06:00,2026-10-06,True
90NB14L1-M000A0,HN7306WV-0023KHX370,HN7306WV,sku,ProArt PX13 (HN7306); Copilot+ PC,asus,ProArt,,,0,,0,Ryzen AI 9 HX 370,,True,GeForce RTX 4060,,,,8,8.0,32,32.0,False,0,True,32.0,1024,1024.0,13.3,2880x1800,True,60,60.0,True,73,73.0,1.38,False,200,200.0,Windows 11 Home,OLED,16:10,400.0,500.0,100.0,,,鏡面,False,False,True,LPDDR5X,,PCIe 4.0,1.0,False,2.0,1.0,True,2.1,False,microSD/SD,True,Wi-Fi 7,5.4,1080p,True,False,29.82,20.99,1.58,1.77,MIL-STD 810H,有,False,False,1.7,False,True,False,False,True,True,False,曜夜黑,True,https://www.asus.com/tw/laptops/for-creators/proart/proart-px13-hn7306/,2024-05-29 22:06:00,2026-10-06,True
90NB1441-M000P0,HT5306QA-0023K1P42100,HT5306QA,sku,ProArt PZ13 (HT5306);​ Copilot+ PC,asus,ProArt,,,0,,0,Snapdragon X Plus X1P-42-100,,False,,,,,,,16,16.0,False,0,True,16.0,1024,1024.0,13.3,2880x1800,True,60,60.0,True,70,70.0,0.85,False,65,65.0,Windows 11 Home,OLED,16:10,,500.0,100.0,,,鏡面,False,False,True,LPDDR5X,,PCIe 4.0,,False,2.0,0.0,True,,False,SD Express/SD,False,Wi-Fi 7,5.4,720p,True,False,29.75,20.29,0.9,0.9,MIL-STD 810H,無,False,False,1.4,False,True,True,False,True,True,False,曜夜黑,True,https://www.asus.com/tw/laptops/for-creators/proart/proart-pz13-ht5306/,2024-05-29 21:50:00,2026-10-06,True
90NB17E1-M001W0,H7606WX-0043KHX370,H7606WX,sku,ProArt P16 (H7606); Copilot+ PC,asus,ProArt,,,0,199999.0,2,Ryzen AI 9 HX 370,,True,GeForce RTX 5090,,,,24,24.0,64,64.0,False,0,True,64.0,2048,2048.0,16.0,3840x2400,True,120,120.0,True,90,90.0,1.95,False,240,240.0,Windows 11 Pro,OLED,16:10,,1600.0,100.0,,,霧面,False,False,True,LPDDR5X,,PCIe 4.0,2.0,False,2.0,2.0,True,2.1,False,SD Express/SD,True,Wi-Fi 7,5.4,1080p,True,False,35.49,24.69,1.49,1.83,MIL-STD 810H,有,False,False,1.7,False,True,False,False,True,False,False,曜夜黑,True,https://www.asus.com/tw/laptops/for-creators/proart/proart-p16-h7606/,2024-05-29 21:26:00,2026-10-06,True
90NB15K1-M00290,H7606WP-0023KHX370,H7606WP,sku,ProArt P16 (H7606); Copilot+ PC,asus,ProArt,,,0,,0,Ryzen AI 9 HX 370,,True,GeForce RTX 5070,,,,8,8.0,64,64.0,False,0,True,64.0,2048,2048.0,16.0,3840x2400,True,60,60.0,True,90,90.0,1.85,False,200,200.0,Windows 11 Pro,OLED,16:10,400.0,500.0,100.0,,,,False,False,True,LPDDR5X,,PCIe 4.0,2.0,False,2.0,2.0,True,2.1,False,SD Express/SD,True,Wi-Fi 7,5.4,1080p,True,False,35.49,24.69,1.49,1.73,MIL-STD 810H,有,False,False,1.7,False,True,False,False,True,False,False,曜夜黑,True,https://www.asus.com/tw/laptops/for-creators/proart/proart-p16-h7606/,2024-05-29 21:26:00,2026-10-06,True
90NB15K1-M002B0,H7606WP-0043KHX370,H7606WP,sku,ProArt P16 (H7606); Copilot+ PC,asus,ProArt,,,0,,0,Ryzen AI 9 HX 370,,True,GeForce RTX 5070,,,,8,8.0,64,64.0,False,0,True,64.0,1024,1024.0,16.0,3840x2400,True,60,60.0,True,90,90.0,1.85,False,200,200.0,Windows 11 Pro,OLED,16:10,400.0,500.0,100.0,,,,False,False,True,LPDDR5X,,PCIe 4.0,2.0,False,2.0,2.0,True,2.1,False,SD Express/SD,True,Wi-Fi 7,5.4,1080p,True,False,35.49,24.69,1.49,1.73,MIL-STD 810H,有,False,False,1.7,False,True,False,False,True,False,False,曜夜黑,True,https://www.asus.com/tw/laptops/for-creators/proart/proart-p16-h7606/,2024-05-29 21:26:00,2026-10-06,True
90NB15K1-M00LS0,H7606WP-0083KHX370,H7606WP,sku,ProArt P16 (H7606); Copilot+ PC,asus,ProArt,,119999.0,2,,0,Ryzen AI 9 HX 370,,True,GeForce RTX 5070,,,,8,8.0,64,64.0,False,0,True,64.0,1024,1024.0,16.0,2880x1800,True,120,120.0,True,90,90.0,1.85,False,200,200.0,Windows 11 Pro,OLED,16:10,500.0,1000.0,100.0,,,,False,False,True,LPDDR5X,,PCIe 4.0,2.0,False,2.0,2.0,True,2.1,False,SD Express/SD,True,Wi-Fi 7,5.4,1080p,True,False,35.49,24.69,1.49,1.73,MIL-STD 810H,有,False,False,1.7,False,True,False,False,True,False,False,曜夜黑,True,https://www.asus.com/tw/laptops/for-creators/proart/proart-p16-h7606/,2024-05-29 21:26:00,2026-10-06,True
90NB1421-M008F0,H7606WI-0123KHX370,H7606WI,sku,ProArt P16 (H7606); Copilot+ PC,asus,ProArt,,,0,,0,Ryzen AI 9 HX 370,,True,GeForce RTX 4070,,,,8,8.0,32,32.0,False,0,True,32.0,2048,2048.0,16.0,3840x2400,True,60,60.0,True,90,90.0,1.85,False,200,200.0,Windows 11 Pro,OLED,16:10,400.0,500.0,100.0,,,,False,False,True,LPDDR5X,,PCIe 4.0,2.0,False,2.0,2.0,True,2.1,False,SD Express/SD,True,Wi-Fi 7,5.4,1080p,True,False,35.49,24.69,1.49,1.73,MIL-STD 810H,有,False,False,1.7,False,True,False,False,True,False,False,曜夜黑,True,https://www.asus.com/tw/laptops/for-creators/proart/proart-p16-h7606/,2024-05-29 21:26:00,2026-10-06,True
90NB1421-M008J0,H7606WI-0143KHX370,H7606WI,sku,ProArt P16 (H7606); Copilot+ PC,asus,ProArt,,,0,,0,Ryzen AI 9 HX 370,,True,GeForce RTX 4070,,,,8,8.0,64,64.0,False,0,True,64.0,2048,2048.0,16.0,3840x2400,True,60,60.0,True,90,90.0,1.85,False,200,200.0,Windows 11 Pro,OLED,16:10,400.0,500.0,100.0,,,,False,False,True,LPDDR5X,,PCIe 4.0,2.0,False,2.0,2.0,True,2.1,False,SD Express/SD,True,Wi-Fi 7,5.4,1080p,True,False,35.49,24.69,1.49,1.73,MIL-STD 810H,有,False,False,1.7,False,True,False,False,True,False,False,曜夜黑,True,https://www.asus.com/tw/laptops/for-creators/proart/proart-p16-h7606/,2024-05-29 21:26:00,2026-10-06,True
90NB13M2-M00L30,UM5606WA-0072WHX370,UM5606WA,sku,ASUS Zenbook S16 (UM5606); Copilot+ PC,asus,Zenbook,,,0,,0,Ryzen AI 9 HX 370,,False,,,,,,,32,32.0,False,0,True,32.0,1024,1024.0,16.0,2880x1800,True,120,120.0,False,78,78.0,1.5,False,65,65.0,Windows 11 Home,OLED,16:10,400.0,500.0,100.0,,,,False,False,False,LPDDR5X,,PCIe 4.0,1.0,False,2.0,1.0,True,2.1,False,SD,True,Wi-Fi 7,5.4,1080p,True,False,35.36,24.3,1.19,1.29,MIL-STD 810H,有,False,False,1.1,False,True,True,False,True,False,False,暖煦白,True,https://www.asus.com/tw/laptops/for-home/zenbook/asus-zenbook-s-16-um5606/,2024-05-29 21:07:00,2026-10-06,True
90NB1522-M00270,UM5606KA-0022W350H,UM5606KA,sku,ASUS Zenbook S16 (UM5606); Copilot+ PC,asus,Zenbook,,,0,,0,Ryzen AI 7 350,,False,,,,,,,24,24.0,False,0,True,24.0,1024,1024.0,16.0,2880x1800,True,120,120.0,False,78,78.0,1.5,False,65,65.0,Windows 11 Home,OLED,16:10,400.0,500.0,100.0,,,,False,False,False,LPDDR5X,,PCIe 4.0,1.0,False,2.0,1.0,True,2.1,False,SD,True,Wi-Fi 7,5.4,1080p,True,False,35.36,24.3,1.19,1.29,MIL-STD 810H,有,False,False,1.1,False,True,True,False,True,False,False,暖煦白,True,https://www.asus.com/tw/laptops/for-home/zenbook/asus-zenbook-s-16-um5606/,2024-05-29 21:07:00,2026-10-06,True
90NX08W1-M001D0,31C-CR1104FTA-0021AN150,CR1104FTA,sku,ASUS Chromebook CR11 Flip (CR1104F),asus,Chromebook,,,0,,0,Intel Processor N150,,False,,,,,,,8,8.0,False,0,True,16.0,64,64.0,11.6,1366x768,False,,,True,42,42.0,1.45,False,45,45.0,ChromeOS,,16:9,250.0,,,,50.0,鏡面,False,False,True,LPDDR5,,eMMC,,False,2.0,2.0,False,1.4,False,,True,Wi-Fi 6E,5.3,720p,False,False,29.69,21.3,2.12,2.12,MIL-STD 810H,無,False,False,1.35,True,False,False,True,True,True,False,礦石灰,True,https://www.asus.com/tw/laptops/for-students/chromebook/asus-chromebook-cr11-flip-cr1104f/,2024-05-29 15:11:00,2026-10-06,True
,,FA401WV,model,ASUS TUF Gaming A14 (2024),asus,TUF-Gaming,,,0,,0,Ryzen AI 9 HX 370,,True,GeForce RTX 4060,100.0,75.0,2225.0,8,8.0,32,32.0,False,0,True,32.0,1024,1024.0,14.0,2560x1600,False,165,165.0,False,73,73.0,1.46,False,200,200.0,Windows 11 Home,IPS,16:10,,,,100.0,,霧面,True,True,False,LPDDR5X,7500.0,PCIe 4.0,2.0,False,2.0,2.0,True,2.1,False,microSD/SD,True,Wi-Fi 6E,5.2,1080p,True,False,31.1,22.7,1.69,1.99,,有,False,False,,False,True,False,True,False,False,False,,True,https://www.asus.com/tw/laptops/for-gaming/tuf-gaming/asus-tuf-gaming-a14-2024/,2024-05-28 09:01:00,2026-10-06,
,,FA401WU,model,ASUS TUF Gaming A14 (2024),asus,TUF-Gaming,,,0,,0,Ryzen AI 9 HX 370,,True,GeForce RTX 4050,100.0,75.0,2345.0,6,6.0,16,16.0,False,0,True,16.0,1024,1024.0,14.0,2560x1600,False,165,165.0,False,73,73.0,1.46,False,200,200.0,Windows 11 Home,IPS,16:10,,,,100.0,,霧面,True,True,False,LPDDR5X,7500.0,PCIe 4.0,2.0,False,2.0,2.0,True,2.1,False,microSD/SD,True,Wi-Fi 6E,5.2,1080p,True,False,31.1,22.7,1.69,1.99,,有,False,False,,False,True,False,True,False,False,False,,True,https://www.asus.com/tw/laptops/for-gaming/tuf-gaming/asus-tuf-gaming-a14-2024/,2024-05-28 09:01:00,2026-10-06,
,,FA401UU,model,ASUS TUF Gaming A14 (2024),asus,TUF-Gaming,,,0,,0,Ryzen 7 8845HS,,True,GeForce RTX 4050,100.0,75.0,2345.0,6,6.0,16,16.0,False,0,True,16.0,512,512.0,14.0,2560x1600,False,165,165.0,False,73,73.0,1.46,False,200,200.0,Windows 11 Home,IPS,16:10,,,,100.0,,霧面,True,True,False,LPDDR5X,7500.0,PCIe 4.0,2.0,False,2.0,2.0,True,2.1,False,microSD/SD,True,Wi-Fi 6E,5.2,1080p,True,False,31.1,22.7,1.69,1.99,,有,False,False,,False,True,False,True,False,False,False,,True,https://www.asus.com/tw/laptops/for-gaming/tuf-gaming/asus-tuf-gaming-a14-2024/,2024-05-28 09:01:00,2026-10-06,
,,FA608WV,model,ASUS TUF Gaming A16 (2024) FA608,asus,TUF-Gaming,,,0,,0,Ryzen AI 9 HX 370,,True,GeForce RTX 4060,140.0,115.0,2420.0,8,8.0,32,32.0,False,0,True,32.0,1024,1024.0,16.0,2560x1600,False,165,165.0,False,90,90.0,2.2,False,240,240.0,Windows 11 Home,IPS,16:10,,,,100.0,72.0,霧面,True,True,False,LPDDR5X,7500.0,PCIe 4.0,2.0,False,2.0,2.0,True,2.1,True,,True,Wi-Fi 6E,5.2,1080p,True,False,35.4,26.9,1.79,2.57,,RGB,False,False,,False,True,False,True,False,False,False,,True,https://www.asus.com/tw/laptops/for-gaming/tuf-gaming/asus-tuf-gaming-a16-2024-fa608/,2024-05-28 09:00:00,2026-10-06,
,,CZ1104FM4A,model,ASUS Chromebook CZ11 Flip (CZ1104F),asus,Chromebook,,,0,,0,Kompanio 540,,False,,,,,,,8,8.0,False,0,True,8.0,64,64.0,11.6,1366x768,False,,,True,42,42.0,1.3,False,45,45.0,ChromeOS,,16:9,250.0,,,,50.0,鏡面,False,False,True,LPDDR5X,,eMMC,,False,2.0,2.0,False,1.4,False,,True,Wi-Fi 6E,5.1,5MP/720p,False,False,29.69,21.3,2.11,2.12,MIL-STD 810H,無,False,False,1.5,True,False,True,True,True,True,False,礦石灰,True,https://www.asus.com/tw/laptops/for-students/chromebook/asus-chromebook-cz11-flip-cz1104f/,2024-05-16 14:09:00,2026-10-06,
90NB14Q2-M00910,S5507QA-0078S1E78100,S5507QA,sku,ASUS Vivobook S15 (S5507); Copilot+ PC,asus,Vivobook,,,0,,0,Snapdragon X Elite X1E-78-100,,False,,,,,,,32,32.0,False,0,True,32.0,1024,1024.0,15.6,2880x1620,True,120,120.0,False,70,70.0,1.42,False,90,90.0,Windows 11 Home,OLED,16:9,,600.0,100.0,,,鏡面,False,False,False,LPDDR5X,,PCIe 4.0,1.0,False,2.0,2.0,True,2.1,False,microSD/SD,True,Wi-Fi 7,5.4,1080p,True,True,35.26,22.69,1.47,1.59,MIL-STD 810H,RGB,True,False,1.7,False,True,True,True,True,False,False,酷玩銀,True,https://www.asus.com/tw/laptops/for-home/vivobook/asus-vivobook-s-15-s5507/,2024-05-15 21:56:00,2026-10-06,True
90NB14Q2-M00970,S5507QA-0088S1P42100,S5507QA,sku,ASUS Vivobook S15 (S5507); Copilot+ PC,asus,Vivobook,,,0,,0,Snapdragon X Plus X1P-42-100,,False,,,,,,,16,16.0,False,0,True,16.0,1024,1024.0,15.6,2880x1620,True,120,120.0,False,70,70.0,1.42,False,65,65.0,Windows 11 Home,OLED,16:9,,600.0,100.0,,,鏡面,False,False,False,LPDDR5X,,PCIe 4.0,1.0,False,2.0,2.0,True,2.1,False,microSD/SD,True,Wi-Fi 7,5.4,1080p,True,True,35.26,22.69,1.47,1.59,MIL-STD 810H,RGB,True,False,1.7,False,True,True,True,True,False,False,酷玩銀,True,https://www.asus.com/tw/laptops/for-home/vivobook/asus-vivobook-s-15-s5507/,2024-05-15 21:56:00,2026-10-06,True
,,CX5403,model,ASUS ExpertBook CX54 Chromebook Plus(CX5403),asus,Chromebook,,,0,,0,Core Ultra 7 155U/Core Ultra 5 115U,,False,,,,,,,16/32,32.0,False,0,True,32.0,256/512,512.0,14.0,2560x1600,False,,,True,63,63.0,1.3,True,45,45.0,ChromeOS,,16:10,500.0,,100.0,,,霧面,False,False,True,LPDDR5X,,PCIe 4.0,,False,2.0,2.0,False,2.1,False,microSD/SD,True,Wi-Fi 6E,,,False,False,31.37,22.28,1.69,1.69,MIL-STD 810H,有,False,False,1.4,False,False,True,True,True,False,False,迷霧銀,True,https://www.asus.com/tw/laptops/for-home/chromebook/asus-expertbook-cx54-chromebook-plus-cx5403/,2024-05-14 13:46:00,2026-10-06,
,,B3402FVA,model,"ASUS ExpertBook B3 Flip (B3402FVA,系列1)",asus,ExpertBook,,,0,,0,Core i5-1335U/Core 5 120U,,False,,,,,,,8/16,16.0,True,1,True,40.0,512/1024,1024.0,14.0,1920x1080,False,,,True,50,50.0,1.61,True,65,65.0,Windows 11 Pro,,16:9,250.0,,,,45.0,鏡面,False,False,True,DDR4,,PCIe 4.0,1.0,False,2.0,2.0,False,2.1,True,,True,Wi-Fi 6E,5.3,720p,False,False,32.9,22.39,1.92,1.95,MIL-STD 810H,有,False,True,1.5,True,False,True,True,True,True,False,星夜黑,True,https://www.asus.com/tw/laptops/for-work/expertbook/expertbook-b3-flip-b3402-series-1/,2024-03-11 09:54:00,2026-10-06,
,,D1405Y,model,Vivobook 14 OLED (D1405Y),asus,Vivobook,,,0,,0,Ryzen 7 7730U/Ryzen 5 7530U,,False,,,,,,,8,8.0,True,1,True,16.0,512,512.0,14.0,1920x1200,False,60,60.0,False,42,42.0,1.6,False,45,45.0,Windows 11 Pro,IPS,16:10,300.0,,,,45.0,霧面,False,False,False,DDR4,,PCIe 3.0,1.0,False,1.0,3.0,False,1.4,False,,True,Wi-Fi 6E,5.3,720p,False,True,31.71,22.2,1.99,1.99,MIL-STD 810H,無,False,False,1.4,False,False,False,True,True,False,False,搖滾黑,True,https://www.asus.com/tw/laptops/for-home/vivobook/vivobook-14-d1405/,2024-03-07 00:01:00,2026-10-06,
,,B1408CV,model,"ExpertBook B1 (B1408CV, 13th Gen Intel)",asus,LP5-113046,,,0,,0,Core i7-1355U/Core i5-1335U,,False,,,,,,,16,16.0,True,1,True,48.0,512,512.0,14.0,1920x1080,False,,,False,42,42.0,1.46,False,65,65.0,Windows 11 Pro,,16:9,250.0,,,,45.0,霧面,False,False,False,DDR4,,PCIe 4.0,1.0,False,2.0,2.0,False,1.4,True,,True,Wi-Fi 6E,5.3,720p,False,False,32.69,21.45,1.99,1.99,MIL-STD 810H,有,False,False,1.4,True,False,True,True,True,False,False,星夜黑,True,https://www.asus.com/tw/laptops/gov-procurement/lp5-113046/expertbook-b1-b1408-13th-gen-intel/,2024-03-07 00:01:00,2026-10-06,
,,V3605V,model,ASUS Vivobook 16X OLED (V3605V),asus,Vivobook,,,0,,0,Core i5-13500H,,True,GeForce RTX 3050,,,,4,4.0,8,8.0,True,1,True,16.0,512,512.0,16.0,1920x1200,False,60,60.0,False,50,50.0,1.8,False,120,120.0,Windows 11 Pro,IPS,16:10,300.0,,,,45.0,霧面,False,False,False,DDR4,,PCIe 4.0,1.0,False,1.0,2.0,False,2.1,False,SD,True,Wi-Fi 6E,5.2,720p,False,True,35.86,24.91,1.89,1.89,MIL-STD 810H,無,True,False,1.4,False,False,False,True,True,False,False,搖滾黑,True,https://www.asus.com/tw/laptops/for-home/vivobook/asus-vivobook-16x-v3605/,2024-03-05 00:00:00,2026-10-06,
,,D1505Y,model,ASUS Vivobook 15 OLED (D1505Y),asus,Vivobook,,,0,,0,Ryzen 7 7730U/Ryzen 5 7530U,,False,,,,,,,8,8.0,True,1,True,16.0,512,512.0,15.6,1920x1080,True,60,60.0,False,50,50.0,1.7,False,45,45.0,Windows 11 Pro,OLED,16:9,,600.0,100.0,,,鏡面,False,False,False,DDR4,,PCIe 3.0,1.0,False,1.0,3.0,False,1.4,False,,True,Wi-Fi 6E,5.3,720p,False,True,35.68,22.76,1.99,1.99,MIL-STD 810H,無,False,False,1.35,False,False,False,True,True,False,False,搖滾黑,True,https://www.asus.com/tw/laptops/for-home/vivobook/asus-vivobook-15-oled-d1505/,2024-03-05 00:00:00,2026-10-06,
90NX07L2-M00DE0,31N-BR1104FGA-0042AN100,BR1104FGA,sku,ASUS BR1104FGA,asus,BR-Series,,,0,,0,Intel Processor N100,,False,,,,,,,8,8.0,False,0,True,16.0,128,128.0,11.6,1366x768,False,,,True,50,50.0,1.47,False,45,45.0,Windows 11 Home,,16:9,250.0,,,,50.0,鏡面,False,False,True,LPDDR5,,UFS,1.0,False,2.0,2.0,False,1.4,True,,True,Wi-Fi 6E,5.3,720p,False,False,29.69,21.3,2.11,2.12,MIL-STD 810H,無,False,False,1.35,True,False,False,True,True,True,False,礦石灰,True,https://www.asus.com/tw/laptops/for-students/br-series/asus-br1104f/,2024-01-16 18:02:00,2026-10-06,True
,,B9403CVAR,model,"ASUS ExpertBook B9 OLED (B9403, Series 1 intel)",asus,ExpertBook,,,0,47990.0,1,Core 7 150U/Core 5 120U,,False,,,,,,,16/32/64,64.0,False,0,True,64.0,1024/2048,2048.0,14.0,2880x1800,True,,,False,63,63.0,0.99,True,65,65.0,Windows 11 Pro/Windows 11 Home,OLED,16:10,400.0,,100.0,,,鏡面,False,False,False,LPDDR5X,,PCIe 4.0,1.0,False,2.0,1.0,False,2.1,True,,True,Wi-Fi 6E,5.3,1080p,True,False,31.1,21.5,1.57,1.69,MIL-STD 810H,有,False,True,1.5,True,False,True,True,True,False,False,星夜黑,True,https://www.asus.com/tw/laptops/for-work/expertbook/expertbook-b9-oled-b9403-series-1-intel/,2024-01-09 20:57:00,2026-10-06,
90NB14C2-M004U0,M5606NA-0068K7535HS,M5606NA,sku,ASUS Vivobook S16 (M5606); Copilot+ PC,asus,Vivobook,,,0,,0,Ryzen 5 7535HS,,False,,,,,,,16,16.0,False,0,True,16.0,1024,1024.0,16.0,3200x2000,True,120,120.0,False,75,75.0,1.5,False,65,65.0,Windows 11 Home,OLED,16:10,400.0,500.0,100.0,,,鏡面,False,False,False,LPDDR5X,,PCIe 4.0,1.0,False,2.0,2.0,False,2.1,False,microSD/SD,True,Wi-Fi 6E,5.2,1080p,True,True,35.36,24.69,1.39,1.59,MIL-STD 810H,RGB,True,False,1.7,False,True,True,False,True,False,False,極致黑,True,https://www.asus.com/tw/laptops/for-home/vivobook/asus-vivobook-s-16-oled-m5606/,2024-01-09 13:35:00,2026-10-06,True
90NB14B2-M00280,M5606WA-0038KHX370,M5606WA,sku,ASUS Vivobook S16 (M5606); Copilot+ PC,asus,Vivobook,,,0,,0,Ryzen AI 9 HX 370,,False,,,,,,,32,32.0,False,0,True,32.0,1024,1024.0,16.0,3200x2000,True,120,120.0,False,75,75.0,1.5,False,90,90.0,Windows 11 Home,OLED,16:10,400.0,600.0,100.0,,,鏡面,False,False,False,LPDDR5X,,PCIe 4.0,1.0,False,2.0,2.0,True,2.1,False,microSD/SD,True,Wi-Fi 6E,5.2,1080p,True,True,35.36,24.69,1.39,1.59,MIL-STD 810H,RGB,True,False,1.7,False,True,True,True,True,False,False,極致黑,True,https://www.asus.com/tw/laptops/for-home/vivobook/asus-vivobook-s-16-oled-m5606/,2024-01-09 13:35:00,2026-10-06,True
90NB1592-M006B0,M5606KA-0058K340H,M5606KA,sku,ASUS Vivobook S16 (M5606); Copilot+ PC,asus,Vivobook,,,0,,0,Ryzen AI 5 340,,False,,,,,,,24,24.0,False,0,True,24.0,1024,1024.0,16.0,2880x1800,True,120,120.0,False,75,75.0,1.5,False,90,90.0,Windows 11 Home,OLED,16:10,400.0,600.0,100.0,,,鏡面,False,False,False,LPDDR5X,,PCIe 4.0,1.0,False,2.0,2.0,True,2.1,False,microSD/SD,True,Wi-Fi 6E,5.2,1080p,True,True,35.36,24.69,1.39,1.59,MIL-STD 810H,RGB,True,False,1.7,False,True,True,True,True,False,False,極致黑,True,https://www.asus.com/tw/laptops/for-home/vivobook/asus-vivobook-s-16-oled-m5606/,2024-01-09 13:35:00,2026-10-06,True
90NB14A2-M004Y0,M5506WA-0058K365H,M5506WA,sku,ASUS Vivobook S 15 (M5506); Copilot+ PC,asus,Vivobook,,,0,41999.0,1,Ryzen AI 9 365,,False,,,,,,,24,24.0,False,0,True,24.0,512,512.0,15.6,2880x1620,True,120,120.0,False,75,75.0,1.5,False,90,90.0,Windows 11 Home,OLED,16:9,400.0,500.0,100.0,,,鏡面,False,False,False,LPDDR5X,,PCIe 4.0,1.0,False,2.0,2.0,True,2.1,False,microSD/SD,True,Wi-Fi 6E,5.2,1080p,True,True,35.36,24.69,1.39,1.59,MIL-STD 810H,RGB,True,False,1.7,False,True,True,True,True,False,False,極致黑,True,https://www.asus.com/tw/laptops/for-home/vivobook/asus-vivobook-s-15-oled-m5506/,2024-01-09 13:34:00,2026-10-06,True
90NB1491-M003T0,M5406NA-0038S7535HS,M5406NA,sku,ASUS Vivobook S 14 (M5406); Copilot+ PC,asus,Vivobook,,,0,,0,Ryzen 5 7535HS,,False,,,,,,,16,16.0,False,0,True,16.0,512,512.0,14.0,1920x1200,True,60,60.0,False,75,75.0,1.3,False,65,65.0,Windows 11 Home,OLED,16:10,400.0,600.0,100.0,,,鏡面,False,False,False,LPDDR5X,,PCIe 4.0,1.0,False,2.0,2.0,False,2.1,False,microSD/SD,True,Wi-Fi 6E,5.2,1080p,True,True,31.05,22.19,1.39,1.59,,RGB,True,False,1.7,False,True,True,True,True,False,False,酷玩銀,True,https://www.asus.com/tw/laptops/for-home/vivobook/asus-vivobook-s-14-oled-m5406/,2024-01-09 13:33:00,2026-10-06,True
90NB1497-M00570,M5406NA-0078C7535HS,M5406NA,sku,ASUS Vivobook S 14 (M5406); Copilot+ PC,asus,Vivobook,,,0,,0,Ryzen 5 7535HS,,False,,,,,,,16,16.0,False,0,True,16.0,512,512.0,14.0,1920x1200,True,60,60.0,False,75,75.0,1.3,False,65,65.0,Windows 11 Home,OLED,16:10,400.0,600.0,100.0,,,鏡面,False,False,False,LPDDR5X,,PCIe 4.0,1.0,False,2.0,2.0,False,2.1,False,microSD/SD,True,Wi-Fi 6E,5.2,1080p,True,True,31.05,22.19,1.39,1.59,,RGB,True,False,1.7,False,True,True,True,True,False,False,玫瑰金,True,https://www.asus.com/tw/laptops/for-home/vivobook/asus-vivobook-s-14-oled-m5406/,2024-01-09 13:33:00,2026-10-06,True
90NB14P1-M001A0,M5406WA-0048SHX370,M5406WA,sku,ASUS Vivobook S 14 (M5406); Copilot+ PC,asus,Vivobook,,,0,,0,Ryzen AI 9 HX 370,,False,,,,,,,32,32.0,False,0,True,32.0,1024,1024.0,14.0,2880x1800,True,120,120.0,False,75,75.0,1.3,False,90,90.0,Windows 11 Home,OLED,16:10,400.0,600.0,100.0,,,鏡面,False,False,False,LPDDR5X,,PCIe 4.0,1.0,False,2.0,2.0,True,2.1,False,microSD/SD,True,Wi-Fi 6E,5.2,1080p,True,True,31.05,22.19,1.39,1.59,MIL-STD 810H,RGB,True,False,1.7,False,True,True,True,True,False,False,酷玩銀,True,https://www.asus.com/tw/laptops/for-home/vivobook/asus-vivobook-s-14-oled-m5406/,2024-01-09 13:33:00,2026-10-06,True
90NB14P3-M00190,M5406WA-0038KHX370,M5406WA,sku,ASUS Vivobook S 14 (M5406); Copilot+ PC,asus,Vivobook,,,0,,0,Ryzen AI 9 HX 370,,False,,,,,,,32,32.0,False,0,True,32.0,1024,1024.0,14.0,2880x1800,True,120,120.0,False,75,75.0,1.3,False,90,90.0,Windows 11 Home,OLED,16:10,400.0,600.0,100.0,,,鏡面,False,False,False,LPDDR5X,,PCIe 4.0,1.0,False,2.0,2.0,True,2.1,False,microSD/SD,True,Wi-Fi 6E,5.2,1080p,True,True,31.05,22.19,1.39,1.59,MIL-STD 810H,RGB,True,False,1.7,False,True,True,True,True,False,False,極致黑,True,https://www.asus.com/tw/laptops/for-home/vivobook/asus-vivobook-s-14-oled-m5406/,2024-01-09 13:33:00,2026-10-06,True
90NB12E1-M00620,S5606MA-0068B125H,S5606MA,sku,ASUS Vivobook S16 (S5606),asus,Vivobook,,,0,,0,Core Ultra 5 125H,,False,,,,,,,16,16.0,False,0,True,16.0,1024,1024.0,16.0,3200x2000,True,120,120.0,False,75,75.0,1.5,True,90,90.0,Windows 11 Home,OLED,16:10,400.0,600.0,100.0,,,鏡面,False,False,False,LPDDR5X,,PCIe 4.0,1.0,False,2.0,2.0,False,2.1,False,microSD/SD,True,Wi-Fi 6E,5.2,1080p,True,True,35.36,24.69,1.39,1.59,MIL-STD 810H,RGB,True,False,1.7,False,True,True,True,True,False,False,迷霧藍,True,https://www.asus.com/tw/laptops/for-home/vivobook/asus-vivobook-s-16-oled-s5606/,2024-01-09 13:31:00,2026-10-06,True
90NB12E3-M00600,S5606MA-0048K185H,S5606MA,sku,ASUS Vivobook S16 (S5606),asus,Vivobook,,,0,,0,Core Ultra 9 185H,,False,,,,,,,16,16.0,False,0,True,16.0,1024,1024.0,16.0,3200x2000,True,120,120.0,False,75,75.0,1.5,True,90,90.0,Windows 11 Home,OLED,16:10,400.0,600.0,100.0,,,鏡面,False,False,False,LPDDR5X,,PCIe 4.0,1.0,False,2.0,2.0,False,2.1,False,microSD/SD,True,Wi-Fi 6E,5.2,1080p,True,True,35.36,24.69,1.39,1.59,MIL-STD 810H,RGB,True,False,1.7,False,True,True,True,True,False,False,極致黑,True,https://www.asus.com/tw/laptops/for-home/vivobook/asus-vivobook-s-16-oled-s5606/,2024-01-09 13:31:00,2026-10-06,True
90NB12E3-M00610,S5606MA-0058K125H,S5606MA,sku,ASUS Vivobook S16 (S5606),asus,Vivobook,,,0,,0,Core Ultra 5 125H,,False,,,,,,,16,16.0,False,0,True,16.0,1024,1024.0,16.0,3200x2000,True,120,120.0,False,75,75.0,1.5,True,90,90.0,Windows 11 Home,OLED,16:10,400.0,600.0,100.0,,,鏡面,False,False,False,LPDDR5X,,PCIe 4.0,1.0,False,2.0,2.0,False,2.1,False,microSD/SD,True,Wi-Fi 6E,5.2,1080p,True,True,35.36,24.69,1.39,1.59,MIL-STD 810H,RGB,True,False,1.7,False,True,True,True,True,False,False,極致黑,True,https://www.asus.com/tw/laptops/for-home/vivobook/asus-vivobook-s-16-oled-s5606/,2024-01-09 13:31:00,2026-10-06,True
90NB12E3-M009Y0,S5606MA-0108K185H,S5606MA,sku,ASUS Vivobook S16 (S5606),asus,Vivobook,,,0,,0,Core Ultra 9 185H,,False,,,,,,,32,32.0,False,0,True,32.0,1024,1024.0,16.0,3200x2000,True,120,120.0,False,75,75.0,1.5,True,90,90.0,Windows 11 Home,OLED,16:10,400.0,600.0,100.0,,,鏡面,False,False,False,LPDDR5X,,PCIe 4.0,1.0,False,2.0,2.0,False,2.1,False,microSD/SD,True,Wi-Fi 6E,5.2,1080p,True,True,35.36,24.69,1.39,1.59,MIL-STD 810H,RGB,True,False,1.7,False,True,True,True,True,False,False,極致黑,True,https://www.asus.com/tw/laptops/for-home/vivobook/asus-vivobook-s-16-oled-s5606/,2024-01-09 13:31:00,2026-10-06,True
90NB1551-M001S0,S5606CA-0028B225H,S5606CA,sku,ASUS Vivobook S16 (S5606),asus,Vivobook,,,0,,0,Core Ultra 5 225H,,False,,,,,,,16,16.0,False,0,True,16.0,1024,1024.0,16.0,2880x1800,True,120,120.0,False,75,75.0,1.5,True,90,90.0,Windows 11 Home,OLED,16:10,400.0,600.0,100.0,,,鏡面,False,False,False,LPDDR5X,,PCIe 4.0,1.0,False,2.0,2.0,False,2.1,False,microSD/SD,True,Wi-Fi 7,5.4,1080p,True,True,35.36,24.69,1.39,1.59,MIL-STD 810H,RGB,True,False,1.7,False,True,True,True,True,False,False,迷霧藍,True,https://www.asus.com/tw/laptops/for-home/vivobook/asus-vivobook-s-16-oled-s5606/,2024-01-09 13:31:00,2026-10-06,True
90NB1551-M001V0,S5606CA-0058B285H,S5606CA,sku,ASUS Vivobook S16 (S5606),asus,Vivobook,,,0,,0,Core Ultra 9 285H,,False,,,,,,,32,32.0,False,0,True,32.0,1024,1024.0,16.0,2880x1800,True,120,120.0,False,75,75.0,1.5,True,90,90.0,Windows 11 Home,OLED,16:10,400.0,600.0,100.0,,,鏡面,False,False,False,LPDDR5X,,PCIe 4.0,1.0,False,2.0,2.0,False,2.1,False,microSD/SD,True,Wi-Fi 7,5.4,1080p,True,True,35.36,24.69,1.39,1.59,MIL-STD 810H,RGB,True,False,1.7,False,True,True,True,True,False,False,迷霧藍,True,https://www.asus.com/tw/laptops/for-home/vivobook/asus-vivobook-s-16-oled-s5606/,2024-01-09 13:31:00,2026-10-06,True
90NB1553-M001T0,S5606CA-0038K225H,S5606CA,sku,ASUS Vivobook S16 (S5606),asus,Vivobook,,,0,,0,Core Ultra 5 225H,,False,,,,,,,16,16.0,False,0,True,16.0,1024,1024.0,16.0,2880x1800,True,120,120.0,False,75,75.0,1.5,True,90,90.0,Windows 11 Home,OLED,16:10,400.0,600.0,100.0,,,鏡面,False,False,False,LPDDR5X,,PCIe 4.0,1.0,False,2.0,2.0,False,2.1,False,microSD/SD,True,Wi-Fi 7,5.4,1080p,True,True,35.36,24.69,1.39,1.59,MIL-STD 810H,RGB,True,False,1.7,False,True,True,True,True,False,False,極致黑,True,https://www.asus.com/tw/laptops/for-home/vivobook/asus-vivobook-s-16-oled-s5606/,2024-01-09 13:31:00,2026-10-06,True
90NB14E2-M000E0,S5506MA-0038B125H,S5506MA,sku,ASUS Vivobook S 15 OLED (S5506),asus,Vivobook,,,0,,0,Core Ultra 5 125H,,False,,,,,,,16,16.0,False,0,True,16.0,512,512.0,15.6,2880x1620,True,120,120.0,False,75,75.0,1.5,True,90,90.0,Windows 11 Home,OLED,16:9,400.0,500.0,100.0,,,鏡面,False,False,False,LPDDR5X,,PCIe 4.0,1.0,False,2.0,2.0,False,2.1,False,microSD/SD,True,Wi-Fi 6E,5.2,1080p,True,True,35.36,24.69,1.39,1.59,MIL-STD 810H,RGB,True,False,1.5,False,True,True,True,True,False,False,迷霧藍,True,https://www.asus.com/tw/laptops/for-home/vivobook/asus-vivobook-s-15-oled-s5506/,2024-01-09 13:24:00,2026-10-06,True
90NB12H2-M000D0,S5406MA-0038B125H,S5406MA,sku,ASUS Vivobook S 14 (S5406); Copilot+ PC,asus,Vivobook,,,0,,0,Core Ultra 5 125H,,False,,,,,,,16,16.0,False,0,True,16.0,512,512.0,14.0,1920x1200,True,60,60.0,False,75,75.0,1.3,True,90,90.0,Windows 11 Home,OLED,16:10,400.0,600.0,100.0,,,鏡面,False,False,False,LPDDR5X,,PCIe 4.0,1.0,False,2.0,2.0,False,2.1,False,microSD/SD,True,Wi-Fi 6E,5.2,1080p,True,True,31.05,22.19,1.39,1.59,MIL-STD 810H,RGB,True,False,1.7,False,True,True,True,True,False,False,迷霧藍,True,https://www.asus.com/tw/laptops/for-home/vivobook/asus-vivobook-s-14-oled-s5406/,2024-01-09 13:23:00,2026-10-06,True
90NB12H3-M000C0,S5406MA-0028K125H,S5406MA,sku,ASUS Vivobook S 14 (S5406); Copilot+ PC,asus,Vivobook,,,0,,0,Core Ultra 5 125H,,False,,,,,,,16,16.0,False,0,True,16.0,512,512.0,14.0,1920x1200,True,60,60.0,False,75,75.0,1.3,True,90,90.0,Windows 11 Home,OLED,16:10,400.0,600.0,100.0,,,鏡面,False,False,False,LPDDR5X,,PCIe 4.0,1.0,False,2.0,2.0,False,2.1,False,microSD/SD,True,Wi-Fi 6E,5.2,1080p,True,True,31.05,22.19,1.39,1.59,MIL-STD 810H,RGB,True,False,1.7,False,True,True,True,True,False,False,極致黑,True,https://www.asus.com/tw/laptops/for-home/vivobook/asus-vivobook-s-14-oled-s5406/,2024-01-09 13:23:00,2026-10-06,True
90NB12H4-M00940,S5406MA-0078C125H,S5406MA,sku,ASUS Vivobook S 14 (S5406); Copilot+ PC,asus,Vivobook,,,0,,0,Core Ultra 5 125H,,False,,,,,,,16,16.0,False,0,True,16.0,512,512.0,14.0,1920x1200,True,60,60.0,False,75,75.0,1.3,True,90,90.0,Windows 11 Home,OLED,16:10,400.0,600.0,100.0,,,鏡面,False,False,False,LPDDR5X,,PCIe 4.0,1.0,False,2.0,2.0,False,2.1,False,microSD/SD,True,Wi-Fi 6E,5.2,1080p,True,True,31.05,22.19,1.39,1.59,MIL-STD 810H,RGB,True,False,1.7,False,True,True,True,False,False,False,玫瑰金,True,https://www.asus.com/tw/laptops/for-home/vivobook/asus-vivobook-s-14-oled-s5406/,2024-01-09 13:23:00,2026-10-06,True
90NB15R2-M000N0,S5406SA-0028B228V,S5406SA,sku,ASUS Vivobook S 14 (S5406); Copilot+ PC,asus,Vivobook,,,0,,0,Core Ultra 5 228V,,False,,,,,,,,,False,0,False,16.0,1024,1024.0,14.0,2880x1800,True,120,120.0,False,75,75.0,1.3,True,65,65.0,Windows 11 Home,OLED,16:10,400.0,600.0,100.0,,,鏡面,False,False,False,,,PCIe 4.0,1.0,False,2.0,2.0,False,2.1,False,microSD/SD,True,Wi-Fi 7,5.4,1080p,True,True,31.05,22.19,1.39,1.59,MIL-STD 810H,RGB,True,False,1.7,False,True,True,True,True,False,False,迷霧藍,True,https://www.asus.com/tw/laptops/for-home/vivobook/asus-vivobook-s-14-oled-s5406/,2024-01-09 13:23:00,2026-10-06,True
90NB15R2-M000R0,S5406SA-0048B258V,S5406SA,sku,ASUS Vivobook S 14 (S5406); Copilot+ PC,asus,Vivobook,,,0,,0,Core Ultra 7 258V,,False,,,,,,,,,False,0,False,32.0,1024,1024.0,14.0,2880x1800,True,120,120.0,False,75,75.0,1.3,True,65,65.0,Windows 11 Home,OLED,16:10,400.0,600.0,100.0,,,鏡面,False,False,False,,,PCIe 4.0,1.0,False,2.0,2.0,False,2.1,False,microSD/SD,True,Wi-Fi 7,5.4,1080p,True,True,31.05,22.19,1.39,1.59,MIL-STD 810H,RGB,True,False,1.7,False,True,True,True,True,False,False,迷霧藍,True,https://www.asus.com/tw/laptops/for-home/vivobook/asus-vivobook-s-14-oled-s5406/,2024-01-09 13:23:00,2026-10-06,True
90NB15R2-M00F20,S5406SA-0068B226V,S5406SA,sku,ASUS Vivobook S 14 (S5406); Copilot+ PC,asus,Vivobook,35999.0,34999.0,7,35999.0,4,Core Ultra 5 226V,,False,,,,,,,16,16.0,False,0,True,16.0,512,512.0,14.0,1920x1200,True,60,60.0,False,75,75.0,1.3,True,65,65.0,Windows 11 Home,OLED,16:10,400.0,600.0,100.0,,,鏡面,False,False,False,LPDDR5X,,PCIe 4.0,1.0,False,2.0,2.0,False,2.1,False,microSD/SD,True,Wi-Fi 7,5.4,1080p,True,True,31.05,22.19,1.39,1.59,MIL-STD 810H,RGB,True,False,1.7,False,True,True,True,True,False,False,迷霧藍,True,https://www.asus.com/tw/laptops/for-home/vivobook/asus-vivobook-s-14-oled-s5406/,2024-01-09 13:23:00,2026-10-06,True
90NB15R2-M00MH0,S5406SA-0108B256V,S5406SA,sku,ASUS Vivobook S 14 (S5406); Copilot+ PC,asus,Vivobook,39999.0,39999.0,8,39999.0,2,Core Ultra 7 256V,,False,,,,,,,16,16.0,False,0,True,16.0,512,512.0,14.0,1920x1200,True,60,60.0,False,75,75.0,1.3,True,65,65.0,Windows 11 Home,OLED,16:10,400.0,600.0,100.0,,,鏡面,False,False,False,LPDDR5X,,PCIe 4.0,1.0,False,2.0,2.0,False,2.1,False,microSD/SD,True,Wi-Fi 7,5.4,1080p,True,True,31.05,22.19,1.39,1.59,MIL-STD 810H,RGB,True,False,1.7,False,True,True,True,True,False,False,迷霧藍,True,https://www.asus.com/tw/laptops/for-home/vivobook/asus-vivobook-s-14-oled-s5406/,2024-01-09 13:23:00,2026-10-06,True
90NB15R3-M000P0,S5406SA-0038K228V,S5406SA,sku,ASUS Vivobook S 14 (S5406); Copilot+ PC,asus,Vivobook,,,0,,0,Core Ultra 5 228V,,False,,,,,,,,,False,0,False,16.0,1024,1024.0,14.0,2880x1800,True,120,120.0,False,75,75.0,1.3,True,65,65.0,Windows 11 Home,OLED,16:10,400.0,600.0,100.0,,,鏡面,False,False,False,,,PCIe 4.0,1.0,False,2.0,2.0,False,2.1,False,microSD/SD,True,Wi-Fi 7,5.4,1080p,True,True,31.05,22.19,1.39,1.59,MIL-STD 810H,RGB,True,False,1.7,False,True,True,True,True,False,False,極致黑,True,https://www.asus.com/tw/laptops/for-home/vivobook/asus-vivobook-s-14-oled-s5406/,2024-01-09 13:23:00,2026-10-06,True
90NB15R4-M00HK0,S5406SA-0078C226V,S5406SA,sku,ASUS Vivobook S 14 (S5406); Copilot+ PC,asus,Vivobook,35999.0,34999.0,9,35999.0,2,Core Ultra 5 226V,,False,,,,,,,16,16.0,False,0,True,16.0,512,512.0,14.0,1920x1200,True,60,60.0,False,75,75.0,1.3,True,65,65.0,Windows 11 Home,OLED,16:10,400.0,600.0,100.0,,,鏡面,False,False,False,LPDDR5X,,PCIe 4.0,,False,2.0,2.0,False,2.1,False,microSD/SD,True,Wi-Fi 7,5.4,1080p,True,True,31.05,22.19,1.39,1.59,MIL-STD 810H,RGB,True,False,1.7,False,True,True,True,True,False,False,玫瑰金,True,https://www.asus.com/tw/laptops/for-home/vivobook/asus-vivobook-s-14-oled-s5406/,2024-01-09 13:23:00,2026-10-06,True
90NB1271-M003D0,UM3406HA-0022K8840HS,UM3406HA,sku,ASUS Zenbook 14 (UM3406); Copilot+ PC,asus,Zenbook,,,0,,0,Ryzen 7 8840HS,,False,,,,,,,16,16.0,False,0,True,16.0,1024,1024.0,14.0,1920x1200,True,60,60.0,False,75,75.0,1.2,False,65,65.0,Windows 11 Home,OLED,16:10,400.0,600.0,100.0,,,,False,False,False,LPDDR5X,,PCIe 4.0,1.0,False,2.0,1.0,True,2.1,False,,True,Wi-Fi 6E,5.2,1080p,True,True,31.24,22.01,1.49,1.49,MIL-STD 810H,有,False,True,1.4,False,True,True,False,True,False,False,玉石黑,True,https://www.asus.com/tw/laptops/for-home/zenbook/asus-zenbook-14-oled-um3406/,2024-01-09 13:21:00,2026-10-06,True
90NB14U1-M00AB0,UM3406KA-0052K340H,UM3406KA,sku,ASUS Zenbook 14 (UM3406); Copilot+ PC,asus,Zenbook,,,0,,0,Ryzen AI 5 340,,False,,,,,,,16,16.0,False,0,True,16.0,1024,1024.0,14.0,1920x1200,True,60,60.0,False,75,75.0,1.2,False,65,65.0,Windows 11 Home,OLED,16:10,400.0,600.0,100.0,,,,False,False,False,LPDDR5X,,PCIe 4.0,1.0,False,2.0,1.0,True,2.1,False,,True,Wi-Fi 6E,5.2,1080p,True,True,31.24,22.01,1.49,1.49,MIL-STD 810H,有,False,True,1.4,False,True,True,False,True,False,False,玉石黑,True,https://www.asus.com/tw/laptops/for-home/zenbook/asus-zenbook-14-oled-um3406/,2024-01-09 13:21:00,2026-10-06,True
90NB17R1-M00C10,UM3406GA-0042K430H,UM3406GA,sku,ASUS Zenbook 14 (UM3406); Copilot+ PC,asus,Zenbook,,39999.0,7,40999.0,3,Ryzen AI 5 430,,False,,,,,,,16,16.0,False,0,True,16.0,512,512.0,14.0,1920x1200,True,60,60.0,False,75,75.0,1.2,False,68,68.0,Windows 11 Home,OLED,16:10,400.0,600.0,100.0,,,,False,False,False,LPDDR5X,,PCIe 4.0,1.0,False,2.0,1.0,True,2.1,False,,True,Wi-Fi 6E,5.4,1080p,True,True,31.24,22.01,1.49,1.49,MIL-STD 810H,有,False,True,1.4,False,True,True,False,True,False,False,玉石黑,True,https://www.asus.com/tw/laptops/for-home/zenbook/asus-zenbook-14-oled-um3406/,2024-01-09 13:21:00,2026-10-06,True
90NB12Z3-M001X0,N6506MU-0022G185H,N6506MU,sku,ASUS Vivobook Pro 15 (N6506),asus,Vivobook,,,0,,0,Core Ultra 9 185H,,True,GeForce RTX 4050,,,,6,6.0,16,16.0,True,1,True,24.0,1024,1024.0,15.6,2880x1620,True,120,120.0,False,75,75.0,1.8,True,200,200.0,Windows 11 Home,OLED,16:9,400.0,500.0,100.0,,,鏡面,False,False,False,DDR5,,PCIe 4.0,2.0,False,2.0,2.0,False,2.1,True,SD,True,Wi-Fi 6E,5.2,5MP,False,True,35.57,23.53,1.99,1.99,MIL-STD 810H,有,True,False,1.4,False,False,False,True,True,False,False,伯爵灰,True,https://www.asus.com/tw/laptops/for-home/vivobook/asus-vivobook-pro-15-oled-n6506/,2023-12-29 15:38:00,2026-10-06,True
90NB12Y3-M001A0,N6506MV-0022G185H,N6506MV,sku,ASUS Vivobook Pro 15 (N6506),asus,Vivobook,,,0,,0,Core Ultra 9 185H,,True,GeForce RTX 4060,,,,8,8.0,16,16.0,True,1,True,24.0,1024,1024.0,15.6,2880x1620,True,120,120.0,False,75,75.0,1.8,True,200,200.0,Windows 11 Home,OLED,16:9,400.0,500.0,100.0,,,鏡面,False,False,False,DDR5,,PCIe 4.0,2.0,False,2.0,2.0,False,2.1,True,SD,True,Wi-Fi 6E,5.2,5MP,False,True,35.57,23.53,1.99,1.99,MIL-STD 810H,有,True,False,1.4,False,False,False,True,True,False,False,伯爵灰,True,https://www.asus.com/tw/laptops/for-home/vivobook/asus-vivobook-pro-15-oled-n6506/,2023-12-29 15:38:00,2026-10-06,True
90NB15E3-M000F0,N6506CU-0022G285H,N6506CU,sku,ASUS Vivobook Pro 15 (N6506),asus,Vivobook,,,0,,0,Core Ultra 9 285H,,True,GeForce RTX 4050,,,,6,6.0,24,24.0,True,1,True,24.0,2048,2048.0,15.6,2880x1620,True,120,120.0,False,75,75.0,1.8,True,200,200.0,Windows 11 Home,OLED,16:9,400.0,500.0,100.0,,,鏡面,False,False,False,DDR5,,PCIe 4.0,2.0,False,2.0,2.0,False,2.1,True,SD,True,Wi-Fi 6E,5.2,5MP,False,True,35.57,23.53,1.99,1.99,MIL-STD 810H,有,True,False,1.4,False,True,False,True,True,False,False,伯爵灰,True,https://www.asus.com/tw/laptops/for-home/vivobook/asus-vivobook-pro-15-oled-n6506/,2023-12-29 15:38:00,2026-10-06,True
,,FX607JV,model,ASUS TUF Gaming F16 (2024),asus,TUF-Gaming,,,0,,0,Core i7-13650HX,,True,GeForce RTX 4060,130.0,105.0,2420.0,8,8.0,16,16.0,True,2,False,,1024,1024.0,16.0,1920x1200,False,165,165.0,False,90,90.0,2.27,True,240,240.0,Windows 11 Home,IPS,16:10,,,,100.0,72.0,霧面,True,True,False,DDR5,5600.0,PCIe 4.0,2.0,False,2.0,2.0,False,2.1,True,,True,Wi-Fi 6,5.2,720p,False,False,35.5,25.2,2.21,2.82,,RGB,False,False,,False,False,False,True,False,False,False,,True,https://www.asus.com/tw/laptops/for-gaming/tuf-gaming/asus-tuf-gaming-f16-2024/,2023-12-29 13:50:00,2026-10-06,
,,FX607JU,model,ASUS TUF Gaming F16 (2024),asus,TUF-Gaming,,,0,,0,Core i7-13650HX,,True,GeForce RTX 4050,130.0,105.0,2420.0,6,6.0,16,16.0,True,2,False,,1024,1024.0,16.0,1920x1200,False,165,165.0,False,90,90.0,2.27,True,240,240.0,Windows 11 Home,IPS,16:10,,,,100.0,72.0,霧面,True,True,False,DDR5,5600.0,PCIe 4.0,2.0,False,2.0,2.0,False,2.1,True,,True,Wi-Fi 6,5.2,720p,False,False,35.5,25.2,2.21,2.82,,RGB,False,False,,False,False,False,True,False,False,False,,True,https://www.asus.com/tw/laptops/for-gaming/tuf-gaming/asus-tuf-gaming-f16-2024/,2023-12-29 13:50:00,2026-10-06,
,,FX607VU,model,ASUS TUF Gaming F16 (2024),asus,TUF-Gaming,,39999.0,5,39999.0,2,Core 5 210H,,True,GeForce RTX 4050,140.0,115.0,2420.0,6,6.0,16,16.0,True,2,False,,512,512.0,16.0,1920x1200,False,165,165.0,False,56,56.0,2.2,True,240,240.0,Windows 11 Home,IPS,16:10,,,,100.0,,霧面,True,True,False,DDR5,5600.0,PCIe 4.0,2.0,False,2.0,2.0,False,2.1,True,,True,Wi-Fi 6,5.2,720p,False,False,35.4,25.1,2.21,2.67,,RGB,False,False,,False,True,False,True,False,False,False,,True,https://www.asus.com/tw/laptops/for-gaming/tuf-gaming/asus-tuf-gaming-f16-2024/,2023-12-29 13:50:00,2026-10-06,
,,FX607VJ,model,ASUS TUF Gaming F16 (2024),asus,TUF-Gaming,,,0,,0,Core 5 210H,,True,GeForce RTX 3050,65.0,50.0,2195.0,6,6.0,16,16.0,True,1,False,,1024,1024.0,16.0,1920x1200,False,144,144.0,False,56,56.0,2.2,False,150,150.0,Windows 11 Home,IPS,16:10,,,,,45.0,霧面,False,True,False,DDR4,3200.0,PCIe 4.0,2.0,False,1.0,2.0,False,2.1,True,,True,Wi-Fi 6,5.2,720p,False,False,35.4,25.1,2.21,2.67,,RGB,False,False,,False,True,False,True,False,False,False,,True,https://www.asus.com/tw/laptops/for-gaming/tuf-gaming/asus-tuf-gaming-f16-2024/,2023-12-29 13:50:00,2026-10-06,
,,FX607VJB,model,ASUS TUF Gaming F16 (2024),asus,TUF-Gaming,,,0,,0,Core 5 210H,,True,GeForce RTX 3050,65.0,50.0,2195.0,6,6.0,16,16.0,True,2,False,,1024,1024.0,16.0,1920x1200,False,144,144.0,False,56,56.0,2.2,False,150,150.0,Windows 11 Home,IPS,16:10,,,,,45.0,霧面,False,True,False,DDR5,5600.0,PCIe 4.0,2.0,False,1.0,2.0,False,2.1,True,,True,Wi-Fi 6,5.2,720p,False,False,35.4,25.1,2.21,2.67,,RGB,False,False,,False,True,False,True,False,False,False,,True,https://www.asus.com/tw/laptops/for-gaming/tuf-gaming/asus-tuf-gaming-f16-2024/,2023-12-29 13:50:00,2026-10-06,
,,FA607NU,model,ASUS TUF Gaming A16 (2024),asus,TUF-Gaming,,,0,,0,Ryzen 5 7535HS,,True,GeForce RTX 4050,140.0,115.0,2420.0,6,6.0,16,16.0,True,2,False,,512,512.0,16.0,1920x1200,False,165,165.0,False,56,56.0,2.2,False,240,240.0,Windows 11 Home,IPS,16:10,,,,100.0,,霧面,True,True,False,DDR5,4800.0,PCIe 4.0,4.0,False,2.0,2.0,True,2.1,True,,True,Wi-Fi 6,5.2,720p,False,False,35.4,25.1,2.24,2.67,,RGB,False,False,,False,True,False,True,False,False,False,,True,https://www.asus.com/tw/laptops/for-gaming/tuf-gaming/asus-tuf-gaming-a16-2024/,2023-12-29 13:50:00,2026-10-06,
,,FA607NUG,model,ASUS TUF Gaming A16 (2024),asus,TUF-Gaming,,,0,,0,Ryzen 7 7445HS,,True,GeForce RTX 4050,140.0,115.0,2420.0,6,6.0,16,16.0,True,2,False,,512,512.0,16.0,1920x1200,False,165,165.0,False,56,56.0,2.2,False,240,240.0,Windows 11 Home,IPS,16:10,,,,100.0,,霧面,True,True,False,DDR5,5600.0,PCIe 4.0,4.0,False,2.0,2.0,True,2.1,True,,True,Wi-Fi 6,5.2,720p,False,False,35.4,25.1,2.24,2.67,,RGB,False,False,,False,True,False,True,False,False,False,,True,https://www.asus.com/tw/laptops/for-gaming/tuf-gaming/asus-tuf-gaming-a16-2024/,2023-12-29 13:50:00,2026-10-06,
,,FA607NUQ,model,ASUS TUF Gaming A16 (2024),asus,TUF-Gaming,,37999.0,5,37999.0,1,Ryzen 7 170,,True,GeForce RTX 4050,90.0,65.0,2195.0,6,6.0,16,16.0,True,2,False,,512,512.0,16.0,1920x1200,False,144,144.0,False,56,56.0,2.2,False,180,180.0,Windows 11 Home,IPS,16:10,,,,,45.0,霧面,True,True,False,DDR5,4800.0,PCIe 4.0,4.0,False,1.0,2.0,False,2.1,True,,True,Wi-Fi 6,5.2,720p,False,False,35.4,25.1,2.24,2.67,,RGB,False,False,,False,True,False,True,False,False,False,,True,https://www.asus.com/tw/laptops/for-gaming/tuf-gaming/asus-tuf-gaming-a16-2024/,2023-12-29 13:50:00,2026-10-06,
90NB12U1-M000M0,UX8406MA-0022I185H,UX8406MA,sku,ASUS Zenbook DUO (UX8406),asus,Zenbook,,,0,,0,Core Ultra 9 185H,,False,,,,,,,32,32.0,False,0,True,32.0,1024,1024.0,14.0,1920x1200,True,60,60.0,True,75,75.0,1.65,True,65,65.0,Windows 11 Home,OLED,16:10,400.0,500.0,100.0,,,鏡面,False,False,True,LPDDR5X,,PCIe 4.0,1.0,False,2.0,1.0,False,2.1,False,,True,Wi-Fi 6E,5.2,1080p,True,False,31.35,21.79,1.46,1.99,MIL-STD 810H,無,False,False,1.4,False,False,True,False,True,False,False,墨灰色,True,https://www.asus.com/tw/laptops/for-home/zenbook/asus-zenbook-duo-2024-ux8406/,2023-12-19 14:49:00,2026-10-06,True
90NB14X1-M003V0,UX8406CA-0022I285H,UX8406CA,sku,ASUS Zenbook DUO (UX8406),asus,Zenbook,,,0,,0,Core Ultra 9 285H,,False,,,,,,,32,32.0,False,0,True,32.0,1024,1024.0,14.0,1920x1200,True,60,60.0,True,75,75.0,1.65,True,65,65.0,Windows 11 Home,OLED,16:10,400.0,500.0,100.0,,,鏡面,False,False,True,LPDDR5X,,PCIe 4.0,1.0,False,2.0,1.0,False,2.1,False,,True,Wi-Fi 7,5.4,1080p,True,False,31.35,21.79,1.46,1.99,MIL-STD 810H,無,False,False,1.4,False,True,True,False,True,False,False,墨灰色,True,https://www.asus.com/tw/laptops/for-home/zenbook/asus-zenbook-duo-2024-ux8406/,2023-12-19 14:49:00,2026-10-06,True
,,B5404CMA,model,ASUS ExpertBook B5 (B5404),asus,ExpertBook,,46900.0,1,,0,Core Ultra 7 155H/Core Ultra 5 125H,,False,,,,,,,16/32,32.0,True,2,False,64.0,512/1024,1024.0,14.0,1920x1200/2560x1600,False,,,False,50/63,63.0,1.29,True,65,65.0,Windows 11 Pro/Windows 11 Home,,16:10,500.0,,100.0,,45.0,霧面,False,False,False,DDR5,,PCIe 4.0,2.0,False,2.0,2.0,False,2.1,True,SD,True,Wi-Fi 6E,5.3,1080p,True,False,31.37,22.68,1.89,1.9,MIL-STD 810H,有,False,False,1.5,True,False,True,True,True,False,False,星夜黑,True,https://www.asus.com/tw/laptops/for-work/expertbook/expertbook-b5-b5404/,2023-12-14 14:39:00,2026-10-06,
,,B5604CMA,model,ASUS ExpertBook B5 (B5604),asus,ExpertBook,,,0,,0,Core Ultra 7 155H/Core Ultra 5 125H,,False,,,,,,,16,16.0,True,2,False,,512,512.0,16.0,1920x1200/2560x1600,False,,,False,50/63,63.0,1.65,True,65,65.0,Windows 11 Pro,,16:10,500.0,,100.0,,45.0,霧面,False,False,False,DDR5,,PCIe 4.0,2.0,False,2.0,2.0,False,2.1,True,SD,True,Wi-Fi 6E,5.3,1080p,True,False,35.8,25.43,1.89,2.29,MIL-STD 810H,有,False,False,1.5,True,False,True,True,True,False,False,星夜黑,True,https://www.asus.com/tw/laptops/for-work/expertbook/expertbook-b5-b5604/,2023-12-14 14:24:00,2026-10-06,
,,B3604CMA,model,ASUS ExpertBook B3 (B3604),asus,ExpertBook,,,0,,0,Core Ultra 7 155U/Core Ultra 7 155H/Core Ultra 5 125U/Core Ultra 5 125H,,False,,,,,,,8/16/32,32.0,True,2,False,,512/1024,1024.0,16.0,1920x1200,False,,,False,50,50.0,1.78,True,65,65.0,Windows 11 Pro/Windows 11 Home,,16:10,300.0,,,,45.0,霧面,False,False,False,DDR5,,PCIe 4.0,2.0,False,2.0,2.0,False,2.1,True,SD,True,Wi-Fi 6E,5.3,1080p,True,False,35.8,25.43,2.03,2.03,MIL-STD 810H,有,False,False,1.5,True,False,True,True,True,False,False,星夜黑,True,https://www.asus.com/tw/laptops/for-work/expertbook/expertbook-b3-b3604/,2023-12-14 13:55:00,2026-10-06,
,,B3604CVF,model,ASUS ExpertBook B3 (B3604),asus,ExpertBook,,,0,,0,Core i7-1355U/Core i5-1335U,,True,GeForce RTX 2050,,,,,,16,16.0,True,2,False,,1024,1024.0,16.0,1920x1200,False,,,False,63,63.0,1.91,True,90,90.0,Windows 11 Pro/Windows 11 Home,,16:10,300.0,,,,45.0,霧面,False,False,False,DDR5,,PCIe 4.0,1.0,False,2.0,2.0,False,2.1,True,SD,True,Wi-Fi 6E,5.3,1080p,True,False,35.8,25.43,2.43,2.43,MIL-STD 810H,有,False,False,1.5,True,False,True,True,True,False,False,星夜黑,True,https://www.asus.com/tw/laptops/for-work/expertbook/expertbook-b3-b3604/,2023-12-14 13:55:00,2026-10-06,
,,B3404CVA,model,ASUS ExpertBook B3 (B3404),asus,ExpertBook,,,0,,0,Core i7-1355U/Core i5-1340P/Core i5-1335U,,False,,,,,,,16,16.0,True,2,False,,512/1024,1024.0,14.0,1920x1200,False,,,False,50,50.0,1.4,True,65,65.0,Windows 11 Pro,,16:10,300.0,,,,45.0,霧面,False,False,False,DDR5,,PCIe 4.0,1.0,False,2.0,2.0,False,2.1,True,,True,Wi-Fi 6E,5.3,1080p,True,False,31.37,22.68,1.99,1.99,MIL-STD 810H,有,False,False,1.5,True,False,True,True,True,False,False,星夜黑,True,https://www.asus.com/tw/laptops/for-work/expertbook/expertbook-b3-b3404/,2023-12-14 13:48:00,2026-10-06,
,,B3404CMA,model,ASUS ExpertBook B3 (B3404),asus,ExpertBook,,,0,,0,Core Ultra 7 155U/Core Ultra 5 125U/Core Ultra 5 125H,,False,,,,,,,8/16/32/64,64.0,True,2,False,,512/1024,1024.0,14.0,1920x1200,False,,,False,50/63,63.0,1.4,True,65,65.0,Windows 11 Pro/Windows 11 Home,,16:10,300.0,,,,45.0,霧面,False,False,False,DDR5,5200.0,PCIe 4.0,2.0,False,2.0,2.0,False,2.1,True,SD,True,Wi-Fi 6E,5.3,1080p/720p,True,False,31.37,22.68,1.99,1.99,MIL-STD 810H,有,False,False,1.5,True,False,True,True,True,False,False,星夜黑,True,https://www.asus.com/tw/laptops/for-work/expertbook/expertbook-b3-b3404/,2023-12-14 13:48:00,2026-10-06,
,,B3404CVF,model,ASUS ExpertBook B3 (B3404),asus,ExpertBook,,,0,,0,Core i7-1355U/Core i5-1335U,,True,GeForce RTX 2050,,,,,,16/64,64.0,True,2,False,,1024,1024.0,14.0,1920x1200,False,,,False,63,63.0,1.54,True,90,90.0,Windows 11 Pro/Windows 11 Home,,16:10,300.0,,,,45.0,霧面,False,False,False,DDR5,5200.0,PCIe 4.0,1.0,False,2.0,2.0,False,2.1,True,SD,True,Wi-Fi 6E,5.3,1080p,True,False,31.37,22.68,2.39,2.39,MIL-STD 810H,有,False,False,1.5,True,False,True,True,True,False,False,星夜黑,True,https://www.asus.com/tw/laptops/for-work/expertbook/expertbook-b3-b3404/,2023-12-14 13:48:00,2026-10-06,
,,CX5403,model,ASUS ExpertBook CX54 Chromebook Plus Enterprise (CX5403),asus,Chromebook,,,0,,0,Core Ultra 7 155U/Core Ultra 5 125U/Core Ultra 5 115U,,False,,,,,,,8/16/32,32.0,False,0,True,16.0,128/256/512,512.0,14.0,2560x1600,False,,,True,63,63.0,1.3,True,45/65,65.0,,,16:10,500.0,,100.0,,,霧面,False,False,True,LPDDR5X/LPDDR5,,PCIe 4.0/PCIe 3.0,,False,2.0,2.0,False,2.1,False,microSD/SD,True,Wi-Fi 6E,5.3,,False,False,31.37,22.28,1.69,1.69,MIL-STD 810H,有,False,False,1.4,False,False,True,True,True,False,False,迷霧銀,True,https://www.asus.com/tw/laptops/for-work/chromebook/asus-expertbook-cx54-chromebook-plus-enterprise-cx5403/,2023-12-13 14:34:00,2026-10-06,
90NB11R1-M005C0,UX3405MA-0122B125H,UX3405MA,sku,ASUS Zenbook 14 (UX3405),asus,Zenbook,,,0,,0,Core Ultra 5 125H,,False,,,,,,,16,16.0,False,0,True,16.0,1024,1024.0,14.0,1920x1200,True,60,60.0,False,75,75.0,1.22,True,65,65.0,Windows 11 Home,OLED,16:10,400.0,600.0,100.0,,,,False,False,False,LPDDR5X,,PCIe 4.0,1.0,False,2.0,1.0,False,2.1,False,,True,Wi-Fi 6E,5.2,1080p,True,True,31.24,22.01,1.49,1.49,MIL-STD 810H,有,False,True,1.4,False,False,True,False,True,False,False,紳士藍,True,https://www.asus.com/tw/laptops/for-home/zenbook/asus-zenbook-14-oled-ux3405/,2023-11-29 16:40:00,2026-10-06,True
90NB11R1-M005E0,UX3405MA-0142B155H,UX3405MA,sku,ASUS Zenbook 14 (UX3405),asus,Zenbook,,,0,,0,Core Ultra 7 155H,,False,,,,,,,32,32.0,False,0,True,32.0,1024,1024.0,14.0,1920x1200,True,60,60.0,False,75,75.0,1.22,True,65,65.0,Windows 11 Home,OLED,16:10,400.0,600.0,100.0,,,,False,False,False,LPDDR5X,,PCIe 4.0,1.0,False,2.0,1.0,False,2.1,False,,True,Wi-Fi 6E,5.2,1080p,True,True,31.24,22.01,1.49,1.49,MIL-STD 810H,有,False,True,1.4,False,False,True,False,True,False,False,紳士藍,True,https://www.asus.com/tw/laptops/for-home/zenbook/asus-zenbook-14-oled-ux3405/,2023-11-29 16:40:00,2026-10-06,True
90NB11R1-M00RR0,UX3405MA-0202B155H,UX3405MA,sku,ASUS Zenbook 14 (UX3405),asus,Zenbook,,,0,,0,Core Ultra 7 155H,,False,,,,,,,32,32.0,False,0,True,32.0,1024,1024.0,14.0,2880x1800,True,120,120.0,False,75,75.0,1.2,True,65,65.0,Windows 11 Home,OLED,16:10,400.0,600.0,100.0,,,,False,False,False,LPDDR5X,,PCIe 4.0,1.0,False,2.0,1.0,False,2.1,False,,True,Wi-Fi 6E,5.2,1080p,True,True,31.24,22.01,1.49,1.49,MIL-STD 810H,有,False,True,1.4,False,False,True,False,True,False,False,紳士藍,True,https://www.asus.com/tw/laptops/for-home/zenbook/asus-zenbook-14-oled-ux3405/,2023-11-29 16:40:00,2026-10-06,True
90NB11R2-M005D0,UX3405MA-0132S125H,UX3405MA,sku,ASUS Zenbook 14 (UX3405),asus,Zenbook,,,0,,0,Core Ultra 5 125H,,False,,,,,,,16,16.0,False,0,True,16.0,1024,1024.0,14.0,1920x1200,True,60,60.0,False,75,75.0,1.22,True,65,65.0,Windows 11 Home,OLED,16:10,400.0,600.0,100.0,,,,False,False,False,LPDDR5X,,PCIe 4.0,1.0,False,2.0,1.0,False,2.1,False,,True,Wi-Fi 6E,5.2,1080p,True,True,31.24,22.01,1.49,1.49,MIL-STD 810H,有,False,True,1.4,False,False,True,False,True,False,False,白霧銀,True,https://www.asus.com/tw/laptops/for-home/zenbook/asus-zenbook-14-oled-ux3405/,2023-11-29 16:40:00,2026-10-06,True
90NB11R2-M005F0,UX3405MA-0152S155H,UX3405MA,sku,ASUS Zenbook 14 (UX3405),asus,Zenbook,,,0,,0,Core Ultra 7 155H,,False,,,,,,,32,32.0,False,0,True,32.0,1024,1024.0,14.0,1920x1200,True,60,60.0,False,75,75.0,1.22,True,65,65.0,Windows 11 Home,OLED,16:10,400.0,600.0,100.0,,,,False,False,False,LPDDR5X,,PCIe 4.0,1.0,False,2.0,1.0,False,2.1,False,,True,Wi-Fi 6E,5.2,1080p,True,True,31.24,22.01,1.49,1.49,MIL-STD 810H,有,False,True,1.4,False,False,True,False,True,False,False,白霧銀,True,https://www.asus.com/tw/laptops/for-home/zenbook/asus-zenbook-14-oled-ux3405/,2023-11-29 16:40:00,2026-10-06,True
90NB14W1-M014R0,UX3405CA-0122B225H,UX3405CA,sku,ASUS Zenbook 14 (UX3405),asus,Zenbook,39999.0,39999.0,9,39999.0,4,Core Ultra 5 225H,,False,,,,,,,16,16.0,False,0,True,16.0,512,512.0,14.0,1920x1200,True,60,60.0,False,75,75.0,1.22,True,65,65.0,Windows 11 Home,OLED,16:10,400.0,600.0,100.0,,,,False,False,False,LPDDR5X,,PCIe 4.0,,False,2.0,1.0,False,2.1,False,,True,Wi-Fi 7,5.4,1080p,True,True,31.24,22.01,1.49,1.49,MIL-STD 810H,有,False,True,1.4,False,True,True,False,True,False,False,紳士藍,True,https://www.asus.com/tw/laptops/for-home/zenbook/asus-zenbook-14-oled-ux3405/,2023-11-29 16:40:00,2026-10-06,True
90NB14W1-M014S0,UX3405CA-0132B225H,UX3405CA,sku,ASUS Zenbook 14 (UX3405),asus,Zenbook,,,0,,0,Core Ultra 5 225H,,False,,,,,,,16,16.0,False,0,True,16.0,1024,1024.0,14.0,1920x1200,True,60,60.0,False,75,75.0,1.22,True,65,65.0,Windows 11 Home,OLED,16:10,400.0,600.0,100.0,,,,False,False,False,LPDDR5X,,PCIe 4.0,,False,2.0,1.0,False,2.1,False,,True,Wi-Fi 7,5.4,1080p,True,True,31.24,22.01,1.49,1.49,MIL-STD 810H,有,False,True,1.4,False,True,True,False,True,False,False,紳士藍,True,https://www.asus.com/tw/laptops/for-home/zenbook/asus-zenbook-14-oled-ux3405/,2023-11-29 16:40:00,2026-10-06,True
90NB14W1-M021W0,UX3405CA-0202B255H,UX3405CA,sku,ASUS Zenbook 14 (UX3405),asus,Zenbook,44999.0,43999.0,9,44999.0,4,Core Ultra 7 255H,,False,,,,,,,16,16.0,False,0,True,16.0,512,512.0,14.0,1920x1200,True,60,60.0,False,75,75.0,1.22,True,65,65.0,Windows 11 Home,OLED,16:10,400.0,600.0,100.0,,,,False,False,False,LPDDR5X,,PCIe 4.0,,False,2.0,1.0,False,2.1,False,,True,Wi-Fi 7,5.4,1080p,True,True,31.24,22.01,1.49,1.49,MIL-STD 810H,有,False,True,1.4,False,True,True,False,True,False,False,紳士藍,True,https://www.asus.com/tw/laptops/for-home/zenbook/asus-zenbook-14-oled-ux3405/,2023-11-29 16:40:00,2026-10-06,True
90NB14W1-M021X0,UX3405CA-0212B255H,UX3405CA,sku,ASUS Zenbook 14 (UX3405),asus,Zenbook,,,0,,0,Core Ultra 7 255H,,False,,,,,,,32,32.0,False,0,True,32.0,512,512.0,14.0,1920x1200,True,60,60.0,False,75,75.0,1.22,True,65,65.0,Windows 11 Home,OLED,16:10,400.0,600.0,100.0,,,,False,False,False,LPDDR5X,,PCIe 4.0,,False,2.0,1.0,False,2.1,False,,True,Wi-Fi 7,5.4,1080p,True,True,31.24,22.01,1.49,1.49,MIL-STD 810H,有,False,True,1.4,False,True,True,False,True,False,False,紳士藍,True,https://www.asus.com/tw/laptops/for-home/zenbook/asus-zenbook-14-oled-ux3405/,2023-11-29 16:40:00,2026-10-06,True
90NB14W2-M021U0,UX3405CA-0182S225H,UX3405CA,sku,ASUS Zenbook 14 (UX3405),asus,Zenbook,39999.0,39999.0,9,39999.0,5,Core Ultra 5 225H,,False,,,,,,,16,16.0,False,0,True,16.0,512,512.0,14.0,1920x1200,True,60,60.0,False,75,75.0,1.22,True,65,65.0,Windows 11 Home,OLED,16:10,400.0,600.0,100.0,,,,False,False,False,LPDDR5X,,PCIe 4.0,,False,2.0,1.0,False,2.1,False,,True,Wi-Fi 7,5.4,1080p,True,True,31.24,22.01,1.49,1.49,MIL-STD 810H,有,False,True,1.4,False,True,True,False,True,False,False,白霧銀,True,https://www.asus.com/tw/laptops/for-home/zenbook/asus-zenbook-14-oled-ux3405/,2023-11-29 16:40:00,2026-10-06,True
90NB14W2-M021V0,UX3405CA-0192S255H,UX3405CA,sku,ASUS Zenbook 14 (UX3405),asus,Zenbook,44999.0,43999.0,8,44999.0,4,Core Ultra 7 255H,,False,,,,,,,16,16.0,False,0,True,16.0,512,512.0,14.0,1920x1200,True,60,60.0,False,75,75.0,1.22,True,65,65.0,Windows 11 Home,OLED,16:10,400.0,600.0,100.0,,,,False,False,False,LPDDR5X,,PCIe 4.0,,False,2.0,1.0,False,2.1,False,,True,Wi-Fi 7,5.4,1080p,True,True,31.24,22.01,1.49,1.49,MIL-STD 810H,有,False,True,1.4,False,True,True,False,True,False,False,白霧銀,True,https://www.asus.com/tw/laptops/for-home/zenbook/asus-zenbook-14-oled-ux3405/,2023-11-29 16:40:00,2026-10-06,True
90NB14W2-M021Y0,UX3405CA-0222S255H,UX3405CA,sku,ASUS Zenbook 14 (UX3405),asus,Zenbook,,,0,,0,Core Ultra 7 255H,,False,,,,,,,32,32.0,False,0,True,32.0,512,512.0,14.0,1920x1200,True,60,60.0,False,75,75.0,1.22,True,65,65.0,Windows 11 Home,OLED,16:10,400.0,600.0,100.0,,,,False,False,False,LPDDR5X,,PCIe 4.0,,False,2.0,1.0,False,2.1,False,,True,Wi-Fi 7,5.4,1080p,True,True,31.24,22.01,1.49,1.49,MIL-STD 810H,有,False,True,1.4,False,True,True,False,True,False,False,白霧銀,True,https://www.asus.com/tw/laptops/for-home/zenbook/asus-zenbook-14-oled-ux3405/,2023-11-29 16:40:00,2026-10-06,True
90NB14W4-M007D0,UX3405CA-0043S225H,UX3405CA,sku,ASUS Zenbook 14 (UX3405),asus,Zenbook,,,0,,0,Core Ultra 5 225H,,False,,,,,,,16,16.0,False,0,True,16.0,1024,1024.0,14.0,1920x1200,True,60,60.0,True,75,75.0,1.28,True,65,65.0,Windows 11 Home,OLED,16:10,400.0,500.0,100.0,,,,False,False,True,LPDDR5X,,PCIe 4.0,1.0,False,2.0,1.0,False,2.1,False,,True,Wi-Fi 7,5.4,1080p,True,True,31.24,22.01,1.49,1.49,MIL-STD 810H,有,False,True,1.4,False,True,True,False,True,False,False,白霧銀,True,https://www.asus.com/tw/laptops/for-home/zenbook/asus-zenbook-14-oled-ux3405/,2023-11-29 16:40:00,2026-10-06,True
90NB14W4-M007H0,UX3405CA-0073S255H,UX3405CA,sku,ASUS Zenbook 14 (UX3405),asus,Zenbook,,,0,,0,Core Ultra 7 255H,,False,,,,,,,32,32.0,False,0,True,32.0,1024,1024.0,14.0,1920x1200,True,60,60.0,True,75,75.0,1.28,True,65,65.0,Windows 11 Home,OLED,16:10,400.0,500.0,100.0,,,,False,False,True,LPDDR5X,,PCIe 4.0,1.0,False,2.0,1.0,False,2.1,False,,True,Wi-Fi 7,5.4,1080p,True,True,31.24,22.01,1.49,1.49,MIL-STD 810H,有,False,True,1.4,False,True,True,False,True,False,False,白霧銀,True,https://www.asus.com/tw/laptops/for-home/zenbook/asus-zenbook-14-oled-ux3405/,2023-11-29 16:40:00,2026-10-06,True
,,CM3001,model,ASUS Chromebook CM30 Detachable (CM3001),asus,Chromebook,,,0,,0,Kompanio 520,,False,,,,,,,4/8,8.0,False,0,True,4.0,64/128,128.0,10.5,1920x1200,False,,,True,38,38.0,0.61,False,45,45.0,ChromeOS,,16:10,400.0,,,118.0,,鏡面,False,False,True,LPDDR4X,,eMMC,,False,2.0,0.0,False,,False,,True,Wi-Fi 6,5.3,5MP,False,False,25.95,16.92,0.89,0.9,MIL-STD 810H,無,False,False,1.5,False,False,True,False,True,True,False,迷霧銀,True,https://www.asus.com/tw/laptops/for-home/chromebook/asus-chromebook-cm30-detachable-cm3001/,2023-11-21 17:06:00,2026-10-06,
,,S5504,model,ASUS Vivobook S 15 OLED BAPE 限定版 (S5504),asus,Vivobook,,,0,,0,Core i9-13900H,,False,,,,,,,16,16.0,False,0,True,16.0,1024,1024.0,15.6,2880x1620,True,120,120.0,False,75,75.0,1.6,True,90,90.0,Windows 11 Home,OLED,16:9,,600.0,100.0,,,鏡面,False,False,False,LPDDR5,,PCIe 4.0,1.0,False,1.0,2.0,False,1.4,False,,True,Wi-Fi 6E,5.2,1080p,False,True,35.93,22.94,1.79,1.79,MIL-STD 810H,有,False,False,1.35,False,False,False,True,False,False,False,迷彩黑 / 迷彩銀,True,https://www.asus.com/tw/laptops/for-home/vivobook/asus-vivobook-s-15-oled-bape-edition-s5504/,2023-07-28 15:44:00,2026-10-06,
,,B5602,model,"ExpertBook B5 (B5602, 13th Gen Intel)",asus,ExpertBook,,,0,,0,Core i7-1360P/Core i5-1340P,,False,,,,,,,8/16,16.0,True,1,True,40.0,512/1024,1024.0,16.0,1920x1200,False,,,False,50,50.0,,True,90,90.0,Windows 11 Pro,,16:10,300.0,,,,45.0,霧面,False,False,False,DDR5,,PCIe 4.0,2.0,False,2.0,2.0,False,2.1,True,microSD/SD,True,Wi-Fi 6E,5.3,720p,True,False,35.82,26.12,1.99,1.99,MIL-STD 810H,有,True,False,1.5,True,False,True,True,True,False,False,星夜黑,True,https://www.asus.com/tw/laptops/for-work/expertbook/expertbook-b5-b5602-13th-gen-intel/,2023-06-30 18:02:00,2026-10-06,
,,B1502CVA,model,"ExpertBook B1 (B1502,第13代 Intel處理器)",asus,ExpertBook,,,0,,0,Core i7-1355U/Core i5-1335U,,False,,,,,,,8/16,16.0,True,1,True,48.0,512/1024,1024.0,15.6,1920x1080,False,,,False,42,42.0,1.69,False,65,65.0,Windows 11 Pro/Windows 11 Home,,16:9,250.0,,,,45.0,霧面,False,False,False,DDR4,,PCIe 4.0,1.0,False,2.0,2.0,False,1.4,True,,True,Wi-Fi 6E,5.3,720p,False,False,36.16,23.3,1.99,1.99,MIL-STD 810H,有,False,False,1.4,True,False,True,True,True,False,False,星夜黑,True,https://www.asus.com/tw/laptops/for-work/expertbook/expertbook-b1-b1502-13th-gen-intel/,2023-06-30 17:07:00,2026-10-06,
,,B1402CVA,model,"ExpertBook B1 (B1402,第13代 Intel處理器)",asus,ExpertBook,,,0,,0,Core i7-1355U/Core i5-1335U/Core i3-1315U,,False,,,,,,,8/16,16.0,True,1,True,48.0,512/1024,1024.0,14.0,1920x1080,False,,,False,42,42.0,1.46,False,65,65.0,Windows 11 Pro/Windows 11 Home,,16:9,250.0,,,,45.0,霧面,False,False,False,DDR4,,PCIe 4.0,1.0,False,2.0,2.0,False,1.4,True,,True,Wi-Fi 6E,5.3,720p,False,False,32.69,21.45,1.99,1.99,MIL-STD 810H,有,False,False,1.4,True,False,True,True,True,False,False,星夜黑,True,https://www.asus.com/tw/laptops/for-work/expertbook/expertbook-b1-b1402-13th-gen-intel/,2023-06-30 17:07:00,2026-10-06,
,,B5602,model,"ExpertBook B5 OLED (B5602, 13th Gen Intel)",asus,ExpertBook,,,0,,0,Core i7-1360P/Core i5-1340P,,False,,,,,,,8/16,16.0,True,1,True,40.0,512/1024,1024.0,16.0,3840x2400,True,,,False,84,84.0,,True,90,90.0,Windows 11 Pro,OLED,16:10,400.0,,100.0,,,鏡面,False,False,False,DDR5,,PCIe 4.0,2.0,False,2.0,2.0,False,2.1,True,microSD/SD,True,Wi-Fi 6E,5.3,720p,True,False,35.82,26.12,1.99,1.99,MIL-STD 810H,有,True,False,1.5,True,False,True,True,True,False,False,星夜黑,True,https://www.asus.com/tw/laptops/for-work/expertbook/expertbook-b5-oled-b5602-13th-gen-intel/,2023-05-29 19:49:00,2026-10-06,
,,B2502CVA,model,"ExpertBook B2 (B2502C, 13th Gen Intel)",asus,ExpertBook,,,0,,0,Core i7-1360P/Core i5-1340P,,False,,,,,,,8/16,16.0,True,2,False,64.0,512/2048,2048.0,15.6,1920x1080,False,,,False,52,52.0,,True,65,65.0,Windows 11 Pro/Windows 11 Home,,16:9,250.0,,,,45.0,霧面,False,False,False,DDR4,,PCIe 4.0/HDD,,False,2.0,2.0,False,1.4,True,SD,True,Wi-Fi 6E,5.3,720p,False,False,36.45,24.73,1.99,2.0,MIL-STD 810H,有,True,False,1.5,True,False,True,True,True,False,False,星夜黑,True,https://www.asus.com/tw/laptops/for-work/expertbook/expertbook-b2-b2502c-13th-gen-intel/,2023-05-25 11:03:00,2026-10-06,
,,B7402FVA,model,"ExpertBook B7 Flip (B7402, 13th Gen Intel)",asus,ExpertBook,,,0,,0,Core i7-1360P/Core i5-1340P,,False,,,,,,,16/32,32.0,True,2,False,,1024,1024.0,14.0,2560x1600,False,,,True,63,63.0,,True,65,65.0,Windows 11 Pro,,16:10,400.0,,,100.0,,鏡面,False,False,True,DDR5,,PCIe 4.0,1.0,False,2.0,2.0,False,2.0,True,SD,True,Wi-Fi 6E,5.3,720p,True,False,32.0,23.42,1.8,1.89,MIL-STD 810H,有,False,True,1.5,True,False,True,True,True,True,False,星夜黑,True,https://www.asus.com/tw/laptops/for-work/expertbook/expertbook-b7-flip-b7402-13th-gen-intel/,2023-05-23 14:57:00,2026-10-06,
90NB1071-M004V0,S3604VA-0152K1340P,S3604VA,sku,ASUS Vivobook 16X (S3604),asus,Vivobook,,,0,,0,Core i5-1340P,,False,,,,,,,16,16.0,True,1,True,16.0,512,512.0,16.0,1920x1200,False,60,60.0,False,42,42.0,1.76,False,65,65.0,Windows 11 Home,,16:10,300.0,,,,45.0,霧面,False,False,False,DDR4,,PCIe 3.0,1.0,False,1.0,3.0,False,1.4,False,,True,Wi-Fi 6E,5.3,720p,False,True,35.95,24.94,1.79,1.79,MIL-STD 810H,無,True,False,1.35,False,False,False,True,True,False,False,搖滾黑,True,https://www.asus.com/tw/laptops/for-home/vivobook/asus-vivobook-16x-oled-s3604/,2023-05-11 00:00:00,2026-10-06,True
90NB1071-M004W0,S3604VA-0162K1360P,S3604VA,sku,ASUS Vivobook 16X (S3604),asus,Vivobook,,,0,,0,Core i7-1360P,,False,,,,,,,16,16.0,True,1,True,16.0,512,512.0,16.0,1920x1200,False,60,60.0,False,42,42.0,1.76,False,65,65.0,Windows 11 Home,,16:10,300.0,,,,45.0,霧面,False,False,False,DDR4,,PCIe 3.0,1.0,False,1.0,3.0,False,1.4,False,,True,Wi-Fi 6E,5.3,720p,False,True,35.95,24.94,1.79,1.79,MIL-STD 810H,無,True,False,1.35,False,False,False,True,True,False,False,搖滾黑,True,https://www.asus.com/tw/laptops/for-home/vivobook/asus-vivobook-16x-oled-s3604/,2023-05-11 00:00:00,2026-10-06,True
90NB1071-M00580,S3604VA-0192K1360P,S3604VA,sku,ASUS Vivobook 16X (S3604),asus,Vivobook,,,0,,0,Core i7-1360P,,False,,,,,,,16,16.0,True,1,True,16.0,1024,1024.0,16.0,1920x1200,False,60,60.0,False,42,42.0,1.76,False,65,65.0,Windows 11 Home,,16:10,300.0,,,,45.0,霧面,False,False,False,DDR4,,,1.0,False,1.0,3.0,False,1.4,False,,True,Wi-Fi 6E,5.3,720p,False,True,35.95,24.94,1.79,1.79,MIL-STD 810H,無,True,False,1.35,False,False,False,True,True,False,False,搖滾黑,True,https://www.asus.com/tw/laptops/for-home/vivobook/asus-vivobook-16x-oled-s3604/,2023-05-11 00:00:00,2026-10-06,True
,,UM3504,model,ASUS Zenbook 15 OLED (UM3504),asus,Zenbook,,,0,,0,Ryzen 7 7735U,,False,,,,,,,16,16.0,False,0,True,16.0,512,512.0,15.6,2880x1620,True,120,120.0,False,67,67.0,1.4,False,65,65.0,Windows 11 Home,OLED,16:9,400.0,600.0,100.0,,,鏡面,False,False,False,LPDDR5,,PCIe 4.0,1.0,False,2.0,1.0,True,2.1,False,,True,Wi-Fi 6E,5.3,1080p,True,False,35.48,22.66,1.49,1.58,MIL-STD 810H,有,True,False,1.4,False,False,True,False,True,False,False,紳士藍,True,https://www.asus.com/tw/laptops/for-home/zenbook/asus-zenbook-15-oled-um3504/,2023-04-18 09:52:00,2026-10-06,
90NB12V2-M005X0,UX5304MA-0022I125U,UX5304MA,sku,ASUS Zenbook S 13 OLED (UX5304),asus,Zenbook,,,0,,0,Core Ultra 5 125U,,False,,,,,,,16,16.0,False,0,True,16.0,512,512.0,13.3,2880x1800,True,60,60.0,False,63,63.0,1.0,True,65,65.0,Windows 11 Home,OLED,16:10,,600.0,100.0,,,鏡面,False,False,False,LPDDR5X,,PCIe 4.0,1.0,False,2.0,1.0,False,2.1,False,,True,Wi-Fi 6E,5.2,1080p,True,False,,,,,MIL-STD 810H,有,False,False,1.1,False,True,True,False,True,False,False,磐石灰,True,https://www.asus.com/tw/laptops/for-home/zenbook/asus-zenbook-s-13-oled-ux5304/,2023-04-11 16:37:00,2026-10-06,True
90NB12V2-M005Y0,UX5304MA-0032I155U,UX5304MA,sku,ASUS Zenbook S 13 OLED (UX5304),asus,Zenbook,,,0,,0,Core Ultra 7 155U,,False,,,,,,,32,32.0,False,0,True,32.0,1024,1024.0,13.3,2880x1800,True,60,60.0,False,63,63.0,1.0,True,65,65.0,Windows 11 Home,OLED,16:10,,600.0,100.0,,,鏡面,False,False,False,LPDDR5X,,PCIe 4.0,1.0,False,2.0,1.0,False,2.1,False,,True,Wi-Fi 6E,5.2,1080p,True,False,,,,,MIL-STD 810H,有,False,False,1.1,False,True,True,False,True,False,False,磐石灰,True,https://www.asus.com/tw/laptops/for-home/zenbook/asus-zenbook-s-13-oled-ux5304/,2023-04-11 16:37:00,2026-10-06,True
90NB0Z92-M00A60,UX5304VA-0122I1335U,UX5304VA,sku,ASUS Zenbook S 13 OLED (UX5304),asus,Zenbook,,,0,,0,Core i5-1335U,,False,,,,,,,16,16.0,False,0,True,16.0,512,512.0,13.3,2880x1800,True,60,60.0,False,63,63.0,1.0,True,65,65.0,Windows 11 Home,OLED,16:10,,,100.0,,,鏡面,False,False,False,LPDDR5,,PCIe 4.0,1.0,False,2.0,1.0,False,2.1,False,,True,Wi-Fi 6E,5.2,1080p,True,False,29.62,21.63,1.09,1.18,MIL-STD 810H,有,False,False,1.1,False,False,True,False,True,False,False,磐石灰,True,https://www.asus.com/tw/laptops/for-home/zenbook/asus-zenbook-s-13-oled-ux5304/,2023-04-11 16:37:00,2026-10-06,True
90NB0Z92-M00A70,UX5304VA-0132I1355U,UX5304VA,sku,ASUS Zenbook S 13 OLED (UX5304),asus,Zenbook,,,0,,0,Core i7-1355U,,False,,,,,,,16,16.0,False,0,True,16.0,512,512.0,13.3,2880x1800,True,60,60.0,False,63,63.0,1.0,True,65,65.0,Windows 11 Home,OLED,16:10,,,100.0,,,鏡面,False,False,False,LPDDR5,,PCIe 4.0,1.0,False,2.0,1.0,False,2.1,False,,True,Wi-Fi 6E,5.2,1080p,True,False,29.62,21.63,1.09,1.18,MIL-STD 810H,有,False,False,1.1,False,False,True,False,True,False,False,磐石灰,True,https://www.asus.com/tw/laptops/for-home/zenbook/asus-zenbook-s-13-oled-ux5304/,2023-04-11 16:37:00,2026-10-06,True
90NB0Z93-M00A50,UX5304VA-0112B1335U,UX5304VA,sku,ASUS Zenbook S 13 OLED (UX5304),asus,Zenbook,,,0,,0,Core i5-1335U,,False,,,,,,,16,16.0,False,0,True,16.0,512,512.0,13.3,2880x1800,True,60,60.0,False,63,63.0,1.0,True,65,65.0,Windows 11 Home,OLED,16:10,,,100.0,,,鏡面,False,False,False,LPDDR5,,PCIe 4.0,1.0,False,2.0,1.0,False,2.1,False,,True,Wi-Fi 6E,5.2,1080p,True,False,29.62,21.63,1.09,1.18,MIL-STD 810H,有,False,False,1.1,False,False,True,False,True,False,False,紳士藍,True,https://www.asus.com/tw/laptops/for-home/zenbook/asus-zenbook-s-13-oled-ux5304/,2023-04-11 16:37:00,2026-10-06,True
90NB0Z93-M00A80,UX5304VA-0142B1355U,UX5304VA,sku,ASUS Zenbook S 13 OLED (UX5304),asus,Zenbook,,,0,,0,Core i7-1355U,,False,,,,,,,16,16.0,False,0,True,16.0,512,512.0,13.3,2880x1800,True,60,60.0,False,63,63.0,1.0,True,65,65.0,Windows 11 Home,OLED,16:10,,,100.0,,,鏡面,False,False,False,LPDDR5,,PCIe 4.0,1.0,False,2.0,1.0,False,2.1,False,,True,Wi-Fi 6E,5.2,1080p,True,False,29.62,21.63,1.09,1.18,MIL-STD 810H,有,False,False,1.1,False,False,True,False,True,False,False,紳士藍,True,https://www.asus.com/tw/laptops/for-home/zenbook/asus-zenbook-s-13-oled-ux5304/,2023-04-11 16:37:00,2026-10-06,True
,,B5402FVA,model,"ExpertBook B5 Flip (B5402F, 13th Gen Intel)",asus,ExpertBook,,,0,,0,Core i5-1340P,,False,,,,,,,8,8.0,True,1,True,40.0,512,512.0,14.0,1920x1080,False,,,True,63,63.0,1.39,True,65,65.0,Windows 11 Pro,,16:9,400.0,,,100.0,,霧面,False,False,True,DDR5,,PCIe 4.0,2.0,False,2.0,2.0,False,2.1,True,microSD/SD,True,Wi-Fi 6E,5.3,720p,True,False,32.34,22.31,1.79,1.8,MIL-STD 810H,有,False,True,1.5,False,False,True,True,True,True,False,星夜黑,True,https://www.asus.com/tw/laptops/for-work/expertbook/expertbook-b5-flip-b5402f-13th-gen-intel/,2023-04-10 15:57:00,2026-10-06,
,,B5402CVA,model,"ExpertBook B5 (B5402C, 13th Gen Intel)",asus,ExpertBook,,,0,,0,Core i7-1360P/Core i5-1340P,,False,,,,,,,8/16/32,32.0,True,1,True,40.0,512/1024,1024.0,14.0,1920x1080,False,,,False,63,63.0,1.27,True,65,65.0,Windows 11 Pro/Windows 11 Home,,16:9,400.0,,,100.0,,霧面,False,False,False,DDR5,,PCIe 4.0,2.0,False,2.0,2.0,False,2.1,True,microSD/SD,True,Wi-Fi 6E,5.3,720p,True,False,32.34,22.31,1.79,1.8,MIL-STD 810H,有,False,True,1.5,True,False,True,True,True,False,False,星夜黑,True,https://www.asus.com/tw/laptops/for-work/expertbook/expertbook-b5-b5402c-13th-gen-intel/,2023-04-10 15:56:00,2026-10-06,
,,E1504G,model,ASUS Vivobook Go 15 (E1504G),asus,Vivobook,,,0,,0,Core i3-N305/Intel Processor N100,,False,,,,,,,8,8.0,False,0,True,,256,256.0,15.6,1920x1080,False,60,60.0,False,42,42.0,1.63,False,45,45.0,Windows 11 Home S/Windows 11 Home,IPS,16:9,250.0,,,,45.0,霧面,False,False,False,DDR4,,UFS,2.0,False,1.0,2.0,False,1.4,False,,True,Wi-Fi 6E,5.3,720p,False,True,36.03,23.25,1.79,1.79,MIL-STD 810H,無,False,False,1.4,False,False,False,False,False,False,False,混成黑,True,https://www.asus.com/tw/laptops/for-home/vivobook/asus-vivobook-go-15-oled-e1504g/,2023-03-31 09:26:00,2026-10-06,
90NB1542-M009B0,E1504TA-0061KN150,E1504TA,sku,ASUS Vivobook Go 15 (E1504G),asus,Vivobook,,15999.0,2,,0,Intel Processor N150,,False,,,,,,,8,8.0,False,0,True,,128,128.0,15.6,1920x1080,False,60,60.0,False,42,42.0,1.63,False,45,45.0,Windows 11 Home,IPS,16:9,250.0,,,,45.0,霧面,False,False,False,LPDDR5,,UFS,1.0,False,1.0,2.0,False,1.4,False,,True,Wi-Fi 6,5.2,720p,False,True,36.03,23.25,1.79,1.79,,無,False,False,1.4,False,False,False,False,False,False,False,混成黑,True,https://www.asus.com/tw/laptops/for-home/vivobook/asus-vivobook-go-15-oled-e1504g/,2023-03-31 09:26:00,2026-10-06,True
90NB11D1-M00FC0,K3605VC-0172K13420H,K3605VC,sku,ASUS Vivobook 16X (K3605),asus,Vivobook,,,0,,0,Core i5-13420H,,True,GeForce RTX 3050,,,,4,4.0,8,8.0,True,1,True,16.0,512,512.0,16.0,1920x1200,False,144,144.0,False,50,50.0,1.8,False,120,120.0,Windows 11 Home,IPS,16:10,300.0,,,,45.0,霧面,False,False,False,DDR4,,PCIe 4.0,1.0,False,1.0,2.0,False,2.1,False,SD,True,Wi-Fi 6E,5.2,720p,False,True,35.86,24.91,1.89,1.89,MIL-STD 810H,無,True,False,1.4,False,False,False,False,False,False,False,搖滾黑,True,https://www.asus.com/tw/laptops/for-home/vivobook/asus-vivobook-16x-oled-k3605/,2023-03-30 16:36:00,2026-10-06,True
90NB11D1-M00FK0,K3605VC-0182K13620H,K3605VC,sku,ASUS Vivobook 16X (K3605),asus,Vivobook,,,0,,0,Core i7-13620H,,True,GeForce RTX 3050,,,,4,4.0,16,16.0,True,1,True,16.0,512,512.0,16.0,1920x1200,False,144,144.0,False,50,50.0,1.8,False,120,120.0,Windows 11 Home,IPS,16:10,300.0,,,,45.0,霧面,False,False,False,DDR4,,PCIe 4.0,1.0,False,1.0,2.0,False,2.1,False,SD,True,Wi-Fi 6E,5.2,720p,False,True,35.86,24.91,1.89,1.89,MIL-STD 810H,無,True,False,1.4,False,False,False,False,False,False,False,搖滾黑,True,https://www.asus.com/tw/laptops/for-home/vivobook/asus-vivobook-16x-oled-k3605/,2023-03-30 16:36:00,2026-10-06,True
90NB11D2-M000J0,K3605VC-0032S13500H,K3605VC,sku,ASUS Vivobook 16X (K3605),asus,Vivobook,,,0,,0,Core i5-13500H,,True,GeForce RTX 3050,,,,4,4.0,16,16.0,True,1,True,16.0,512,512.0,16.0,1920x1200,False,120,120.0,False,50,50.0,1.8,False,120,120.0,Windows 11 Home,IPS,16:10,300.0,,,100.0,,霧面,False,False,False,DDR4,,PCIe 3.0,1.0,False,1.0,2.0,False,2.1,False,SD,True,Wi-Fi 6E,5.3,720p,False,True,35.86,24.91,1.89,1.89,MIL-STD 810H,無,True,False,1.4,False,False,False,True,True,False,False,酷玩銀,True,https://www.asus.com/tw/laptops/for-home/vivobook/asus-vivobook-16x-oled-k3605/,2023-03-30 16:36:00,2026-10-06,True
90NB11W1-M004H0,K3605ZV-0102K12500H,K3605ZV,sku,ASUS Vivobook 16X (K3605),asus,Vivobook,,,0,,0,Core i5-12500H,,True,GeForce RTX 4060,,,,8,8.0,16,16.0,True,1,True,32.0,512,512.0,16.0,2560x1600,False,144,144.0,False,70,70.0,1.8,True,120,120.0,Windows 11 Home,IPS,16:10,400.0,,,100.0,,霧面,False,False,False,DDR4,,PCIe 4.0,1.0,False,1.0,2.0,False,2.1,False,SD,True,Wi-Fi 6E,5.3,720p,False,True,35.86,24.91,1.89,1.89,MIL-STD 810H,有,True,False,1.4,False,False,False,True,True,False,False,搖滾黑,True,https://www.asus.com/tw/laptops/for-home/vivobook/asus-vivobook-16x-oled-k3605/,2023-03-30 16:36:00,2026-10-06,True
90NB11W1-M00960,K3605ZV-0132K12700H,K3605ZV,sku,ASUS Vivobook 16X (K3605),asus,Vivobook,,,0,,0,Core i7-12700H,,True,GeForce RTX 4060,,,,8,8.0,16,16.0,True,1,True,32.0,512,512.0,16.0,1920x1200,False,144,144.0,False,70,70.0,1.8,True,120,120.0,Windows 11 Home,IPS,16:10,300.0,,,,45.0,霧面,False,False,False,DDR4,,PCIe 4.0,1.0,False,1.0,2.0,False,2.1,False,SD,True,Wi-Fi 6E,5.3,720p,False,True,35.86,24.91,1.89,1.89,MIL-STD 810H,有,True,False,1.4,False,False,False,False,False,False,False,搖滾黑,True,https://www.asus.com/tw/laptops/for-home/vivobook/asus-vivobook-16x-oled-k3605/,2023-03-30 16:36:00,2026-10-06,True
90NB11X1-M00520,K3605ZU-0032K12500H,K3605ZU,sku,ASUS Vivobook 16X (K3605),asus,Vivobook,,,0,,0,Core i5-12500H,,True,GeForce RTX 4050,,,,6,6.0,16,16.0,True,1,True,32.0,512,512.0,16.0,1920x1200,False,120,120.0,False,70,70.0,1.8,True,120,120.0,Windows 11 Home,IPS,16:10,300.0,,,100.0,,霧面,False,False,False,DDR4,,PCIe 4.0,1.0,False,1.0,2.0,False,2.1,False,SD,True,Wi-Fi 6E,5.3,720p,False,True,35.86,24.91,1.89,1.89,MIL-STD 810H,有,True,False,1.4,False,False,False,True,True,False,False,搖滾黑,True,https://www.asus.com/tw/laptops/for-home/vivobook/asus-vivobook-16x-oled-k3605/,2023-03-30 16:36:00,2026-10-06,True
90NB11X1-M00A70,K3605ZU-0132K12500H,K3605ZU,sku,ASUS Vivobook 16X (K3605),asus,Vivobook,,,0,,0,Core i5-12500H,,True,GeForce RTX 4050,,,,6,6.0,16,16.0,True,1,True,32.0,1024,1024.0,16.0,3200x2000,True,120,120.0,False,70,70.0,1.8,True,120,120.0,Windows 11 Home,OLED,16:10,400.0,600.0,100.0,,,鏡面,False,False,False,DDR4,,,1.0,False,1.0,2.0,False,2.1,False,SD,True,Wi-Fi 6E,5.2,720p,False,True,35.86,24.91,1.89,1.89,MIL-STD 810H,有,True,False,1.4,False,False,False,True,True,False,False,搖滾黑,True,https://www.asus.com/tw/laptops/for-home/vivobook/asus-vivobook-16x-oled-k3605/,2023-03-30 16:36:00,2026-10-06,True
90NB11X1-M00DH0,K3605ZU-0142K12500H,K3605ZU,sku,ASUS Vivobook 16X (K3605),asus,Vivobook,,,0,,0,Core i5-12500H,,True,GeForce RTX 4050,,,,6,6.0,16,16.0,True,1,True,32.0,512,512.0,16.0,1920x1200,False,144,144.0,False,70,70.0,1.8,True,120,120.0,Windows 11 Home,IPS,16:10,300.0,,,,45.0,霧面,False,False,False,DDR4,,PCIe 4.0,1.0,False,1.0,2.0,False,2.1,False,SD,True,Wi-Fi 6E,5.3,720p,False,True,35.86,24.91,1.89,1.89,MIL-STD 810H,有,True,False,1.4,False,False,False,True,True,False,False,搖滾黑,True,https://www.asus.com/tw/laptops/for-home/vivobook/asus-vivobook-16x-oled-k3605/,2023-03-30 16:36:00,2026-10-06,True
90NB11F1-M00FA0,K3605ZC-0212K12500H,K3605ZC,sku,ASUS Vivobook 16X (K3605),asus,Vivobook,,,0,,0,Core i5-12500H,,True,GeForce RTX 3050,,,,4,4.0,8,8.0,True,1,True,16.0,512,512.0,16.0,1920x1200,False,60,60.0,False,50,50.0,1.8,False,120,120.0,Windows 11 Home,IPS,16:10,300.0,,,,45.0,霧面,False,False,False,DDR4,,PCIe 4.0,1.0,False,1.0,2.0,False,2.1,False,SD,True,Wi-Fi 6E,5.2,720p,False,True,35.86,24.91,1.89,1.89,MIL-STD 810H,無,True,False,1.4,False,False,False,False,False,False,False,搖滾黑,True,https://www.asus.com/tw/laptops/for-home/vivobook/asus-vivobook-16x-oled-k3605/,2023-03-30 16:36:00,2026-10-06,True
90NB11F1-M00TN0,K3605ZC-0352K12700H,K3605ZC,sku,ASUS Vivobook 16X (K3605),asus,Vivobook,,,0,,0,Core i7-12700H,,True,GeForce RTX 3050,,,,4,4.0,16,16.0,True,1,True,16.0,512,512.0,16.0,1920x1200,False,144,144.0,False,50,50.0,1.8,False,120,120.0,Windows 11 Home,IPS,16:10,300.0,,,,45.0,霧面,False,False,False,DDR4,,PCIe 4.0,1.0,False,1.0,2.0,False,2.1,False,SD,True,Wi-Fi 6E,5.3,720p,False,True,35.86,24.91,1.89,1.89,MIL-STD 810H,無,True,False,1.4,False,False,False,False,False,False,False,搖滾黑,True,https://www.asus.com/tw/laptops/for-home/vivobook/asus-vivobook-16x-oled-k3605/,2023-03-30 16:36:00,2026-10-06,True
90NB11F1-M00TP0,K3605ZC-0362K12500H,K3605ZC,sku,ASUS Vivobook 16X (K3605),asus,Vivobook,,,0,,0,Core i5-12500H,,True,GeForce RTX 3050,,,,4,4.0,8,8.0,True,1,True,16.0,512,512.0,16.0,1920x1200,False,144,144.0,False,50,50.0,1.8,False,120,120.0,Windows 11 Home,IPS,16:10,300.0,,,,45.0,霧面,False,False,False,DDR4,,PCIe 4.0,1.0,False,1.0,2.0,False,2.1,False,SD,True,Wi-Fi 6E,5.3,720p,False,True,35.86,24.91,1.89,1.89,MIL-STD 810H,無,True,False,1.4,False,False,False,False,False,False,False,搖滾黑,True,https://www.asus.com/tw/laptops/for-home/vivobook/asus-vivobook-16x-oled-k3605/,2023-03-30 16:36:00,2026-10-06,True
90NB11E1-M00ER0,K3605ZF-0132K12500H,K3605ZF,sku,ASUS Vivobook 16X (K3605),asus,Vivobook,,,0,,0,Core i5-12500H,,True,GeForce RTX 2050,,,,4,4.0,8,8.0,True,1,True,16.0,512,512.0,16.0,1920x1200,False,60,60.0,False,50,50.0,1.8,False,120,120.0,Windows 11 Home,IPS,16:10,300.0,,,,45.0,霧面,False,False,False,DDR4,,PCIe 4.0,1.0,False,1.0,2.0,False,2.1,False,SD,True,Wi-Fi 6E,5.2,720p,False,True,35.86,24.91,1.89,1.89,MIL-STD 810H,無,True,False,1.4,False,False,False,False,False,False,False,搖滾黑,True,https://www.asus.com/tw/laptops/for-home/vivobook/asus-vivobook-16x-oled-k3605/,2023-03-30 16:36:00,2026-10-06,True
90NB11E1-M00RN0,K3605ZF-0162K12500H,K3605ZF,sku,ASUS Vivobook 16X (K3605),asus,Vivobook,,,0,,0,Core i5-12500H,,True,GeForce RTX 2050,,,,4,4.0,8,8.0,True,1,True,16.0,512,512.0,16.0,1920x1200,False,144,144.0,False,50,50.0,1.8,False,120,120.0,Windows 11 Home,IPS,16:10,300.0,,,,45.0,霧面,False,False,False,DDR4,,PCIe 4.0,1.0,False,1.0,2.0,False,2.1,False,SD,True,Wi-Fi 6E,5.2,720p,False,True,35.86,24.91,1.89,1.89,MIL-STD 810H,無,True,False,1.4,False,False,False,False,False,False,False,搖滾黑,True,https://www.asus.com/tw/laptops/for-home/vivobook/asus-vivobook-16x-oled-k3605/,2023-03-30 16:36:00,2026-10-06,True
,,D6500QC,model,"ASUS Vivobook Pro 15 (D6500, AMD Ryzen series)",asus,Vivobook,,,0,,0,Ryzen 7 5800HS,,True,GeForce RTX 3050,,,,4,4.0,16,16.0,False,0,True,16.0,512,512.0,15.6,1920x1080,False,144,144.0,False,50,50.0,1.8,False,120,120.0,Windows 11 Pro,IPS,16:9,250.0,,,,45.0,鏡面,False,False,False,DDR4,,PCIe 3.0,1.0,False,1.0,3.0,False,1.4,False,microSD/SD,True,Wi-Fi 6,,1080p,False,True,35.98,23.43,1.89,1.99,MIL-STD 810H,有,False,False,1.4,False,False,False,True,False,False,False,午夜藍,True,https://www.asus.com/tw/laptops/for-home/vivobook/vivobook-pro-15-d6500-amd-ryzen-series/,2023-03-29 15:23:00,2026-10-06,
90NB0ZP2-M001U0,S5404VA-0052K13500H,S5404VA,sku,ASUS Vivobook S 14 OLED (S5404),asus,Vivobook,,,0,,0,Core i5-13500H,,False,,,,,,,16,16.0,False,0,True,16.0,512,512.0,14.5,2880x1800,True,120,120.0,False,75,75.0,1.5,True,90,90.0,Windows 11 Home,OLED,16:10,,600.0,100.0,,,鏡面,False,False,False,LPDDR5,,PCIe 4.0,1.0,False,1.0,2.0,False,1.4,False,,True,Wi-Fi 6E,5.3,1080p,False,True,32.28,22.59,1.79,1.79,MIL-STD 810H,有,False,True,1.4,False,False,False,True,True,False,False,午夜黑,True,https://www.asus.com/tw/laptops/for-home/vivobook/asus-vivobook-s-14-oled-s5404/,2023-03-28 14:50:00,2026-10-06,True
90NB0ZP3-M001V0,S5404VA-0062S13500H,S5404VA,sku,ASUS Vivobook S 14 OLED (S5404),asus,Vivobook,,,0,,0,Core i5-13500H,,False,,,,,,,16,16.0,False,0,True,16.0,512,512.0,14.5,2880x1800,True,120,120.0,False,75,75.0,1.5,True,90,90.0,Windows 11 Home,OLED,16:10,,600.0,100.0,,,鏡面,False,False,False,LPDDR5,,PCIe 4.0,1.0,False,1.0,2.0,False,1.4,False,,True,Wi-Fi 6E,5.3,1080p,False,True,32.28,22.59,1.79,1.79,MIL-STD 810H,有,False,True,1.4,False,False,False,True,True,False,False,酷玩銀,True,https://www.asus.com/tw/laptops/for-home/vivobook/asus-vivobook-s-14-oled-s5404/,2023-03-28 14:50:00,2026-10-06,True
,,B1508CB,model,"ExpertBook B1 (B1508C, 12th Gen Intel)",asus,ExpertBook,,,0,,0,Core i5-1235U/Core i7-1255U,,False,,,,,,,8,8.0,True,1,True,40.0,512,512.0,15.6,1920x1080,False,,,False,42,42.0,,True,65,65.0,Windows 11 Pro,,16:9,250.0,,,,45.0,霧面,False,False,False,DDR4,,PCIe 4.0,1.0,False,1.0,3.0,False,1.4,True,microSD/SD,True,Wi-Fi 6E,5.3,720p,False,False,35.8,23.65,1.94,1.94,MIL-STD 810H,有,True,False,1.5,True,False,False,True,True,False,False,星夜黑,True,https://www.asus.com/tw/laptops/for-work/expertbook/expertbook-b1-b1508c-12th-gen-intel/,2023-03-28 11:53:00,2026-10-06,
,,B1408C,model,"ExpertBook B1 (B1408C, 12th Gen Intel)",asus,ExpertBook,,,0,,0,,,False,,,,,,,,,False,0,False,,,,,,False,,,False,,,,False,,,,,,,,,,,,False,False,False,,,,,False,,,False,,False,,False,,,,False,False,,,,,,,False,False,,False,False,False,False,False,False,False,,False,https://www.asus.com/tw/laptops/for-work/expertbook/expertbook-b1-b1408c-12th-gen-intel/,2023-03-28 11:53:00,2026-10-06,
90NB1192-M006X0,M3704YA-0042K7430U,M3704YA,sku,ASUS Vivobook 17X (M3704),asus,Vivobook,,,0,,0,Ryzen 5 7430U,,False,,,,,,,8,8.0,True,1,True,16.0,512,512.0,17.3,1920x1080,False,60,60.0,False,50,50.0,2.1,False,65,65.0,Windows 11 Home,IPS,16:9,250.0,,,,45.0,霧面,False,False,False,DDR4,,PCIe 3.0,1.0,False,1.0,3.0,False,1.4,False,,True,Wi-Fi 6E,5.3,720p,False,True,39.93,25.13,1.98,1.98,MIL-STD 810H,無,True,False,1.4,True,False,False,True,False,False,False,搖滾黑,True,https://www.asus.com/tw/laptops/for-home/vivobook/asus-vivobook-17x-m3704/,2023-03-22 10:19:00,2026-10-06,True
,,E1404G,model,ASUS Vivobook Go 14 (E1404G),asus,Vivobook,,,0,,0,Intel Processor N100,,False,,,,,,,8,8.0,False,0,True,,256,256.0,14.0,1920x1080,False,60,60.0,False,42,42.0,1.38,False,45,45.0,Windows 11 Home,IPS,16:9,250.0,,,,45.0,霧面,False,False,False,DDR4,,UFS,,False,1.0,2.0,False,1.4,False,,True,Wi-Fi 6E/Wi-Fi 5,5.3,720p,False,True,32.55,21.39,1.79,1.79,MIL-STD 810H,無,False,True,1.4,False,False,False,False,False,False,False,混成黑,True,https://www.asus.com/tw/laptops/for-home/vivobook/asus-vivobook-go-14-e1404g/,2023-03-21 14:39:00,2026-10-06,
,,K3704,model,ASUS Vivobook 17X (K3704),asus,Vivobook,,,0,,0,Core i9-13900H/Core i5-13500H,,False,,,,,,,8,8.0,True,1,True,16.0,512,512.0,17.3,1920x1080,False,60,60.0,False,50,50.0,2.1,False,90,90.0,Windows 11 Home,IPS,16:9,250.0,,,,45.0,霧面,False,False,False,DDR4,,PCIe 3.0,1.0,False,1.0,3.0,False,1.4,False,,True,Wi-Fi 6E,5.3,720p,False,True,39.93,25.43,1.98,1.98,MIL-STD 810H,無,True,False,1.4,False,False,False,True,False,False,False,搖滾黑,True,https://www.asus.com/tw/laptops/for-home/vivobook/asus-vivobook-17x-k3704/,2023-03-14 08:59:00,2026-10-06,
90NB0ZK2-M00BH0,S5504VA-0132K13500H,S5504VA,sku,ASUS Vivobook S 15 OLED (S5504),asus,Vivobook,,,0,,0,Core i5-13500H,,False,,,,,,,16,16.0,False,0,True,16.0,512,512.0,15.6,2880x1620,True,120,120.0,False,75,75.0,1.6,True,90,90.0,Windows 11 Home,OLED,16:9,,600.0,100.0,,,鏡面,False,False,False,LPDDR5,,PCIe 4.0,1.0,False,1.0,2.0,False,1.4,False,,True,Wi-Fi 6E,5.2,1080p,False,True,35.93,22.94,1.79,1.79,MIL-STD 810H,有,False,False,1.35,False,False,False,True,True,False,False,午夜黑,True,https://www.asus.com/tw/laptops/for-home/vivobook/asus-vivobook-s-15-oled-s5504/,2023-03-04 00:00:00,2026-10-06,True
90NB0ZK2-M00MX0,S5504VA-0222K13900H,S5504VA,sku,ASUS Vivobook S 15 OLED (S5504),asus,Vivobook,,,0,,0,Core i9-13900H,,False,,,,,,,16,16.0,False,0,True,16.0,1024,1024.0,15.6,2880x1620,True,120,120.0,False,75,75.0,1.6,True,90,90.0,Windows 11 Home,OLED,16:9,,600.0,100.0,,,鏡面,False,False,False,LPDDR5,,PCIe 4.0,1.0,False,1.0,2.0,False,1.4,False,,True,Wi-Fi 6E,5.2,1080p,False,True,35.93,22.94,1.79,1.79,MIL-STD 810H,有,False,False,1.35,False,False,False,False,False,False,False,午夜黑,True,https://www.asus.com/tw/laptops/for-home/vivobook/asus-vivobook-s-15-oled-s5504/,2023-03-04 00:00:00,2026-10-06,True
90NB0ZK3-M00BK0,S5504VA-0152S13500H,S5504VA,sku,ASUS Vivobook S 15 OLED (S5504),asus,Vivobook,,,0,,0,Core i5-13500H,,False,,,,,,,16,16.0,False,0,True,16.0,512,512.0,15.6,2880x1620,True,120,120.0,False,75,75.0,1.6,True,90,90.0,Windows 11 Home,OLED,16:9,,600.0,100.0,,,鏡面,False,False,False,LPDDR5,,PCIe 4.0,1.0,False,1.0,2.0,False,1.4,False,,True,Wi-Fi 6E,5.2,1080p,False,True,35.93,22.94,1.79,1.79,MIL-STD 810H,有,False,False,1.35,False,False,False,True,True,False,False,酷玩銀,True,https://www.asus.com/tw/laptops/for-home/vivobook/asus-vivobook-s-15-oled-s5504/,2023-03-04 00:00:00,2026-10-06,True
,,M1605,model,ASUS Vivobook 16 (C1605NAQ),asus,Vivobook,,,0,,0,Ryzen 7 7730U/Ryzen 5 7530U,,False,,,,,,,8,8.0,True,1,True,16.0,512,512.0,16.0,1920x1200,False,60,60.0,False,42,42.0,1.88,False,45,45.0,Windows 11 Home,IPS,16:10,300.0,,,,45.0,霧面,False,False,False,DDR4,,PCIe 3.0,1.0,False,1.0,3.0,False,1.4,False,,True,Wi-Fi 6E,5.3,720p,False,True,35.87,24.95,1.99,1.99,MIL-STD 810H,無,True,False,1.4,False,False,False,True,True,False,False,搖滾黑,True,https://www.asus.com/tw/laptops/for-home/vivobook/asus-vivobook-16-oled-m1605/,2023-02-02 11:08:00,2026-10-06,
90NB1831-M00330,C1605NAQ-0041K150H,M1605NAQ,sku,ASUS Vivobook 16 (C1605NAQ),asus,Vivobook,,,0,,0,Ryzen 5 150,,False,,,,,,,16,16.0,True,1,True,24.0,512,512.0,16.0,1920x1200,True,60,60.0,False,50,50.0,1.88,False,68,68.0,Windows 11 Home,OLED,16:10,300.0,,95.0,,,鏡面,False,False,False,DDR5,,PCIe 4.0,1.0,False,2.0,3.0,False,1.4,False,,True,Wi-Fi 6,5.4,720p,False,True,35.87,24.95,1.99,1.99,MIL-STD 810H,無,True,False,1.4,False,False,True,False,False,False,False,搖滾黑,True,https://www.asus.com/tw/laptops/for-home/vivobook/asus-vivobook-16-oled-m1605/,2023-02-02 11:08:00,2026-10-06,True
,,X1704,model,ASUS Vivobook 17 (X1704),asus,Vivobook,,,0,,0,Pentium Gold 8505,,False,,,,,,,8,8.0,True,1,True,16.0,512,512.0,17.3,1920x1080,False,60,60.0,False,50,50.0,2.1,False,45,45.0,Windows 11 Home,IPS,16:9,250.0,,,,45.0,霧面,False,False,False,DDR4,,PCIe 3.0,1.0,False,1.0,3.0,False,1.4,False,,True,Wi-Fi 6E,5.3,720p,False,True,39.93,25.43,1.99,1.99,MIL-STD 810H,無,True,False,1.4,False,False,False,False,False,False,False,午夜藍,True,https://www.asus.com/tw/laptops/for-home/vivobook/asus-vivobook-17-x1704/,2023-01-05 06:28:00,2026-10-06,
90NB10V2-M000D0,X1704VA-0021B1335U,X1704VA,sku,ASUS Vivobook 17 (X1704),asus,Vivobook,,,0,,0,Core i5-1335U,,False,,,,,,,8,8.0,True,1,True,16.0,512,512.0,17.3,1920x1080,False,60,60.0,False,50,50.0,2.1,False,45,45.0,Windows 11 Home,IPS,16:9,250.0,,,,45.0,霧面,False,False,False,DDR4,,PCIe 4.0,1.0,False,1.0,3.0,False,1.4,False,,True,Wi-Fi 6E,5.3,720p,False,True,39.93,25.43,1.99,1.99,MIL-STD 810H,無,True,False,1.4,False,False,False,False,False,False,False,午夜藍,True,https://www.asus.com/tw/laptops/for-home/vivobook/asus-vivobook-17-x1704/,2023-01-05 06:28:00,2026-10-06,True
90NB10V2-M00PL0,X1704VA-0061B1334U,X1704VA,sku,ASUS Vivobook 17 (X1704),asus,Vivobook,,,0,,0,Core i5-1334U,,False,,,,,,,16,16.0,True,1,True,16.0,512,512.0,17.3,1920x1080,False,60,60.0,False,50,50.0,2.1,False,45,45.0,Windows 11 Home,IPS,16:9,250.0,,,,45.0,霧面,False,False,False,DDR4,,PCIe 4.0,1.0,False,1.0,3.0,False,1.4,False,,True,Wi-Fi 6E,5.3,720p,False,True,39.93,25.43,1.99,1.99,MIL-STD 810H,無,True,False,1.4,False,False,False,False,False,False,False,午夜藍,True,https://www.asus.com/tw/laptops/for-home/vivobook/asus-vivobook-17-x1704/,2023-01-05 06:28:00,2026-10-06,True
90NB13X2-M009L0,X1704VA-0081B120U,X1704VAP,sku,ASUS Vivobook 17 (X1704),asus,Vivobook,,,0,,0,Core 5 120U,,False,,,,,,,16,16.0,True,1,True,16.0,512,512.0,17.3,1920x1080,False,60,60.0,False,50,50.0,2.1,False,45,45.0,Windows 11 Home,IPS,16:9,250.0,,,,45.0,霧面,False,False,False,DDR4,,PCIe 4.0,1.0,False,1.0,3.0,False,1.4,False,,True,Wi-Fi 6,5.2,720p,False,True,39.93,25.43,1.99,1.99,MIL-STD 810H,無,True,False,1.4,False,False,False,False,False,False,False,午夜藍,True,https://www.asus.com/tw/laptops/for-home/vivobook/asus-vivobook-17-x1704/,2023-01-05 06:28:00,2026-10-06,True
90NB13X2-M00HL0,X1704VA-0091B120U,X1704VAPBF,sku,ASUS Vivobook 17 (X1704),asus,Vivobook,,,0,,0,Core 5 120U,,False,,,,,,,16,16.0,True,1,True,16.0,512,512.0,17.3,1920x1080,False,60,60.0,False,50,50.0,2.1,False,48,48.0,Windows 11 Home,IPS,16:9,250.0,,,,45.0,霧面,False,False,False,DDR5,,PCIe 4.0,2.0,False,2.0,3.0,False,1.4,False,,True,Wi-Fi 6,5.2,720p,False,True,39.93,25.43,1.99,1.99,MIL-STD 810H,無,True,False,1.4,False,False,True,False,False,False,False,午夜藍,True,https://www.asus.com/tw/laptops/for-home/vivobook/asus-vivobook-17-x1704/,2023-01-05 06:28:00,2026-10-06,True
90NB13X2-M00XB0,X1704VA-0101B120U,X1704VAPBF,sku,ASUS Vivobook 17 (X1704),asus,Vivobook,,29900.0,1,,0,Core 5 120U,,False,,,,,,,8,8.0,True,1,True,16.0,512,512.0,17.3,1920x1080,False,60,60.0,False,50,50.0,2.1,False,48,48.0,Windows 11 Home,IPS,16:9,250.0,,,,45.0,霧面,False,False,False,DDR5,,PCIe 4.0,2.0,False,2.0,3.0,False,1.4,False,,True,Wi-Fi 6,5.2,720p,False,True,39.93,25.43,1.99,1.99,MIL-STD 810H,無,True,False,1.4,False,False,True,False,False,False,False,午夜藍,True,https://www.asus.com/tw/laptops/for-home/vivobook/asus-vivobook-17-x1704/,2023-01-05 06:28:00,2026-10-06,True
90NB17V2-M00300,X1704MA-0031B320,X1704MAF,sku,ASUS Vivobook 17 (X1704),asus,Vivobook,,,0,,0,Core 5 320,,False,,,,,,,8,8.0,True,1,False,32.0,512,512.0,17.3,1920x1080,False,60,60.0,False,50,50.0,2.1,False,48,48.0,Windows 11 Home,IPS,16:9,250.0,,,,45.0,霧面,False,False,False,DDR5,,PCIe 4.0,1.0,False,2.0,3.0,False,1.4,False,,True,Wi-Fi 6,5.3,720p,False,True,39.93,25.43,1.99,1.99,MIL-STD 810H,有,False,False,1.7,False,True,True,False,False,False,False,午夜藍,True,https://www.asus.com/tw/laptops/for-home/vivobook/asus-vivobook-17-x1704/,2023-01-05 06:28:00,2026-10-06,True
90NB17V2-M00310,X1704MA-0041B304,X1704MAF,sku,ASUS Vivobook 17 (X1704),asus,Vivobook,,,0,,0,Core 3 304,,False,,,,,,,8,8.0,True,1,False,32.0,512,512.0,17.3,1920x1080,False,60,60.0,False,50,50.0,2.1,False,48,48.0,Windows 11 Home,IPS,16:9,250.0,,,,45.0,霧面,False,False,False,DDR5,,PCIe 4.0,1.0,False,2.0,3.0,False,1.4,False,,True,Wi-Fi 6,5.3,720p,False,True,39.93,25.43,1.99,1.99,MIL-STD 810H,有,False,False,1.7,False,True,True,False,False,False,False,午夜藍,True,https://www.asus.com/tw/laptops/for-home/vivobook/asus-vivobook-17-x1704/,2023-01-05 06:28:00,2026-10-06,True
90NB1021-M004N0,X1504ZA-0091B1255U,X1504ZA,sku,ASUS Vivobook 15 (X1504),asus,Vivobook,,,0,,0,Core i7-1255U,,False,,,,,,,8,8.0,True,1,True,16.0,512,512.0,15.6,1920x1080,False,60,60.0,False,42,42.0,1.7,False,45,45.0,Windows 11 Home,IPS,16:9,250.0,,,,45.0,霧面,False,False,False,DDR4,,PCIe 3.0,1.0,False,1.0,3.0,False,1.4,False,,True,Wi-Fi 6E,5.3,720p,False,True,35.97,23.25,1.79,1.79,MIL-STD 810H,無,False,False,1.4,False,False,False,False,False,False,False,午夜藍,True,https://www.asus.com/tw/laptops/for-home/vivobook/asus-vivobook-15-x1504/,2023-01-05 06:28:00,2026-10-06,True
90NB1021-M00FD0,X1504ZA-0131B1255U,X1504ZA,sku,ASUS Vivobook 15 (X1504),asus,Vivobook,,,0,,0,Core i7-1255U,,False,,,,,,,16,16.0,True,1,True,16.0,512,512.0,15.6,1920x1080,False,60,60.0,False,42,42.0,1.7,False,45,45.0,Windows 11 Home,IPS,16:9,250.0,,,,45.0,霧面,False,False,False,DDR4,,PCIe 3.0,1.0,False,1.0,3.0,False,1.4,False,,True,Wi-Fi 6E,5.3,720p,False,True,35.97,23.25,1.79,1.79,MIL-STD 810H,無,False,False,1.4,False,False,False,False,False,False,False,午夜藍,True,https://www.asus.com/tw/laptops/for-home/vivobook/asus-vivobook-15-x1504/,2023-01-05 06:28:00,2026-10-06,True
90NB1021-M00K10,X1504ZA-0141B1215U,X1504ZA,sku,ASUS Vivobook 15 (X1504),asus,Vivobook,,,0,,0,Core i3-1215U,,False,,,,,,,8,8.0,True,1,True,16.0,256,256.0,15.6,1920x1080,False,60,60.0,False,42,42.0,1.7,False,45,45.0,Windows 11 Home,IPS,16:9,250.0,,,,45.0,霧面,False,False,False,DDR4,,PCIe 3.0,1.0,False,1.0,3.0,False,1.4,False,,True,Wi-Fi 6E,5.3,720p,False,True,35.97,23.25,1.79,1.79,MIL-STD 810H,無,False,False,1.4,False,False,False,False,False,False,False,午夜藍,True,https://www.asus.com/tw/laptops/for-home/vivobook/asus-vivobook-15-x1504/,2023-01-05 06:28:00,2026-10-06,True
90NB1021-M01030,X1504ZA-0151B1235U,X1504ZA,sku,ASUS Vivobook 15 (X1504),asus,Vivobook,,,0,18900.0,1,Core i5-1235U,,False,,,,,,,8,8.0,True,1,True,16.0,512,512.0,15.6,1920x1080,False,60,60.0,False,42,42.0,1.7,False,45,45.0,Windows 11 Home,IPS,16:9,250.0,,,,45.0,霧面,False,False,False,DDR4,,PCIe 4.0,1.0,False,1.0,3.0,False,1.4,False,,True,Wi-Fi 6E,5.3,720p,False,True,35.97,23.25,1.79,1.79,MIL-STD 810H,無,False,False,1.4,False,False,False,False,False,False,False,午夜藍,True,https://www.asus.com/tw/laptops/for-home/vivobook/asus-vivobook-15-x1504/,2023-01-05 06:28:00,2026-10-06,True
90NB1021-M01610,X1504ZA-0181B1215U,X1504ZA,sku,ASUS Vivobook 15 (X1504),asus,Vivobook,,,0,,0,Core i3-1215U,,False,,,,,,,8,8.0,True,1,True,16.0,512,512.0,15.6,1920x1080,False,60,60.0,False,42,42.0,1.7,False,45,45.0,Windows 11 Home,IPS,16:9,250.0,,,,45.0,霧面,False,False,False,DDR4,,PCIe 4.0,1.0,False,1.0,3.0,False,1.4,False,,True,Wi-Fi 6E,5.3,720p,False,True,35.97,23.25,1.79,1.79,MIL-STD 810H,無,False,False,1.4,False,False,False,False,False,False,False,午夜藍,True,https://www.asus.com/tw/laptops/for-home/vivobook/asus-vivobook-15-x1504/,2023-01-05 06:28:00,2026-10-06,True
90NB1023-M015H0,X1504ZA-0171C1235U,X1504ZA,sku,ASUS Vivobook 15 (X1504),asus,Vivobook,,,0,18900.0,1,Core i5-1235U,,False,,,,,,,8,8.0,True,1,True,16.0,512,512.0,15.6,1920x1080,False,60,60.0,False,42,42.0,1.7,False,45,45.0,Windows 11 Home,IPS,16:9,250.0,,,,45.0,霧面,False,False,False,DDR4,,PCIe 4.0,1.0,False,1.0,3.0,False,1.4,False,,True,Wi-Fi 6E,5.3,720p,False,True,35.97,23.25,1.79,1.79,MIL-STD 810H,無,False,False,1.4,False,False,False,False,False,False,False,蜜誘金,True,https://www.asus.com/tw/laptops/for-home/vivobook/asus-vivobook-15-x1504/,2023-01-05 06:28:00,2026-10-06,True
90NB10J1-M000M0,X1504VA-0021B1335U,X1504VA,sku,ASUS Vivobook 15 (X1504),asus,Vivobook,,,0,,0,Core i5-1335U,,False,,,,,,,8,8.0,True,1,True,16.0,512,512.0,15.6,1920x1080,False,60,60.0,False,42,42.0,1.7,False,45,45.0,Windows 11 Home,IPS,16:9,250.0,,,,45.0,霧面,False,False,False,DDR4,,PCIe 3.0,1.0,False,1.0,3.0,False,1.4,False,,True,Wi-Fi 6E,5.3,720p,False,True,35.97,23.25,1.79,1.79,MIL-STD 810H,無,False,False,1.4,False,False,False,False,False,False,False,午夜藍,True,https://www.asus.com/tw/laptops/for-home/vivobook/asus-vivobook-15-x1504/,2023-01-05 06:28:00,2026-10-06,True
90NB10J1-M000P0,X1504VA-0041B1355U,X1504VA,sku,ASUS Vivobook 15 (X1504),asus,Vivobook,,,0,,0,Core i7-1355U,,False,,,,,,,8,8.0,True,1,True,16.0,512,512.0,15.6,1920x1080,False,60,60.0,False,42,42.0,1.7,False,45,45.0,Windows 11 Home,IPS,16:9,250.0,,,,45.0,霧面,False,False,False,DDR4,,PCIe 3.0,1.0,False,1.0,3.0,False,1.4,False,,True,Wi-Fi 6E,5.3,720p,False,True,35.97,23.25,1.79,1.79,MIL-STD 810H,無,False,False,1.4,False,False,False,False,False,False,False,午夜藍,True,https://www.asus.com/tw/laptops/for-home/vivobook/asus-vivobook-15-x1504/,2023-01-05 06:28:00,2026-10-06,True
90NB10J1-M020D0,X1504VA-0371B1315U,X1504VA,sku,ASUS Vivobook 15 (X1504),asus,Vivobook,,15999.0,2,,0,Core i3-1315U,,False,,,,,,,8,8.0,True,1,True,16.0,512,512.0,15.6,1920x1080,False,60,60.0,False,42,42.0,1.7,False,45,45.0,Windows 11 Home,IPS,16:9,250.0,,,,45.0,霧面,False,False,False,DDR4,,PCIe 4.0,1.0,False,1.0,3.0,False,1.4,False,,True,Wi-Fi 6E,5.3,720p,False,True,35.97,23.25,1.79,1.79,MIL-STD 810H,無,False,False,1.4,False,False,False,False,False,False,False,午夜藍,True,https://www.asus.com/tw/laptops/for-home/vivobook/asus-vivobook-15-x1504/,2023-01-05 06:28:00,2026-10-06,True
90NB10J1-M023X0,X1504VA-0411B1334U,X1504VA,sku,ASUS Vivobook 15 (X1504),asus,Vivobook,,,0,,0,Core i5-1334U,,False,,,,,,,8,8.0,True,1,True,16.0,512,512.0,15.6,1920x1080,False,60,60.0,False,42,42.0,1.7,False,45,45.0,Windows 11 Home,IPS,16:9,250.0,,,,45.0,霧面,False,False,False,DDR4,,PCIe 4.0,1.0,False,1.0,3.0,False,1.4,False,,True,Wi-Fi 6E,5.3,720p,False,True,35.97,23.25,1.79,1.79,MIL-STD 810H,無,False,False,1.4,False,False,False,False,False,False,False,午夜藍,True,https://www.asus.com/tw/laptops/for-home/vivobook/asus-vivobook-15-x1504/,2023-01-05 06:28:00,2026-10-06,True
90NB10J2-M000N0,X1504VA-0031S1335U,X1504VA,sku,ASUS Vivobook 15 (X1504),asus,Vivobook,,,0,,0,Core i5-1335U,,False,,,,,,,8,8.0,True,1,True,16.0,512,512.0,15.6,1920x1080,False,60,60.0,False,42,42.0,1.7,False,45,45.0,Windows 11 Home,IPS,16:9,250.0,,,,45.0,霧面,False,False,False,DDR4,,PCIe 3.0,1.0,False,1.0,3.0,False,1.4,False,,True,Wi-Fi 6E,5.3,720p,False,True,35.97,23.25,1.79,1.79,MIL-STD 810H,無,False,False,1.4,False,False,False,False,False,False,False,酷玩銀,True,https://www.asus.com/tw/laptops/for-home/vivobook/asus-vivobook-15-x1504/,2023-01-05 06:28:00,2026-10-06,True
90NB10J3-M00MR0,X1504VA-0231C1335U,X1504VA,sku,ASUS Vivobook 15 (X1504),asus,Vivobook,,,0,,0,Core i5-1335U,,False,,,,,,,8,8.0,True,1,True,16.0,512,512.0,15.6,1920x1080,False,60,60.0,False,42,42.0,1.7,False,45,45.0,Windows 11 Home,IPS,16:9,250.0,,,,45.0,霧面,False,False,False,DDR4,,PCIe 3.0,1.0,False,1.0,3.0,False,1.4,False,,True,Wi-Fi 6E,5.3,720p,False,True,35.97,23.25,1.79,1.79,MIL-STD 810H,無,False,False,1.4,False,False,False,False,False,False,False,蜜誘金,True,https://www.asus.com/tw/laptops/for-home/vivobook/asus-vivobook-15-x1504/,2023-01-05 06:28:00,2026-10-06,True
90NB10J3-M023Y0,X1504VA-0421C1334U,X1504VA,sku,ASUS Vivobook 15 (X1504),asus,Vivobook,,,0,,0,Core i5-1334U,,False,,,,,,,8,8.0,True,1,True,16.0,512,512.0,15.6,1920x1080,False,60,60.0,False,42,42.0,1.7,False,45,45.0,Windows 11 Home,IPS,16:9,250.0,,,,45.0,霧面,False,False,False,DDR4,,PCIe 4.0,1.0,False,1.0,3.0,False,1.4,False,,True,Wi-Fi 6E,5.3,720p,False,True,35.97,23.25,1.79,1.79,MIL-STD 810H,無,False,False,1.4,False,False,False,False,False,False,False,蜜誘金,True,https://www.asus.com/tw/laptops/for-home/vivobook/asus-vivobook-15-x1504/,2023-01-05 06:28:00,2026-10-06,True
90NB13Y1-M00AV0,X1504VA-0281B120U,X1504VAP,sku,ASUS Vivobook 15 (X1504),asus,Vivobook,,,0,,0,Core 5 120U,,False,,,,,,,8,8.0,True,1,True,16.0,512,512.0,15.6,1920x1080,False,60,60.0,False,42,42.0,1.7,False,45,45.0,Windows 11 Home,IPS,16:9,250.0,,,,45.0,霧面,False,False,False,DDR4,,PCIe 4.0,1.0,False,1.0,3.0,False,1.4,False,,True,Wi-Fi 6,5.2,720p,False,True,35.97,23.25,1.79,1.79,MIL-STD 810H,無,True,False,1.4,False,False,False,False,False,False,False,午夜藍,True,https://www.asus.com/tw/laptops/for-home/vivobook/asus-vivobook-15-x1504/,2023-01-05 06:28:00,2026-10-06,True
90NB13Y3-M00AW0,X1504VA-0291C120U,X1504VAP,sku,ASUS Vivobook 15 (X1504),asus,Vivobook,,,0,,0,Core 5 120U,,False,,,,,,,8,8.0,True,1,True,16.0,512,512.0,15.6,1920x1080,False,60,60.0,False,42,42.0,1.7,False,45,45.0,Windows 11 Home,IPS,16:9,250.0,,,,45.0,霧面,False,False,False,DDR4,,PCIe 4.0,1.0,False,1.0,3.0,False,1.4,False,,True,Wi-Fi 6,5.2,720p,False,True,35.97,23.25,1.79,1.79,MIL-STD 810H,無,True,False,1.4,False,False,False,False,False,False,False,蜜誘金,True,https://www.asus.com/tw/laptops/for-home/vivobook/asus-vivobook-15-x1504/,2023-01-05 06:28:00,2026-10-06,True
90NB13Y1-M01MZ0,X1504VA-0571B120U,X1504VAPB,sku,ASUS Vivobook 15 (X1504),asus,Vivobook,24199.0,,0,,0,Core 5 120U,,False,,,,,,,16,16.0,True,1,True,24.0,512,512.0,15.6,1920x1080,False,60,60.0,False,42,42.0,1.7,False,45,45.0,Windows 11 Home,IPS,16:9,250.0,,,,45.0,霧面,False,False,False,DDR5,,PCIe 4.0,1.0,False,1.0,3.0,False,1.4,False,,True,Wi-Fi 6,5.2,720p,False,True,35.97,23.25,1.79,1.79,MIL-STD 810H,無,True,False,1.4,False,False,False,False,False,False,False,午夜藍,True,https://www.asus.com/tw/laptops/for-home/vivobook/asus-vivobook-15-x1504/,2023-01-05 06:28:00,2026-10-06,True
90NB13Y1-M01N00,X1504VA-0581B120U,X1504VAPB,sku,ASUS Vivobook 15 (X1504),asus,Vivobook,19999.0,19999.0,6,,0,Core 5 120U,,False,,,,,,,8,8.0,True,1,True,24.0,512,512.0,15.6,1920x1080,False,60,60.0,False,42,42.0,1.7,False,45,45.0,Windows 11 Home,IPS,16:9,250.0,,,,45.0,霧面,False,False,False,DDR5,,PCIe 4.0,1.0,False,1.0,3.0,False,1.4,False,,True,Wi-Fi 6,5.2,720p,False,True,35.97,23.25,1.79,1.79,MIL-STD 810H,無,True,False,1.4,False,False,False,False,False,False,False,午夜藍,True,https://www.asus.com/tw/laptops/for-home/vivobook/asus-vivobook-15-x1504/,2023-01-05 06:28:00,2026-10-06,True
90NB13Y1-M01N20,X1504VA-0601B150U,X1504VAPB,sku,ASUS Vivobook 15 (X1504),asus,Vivobook,27999.0,27999.0,1,,0,Core 7 150U,,False,,,,,,,16,16.0,True,1,True,24.0,1024,1024.0,15.6,1920x1080,False,60,60.0,False,42,42.0,1.7,False,45,45.0,Windows 11 Home,IPS,16:9,250.0,,,,45.0,霧面,False,False,False,DDR5,,PCIe 4.0,1.0,False,1.0,3.0,False,1.4,False,,True,Wi-Fi 6,5.2,720p,False,True,35.97,23.25,1.79,1.79,MIL-STD 810H,無,True,False,1.4,False,False,False,False,False,False,False,午夜藍,True,https://www.asus.com/tw/laptops/for-home/vivobook/asus-vivobook-15-x1504/,2023-01-05 06:28:00,2026-10-06,True
90NB13Y1-M01N30,X1504VA-0611B100U,X1504VAPB,sku,ASUS Vivobook 15 (X1504),asus,Vivobook,17999.0,17999.0,5,,0,Core 3 100U,,False,,,,,,,8,8.0,True,1,True,24.0,512,512.0,15.6,1920x1080,False,60,60.0,False,42,42.0,1.7,False,45,45.0,Windows 11 Home,IPS,16:9,250.0,,,,45.0,霧面,False,False,False,DDR5,,PCIe 4.0,1.0,False,1.0,3.0,False,1.4,False,,True,Wi-Fi 6,5.2,720p,False,True,35.97,23.25,1.79,1.79,MIL-STD 810H,無,True,False,1.4,False,False,False,False,False,False,False,午夜藍,True,https://www.asus.com/tw/laptops/for-home/vivobook/asus-vivobook-15-x1504/,2023-01-05 06:28:00,2026-10-06,True
90NB13Y3-M01N10,X1504VA-0591C120U,X1504VAPB,sku,ASUS Vivobook 15 (X1504),asus,Vivobook,19999.0,19999.0,5,,0,Core 5 120U,,False,,,,,,,8,8.0,True,1,True,24.0,512,512.0,15.6,1920x1080,False,60,60.0,False,42,42.0,1.7,False,45,45.0,Windows 11 Home,IPS,16:9,250.0,,,,45.0,霧面,False,False,False,DDR5,,PCIe 4.0,1.0,False,1.0,3.0,False,1.4,False,,True,Wi-Fi 6,5.2,720p,False,True,35.97,23.25,1.79,1.79,MIL-STD 810H,無,True,False,1.4,False,False,False,False,False,False,False,蜜誘金,True,https://www.asus.com/tw/laptops/for-home/vivobook/asus-vivobook-15-x1504/,2023-01-05 06:28:00,2026-10-06,True
90NB17I1-M001L0,X1504MA-0031B320,X1504MAF,sku,ASUS Vivobook 15 (X1504),asus,Vivobook,23999.0,,0,,0,Core 5 320,,False,,,,,,,8,8.0,True,1,False,32.0,512,512.0,15.6,1920x1080,False,60,60.0,False,42,42.0,1.7,False,48,48.0,Windows 11 Home,IPS,16:9,250.0,,,,45.0,霧面,False,False,False,DDR5,,PCIe 4.0,1.0,False,2.0,3.0,False,1.4,False,,True,Wi-Fi 6,5.3,720p,False,True,35.97,23.25,1.79,1.79,MIL-STD 810H,無,True,False,1.7,False,True,True,False,False,False,False,午夜藍,True,https://www.asus.com/tw/laptops/for-home/vivobook/asus-vivobook-15-x1504/,2023-01-05 06:28:00,2026-10-06,True
90NB17I1-M00DH0,X1504MA-0051B304,X1504MAF,sku,ASUS Vivobook 15 (X1504),asus,Vivobook,21999.0,,0,,0,Core 3 304,,False,,,,,,,8,8.0,True,1,False,32.0,512,512.0,15.6,1920x1080,False,60,60.0,False,42,42.0,1.7,False,48,48.0,Windows 11 Home,IPS,16:9,250.0,,,,45.0,霧面,False,False,False,DDR5,,PCIe 4.0,1.0,False,2.0,3.0,False,1.4,False,,True,Wi-Fi 6,5.3,720p,False,True,35.97,23.25,1.79,1.79,MIL-STD 810H,無,True,False,1.7,False,True,True,False,False,False,False,午夜藍,True,https://www.asus.com/tw/laptops/for-home/vivobook/asus-vivobook-15-x1504/,2023-01-05 06:28:00,2026-10-06,True
90NB17I1-M00ZW0,X1504MA-0081B350,X1504MAF,sku,ASUS Vivobook 15 (X1504),asus,Vivobook,27999.0,,0,,0,Core 7 350,,False,,,,,,,8,8.0,True,1,False,32.0,512,512.0,15.6,1920x1080,False,60,60.0,False,42,42.0,1.7,False,48,48.0,Windows 11 Home,IPS,16:9,250.0,,,,45.0,霧面,False,False,False,DDR5,,PCIe 4.0,1.0,False,2.0,3.0,False,1.4,False,,True,Wi-Fi 6,5.3,720p,False,True,35.97,23.25,1.79,1.79,MIL-STD 810H,無,True,False,1.7,False,True,True,False,False,False,False,午夜藍,True,https://www.asus.com/tw/laptops/for-home/vivobook/asus-vivobook-15-x1504/,2023-01-05 06:28:00,2026-10-06,True
90NB17I1-M01A90,X1504MA-0091B350,X1504MAF,sku,ASUS Vivobook 15 (X1504),asus,Vivobook,30999.0,,0,,0,Core 7 350,,False,,,,,,,16,16.0,True,1,False,32.0,512,512.0,15.6,1920x1080,False,60,60.0,False,42,42.0,1.7,False,48,48.0,Windows 11 Home,IPS,16:9,250.0,,,,45.0,霧面,False,False,False,DDR5,,PCIe 4.0,1.0,False,2.0,3.0,False,1.4,False,,True,Wi-Fi 6,5.3,720p,False,True,35.97,23.25,1.79,1.79,MIL-STD 810H,無,True,False,1.7,False,True,True,False,False,False,False,午夜藍,True,https://www.asus.com/tw/laptops/for-home/vivobook/asus-vivobook-15-x1504/,2023-01-05 06:28:00,2026-10-06,True
90NB17I1-M01BU0,X1504MA-0111B315,X1504MAF,sku,ASUS Vivobook 15 (X1504),asus,Vivobook,26499.0,,0,,0,Core 5 315,,False,,,,,,,16,16.0,True,1,False,32.0,512,512.0,15.6,1920x1080,False,60,60.0,False,42,42.0,1.7,False,48,48.0,Windows 11 Home,IPS,16:9,250.0,,,,45.0,霧面,False,False,False,DDR5,,PCIe 4.0,1.0,False,2.0,3.0,False,1.4,False,,True,Wi-Fi 6,5.3,720p,False,True,35.97,23.25,1.79,1.79,MIL-STD 810H,無,True,False,1.7,False,True,True,False,False,False,False,午夜藍,True,https://www.asus.com/tw/laptops/for-home/vivobook/asus-vivobook-15-x1504/,2023-01-05 06:28:00,2026-10-06,True
90NB17I2-M00010,X1504MA-0011S320,X1504MAF,sku,ASUS Vivobook 15 (X1504),asus,Vivobook,,,0,,0,Core 5 320,,False,,,,,,,8,8.0,True,1,False,32.0,512,512.0,15.6,1920x1080,False,60,60.0,False,42,42.0,1.7,False,48,48.0,Windows 11 Home,IPS,16:9,250.0,,,,45.0,霧面,False,False,False,DDR5,,PCIe 4.0,1.0,False,2.0,3.0,False,1.4,False,,True,Wi-Fi 6,5.3,720p,False,True,35.97,23.25,1.79,1.79,MIL-STD 810H,無,True,False,1.7,False,True,True,False,False,False,False,酷玩銀,True,https://www.asus.com/tw/laptops/for-home/vivobook/asus-vivobook-15-x1504/,2023-01-05 06:28:00,2026-10-06,True
90NB17I3-M00S30,X1504MA-0061C320,X1504MAF,sku,ASUS Vivobook 15 (X1504),asus,Vivobook,23999.0,,0,,0,Core 5 320,,False,,,,,,,8,8.0,True,1,False,32.0,512,512.0,15.6,1920x1080,False,60,60.0,False,42,42.0,1.7,False,48,48.0,Windows 11 Home,IPS,16:9,250.0,,,,45.0,霧面,False,False,False,DDR5,,PCIe 4.0,1.0,False,2.0,3.0,False,1.4,False,,True,Wi-Fi 6,5.3,720p,False,True,35.97,23.25,1.79,1.79,MIL-STD 810H,無,True,False,1.7,False,True,True,False,False,False,False,蜜誘金,True,https://www.asus.com/tw/laptops/for-home/vivobook/asus-vivobook-15-x1504/,2023-01-05 06:28:00,2026-10-06,True
90NB1001-M00550,X1404ZA-0021B1235U,X1404ZA,sku,ASUS Vivobook 14 (X1404),asus,Vivobook,,,0,,0,Core i5-1235U,,False,,,,,,,8,8.0,True,1,True,16.0,512,512.0,14.0,1920x1080,False,60,60.0,False,42,42.0,1.4,False,45,45.0,Windows 11 Home,IPS,16:9,250.0,,,,45.0,霧面,False,False,False,DDR4,,PCIe 3.0,1.0,False,1.0,3.0,False,1.4,False,,True,Wi-Fi 6E,5.3,720p,False,True,32.49,21.39,1.79,1.79,MIL-STD 810H,無,False,True,1.4,False,False,False,False,False,False,False,午夜藍,True,https://www.asus.com/tw/laptops/for-home/vivobook/asus-vivobook-14-x1404/,2023-01-05 06:28:00,2026-10-06,True
90NB1002-M00560,X1404ZA-0031S1235U,X1404ZA,sku,ASUS Vivobook 14 (X1404),asus,Vivobook,,,0,,0,Core i5-1235U,,False,,,,,,,8,8.0,True,1,True,16.0,512,512.0,14.0,1920x1080,False,60,60.0,False,42,42.0,1.4,False,45,45.0,Windows 11 Home,IPS,16:9,250.0,,,,45.0,霧面,False,False,False,DDR4,,PCIe 3.0,1.0,False,1.0,3.0,False,1.4,False,,True,Wi-Fi 6E,5.3,720p,False,True,32.49,21.39,1.79,1.79,MIL-STD 810H,無,False,True,1.4,False,False,False,False,False,False,False,酷玩銀,True,https://www.asus.com/tw/laptops/for-home/vivobook/asus-vivobook-14-x1404/,2023-01-05 06:28:00,2026-10-06,True
90NB10I1-M00060,X1404VA-0021B1335U,X1404VA,sku,ASUS Vivobook 14 (X1404),asus,Vivobook,,,0,,0,Core i5-1335U,,False,,,,,,,8,8.0,True,1,True,16.0,512,512.0,14.0,1920x1080,False,60,60.0,False,42,42.0,1.4,False,45,45.0,Windows 11 Home,IPS,16:9,250.0,,,,45.0,霧面,False,False,False,DDR4,,PCIe 4.0,1.0,False,1.0,3.0,False,1.4,False,,True,Wi-Fi 6E,5.3,720p,False,True,32.49,21.39,1.79,1.79,MIL-STD 810H,無,False,True,1.4,False,False,False,False,False,False,False,午夜藍,True,https://www.asus.com/tw/laptops/for-home/vivobook/asus-vivobook-14-x1404/,2023-01-05 06:28:00,2026-10-06,True
90NB10I1-M00WF0,X1404VA-0251B1334U,X1404VA,sku,ASUS Vivobook 14 (X1404),asus,Vivobook,,,0,,0,Core i5-1334U,,False,,,,,,,8,8.0,True,1,True,16.0,512,512.0,14.0,1920x1080,False,60,60.0,False,42,42.0,1.4,False,45,45.0,Windows 11 Home,IPS,16:9,250.0,,,,45.0,霧面,False,False,False,DDR4,,PCIe 4.0,1.0,False,1.0,3.0,False,1.4,False,,True,Wi-Fi 6E,5.3,720p,False,True,32.49,21.39,1.79,1.79,MIL-STD 810H,無,False,True,1.4,False,False,False,False,False,False,False,午夜藍,True,https://www.asus.com/tw/laptops/for-home/vivobook/asus-vivobook-14-x1404/,2023-01-05 06:28:00,2026-10-06,True
90NB10I2-M00070,X1404VA-0031S1335U,X1404VA,sku,ASUS Vivobook 14 (X1404),asus,Vivobook,,,0,,0,Core i5-1335U,,False,,,,,,,8,8.0,True,1,True,16.0,512,512.0,14.0,1920x1080,False,60,60.0,False,42,42.0,1.4,False,45,45.0,Windows 11 Home,IPS,16:9,250.0,,,,45.0,霧面,False,False,False,DDR4,,PCIe 4.0,1.0,False,1.0,3.0,False,1.4,False,,True,Wi-Fi 6E,5.3,720p,False,True,32.49,21.39,1.79,1.79,MIL-STD 810H,無,False,True,1.4,False,False,False,False,False,False,False,酷玩銀,True,https://www.asus.com/tw/laptops/for-home/vivobook/asus-vivobook-14-x1404/,2023-01-05 06:28:00,2026-10-06,True
90NB10I3-M008E0,X1404VA-0081C1335U,X1404VA,sku,ASUS Vivobook 14 (X1404),asus,Vivobook,,,0,20999.0,2,Core i5-1335U,,False,,,,,,,16,16.0,True,1,True,16.0,512,512.0,14.0,1920x1080,False,60,60.0,False,42,42.0,1.4,False,45,45.0,Windows 11 Home,IPS,16:9,250.0,,,,45.0,霧面,False,False,False,DDR4,,PCIe 4.0,1.0,False,1.0,3.0,False,1.4,False,,True,Wi-Fi 6E,5.3,720p,False,True,32.49,21.39,1.79,1.79,MIL-STD 810H,無,False,True,1.4,False,False,False,False,False,False,False,蜜誘金,True,https://www.asus.com/tw/laptops/for-home/vivobook/asus-vivobook-14-x1404/,2023-01-05 06:28:00,2026-10-06,True
90NB10I3-M00CF0,X1404VA-0121C1355U,X1404VA,sku,ASUS Vivobook 14 (X1404),asus,Vivobook,,,0,30999.0,1,Core i7-1355U,,False,,,,,,,16,16.0,True,1,True,16.0,1024,1024.0,14.0,1920x1080,False,60,60.0,False,42,42.0,1.4,False,45,45.0,Windows 11 Home,IPS,16:9,250.0,,,,45.0,霧面,False,False,False,DDR4,,PCIe 4.0,1.0,False,1.0,3.0,False,1.4,False,,True,Wi-Fi 6,5.2,720p,False,True,32.49,21.39,1.79,1.79,MIL-STD 810H,無,False,True,1.4,False,False,False,False,False,False,False,蜜誘金,True,https://www.asus.com/tw/laptops/for-home/vivobook/asus-vivobook-14-x1404/,2023-01-05 06:28:00,2026-10-06,True
90NB10I7-M00FE0,X1404VA-0161W1335U,X1404VA,sku,ASUS Vivobook 14 (X1404),asus,Vivobook,,,0,,0,Core i5-1335U,,False,,,,,,,8,8.0,True,1,True,16.0,512,512.0,14.0,1920x1080,False,60,60.0,False,42,42.0,1.4,False,45,45.0,Windows 11 Home,IPS,16:9,250.0,,,,45.0,霧面,False,False,False,DDR4,,PCIe 4.0,1.0,False,1.0,3.0,False,1.4,False,,False,Wi-Fi 6E,5.3,720p,False,True,32.49,21.39,1.79,1.79,MIL-STD 810H,無,False,True,1.4,False,False,False,False,False,False,False,幻彩白,True,https://www.asus.com/tw/laptops/for-home/vivobook/asus-vivobook-14-x1404/,2023-01-05 06:28:00,2026-10-06,True
90NB10I7-M00WH0,X1404VA-0261W1334U,X1404VA,sku,ASUS Vivobook 14 (X1404),asus,Vivobook,,,0,,0,Core i5-1334U,,False,,,,,,,8,8.0,True,1,True,16.0,512,512.0,14.0,1920x1080,False,60,60.0,False,42,42.0,1.4,False,45,45.0,Windows 11 Home,IPS,16:9,250.0,,,,45.0,霧面,False,False,False,DDR4,,PCIe 4.0,1.0,False,1.0,3.0,False,1.4,False,,False,Wi-Fi 6E,5.3,720p,False,True,32.49,21.39,1.79,1.79,MIL-STD 810H,無,False,True,1.4,False,False,False,False,False,False,False,幻彩白,True,https://www.asus.com/tw/laptops/for-home/vivobook/asus-vivobook-14-x1404/,2023-01-05 06:28:00,2026-10-06,True
90NB13U1-M002D0,X1404VA-0111B120U,X1404VAP,sku,ASUS Vivobook 14 (X1404),asus,Vivobook,,,0,,0,Core 5 120U,,False,,,,,,,8,8.0,True,1,True,16.0,512,512.0,14.0,1920x1080,False,60,60.0,False,42,42.0,1.4,False,45,45.0,Windows 11 Home,IPS,16:9,250.0,,,,45.0,霧面,False,False,False,DDR4,,PCIe 4.0,1.0,False,1.0,3.0,False,1.4,False,,True,Wi-Fi 6,5.2,720p,False,True,32.49,21.39,1.79,1.79,MIL-STD 810H,無,False,True,1.4,False,False,False,False,False,False,False,午夜藍,True,https://www.asus.com/tw/laptops/for-home/vivobook/asus-vivobook-14-x1404/,2023-01-05 06:28:00,2026-10-06,True
90NB13U7-M007C0,X1404VA-0181W120U,X1404VAP,sku,ASUS Vivobook 14 (X1404),asus,Vivobook,,,0,,0,Core 5 120U,,False,,,,,,,8,8.0,True,1,True,16.0,512,512.0,14.0,1920x1080,False,60,60.0,False,42,42.0,1.4,False,45,45.0,Windows 11 Home,IPS,16:9,250.0,,,,45.0,霧面,False,False,False,DDR4,,PCIe 4.0,1.0,False,1.0,3.0,False,1.4,False,,True,Wi-Fi 6,5.2,720p,False,True,32.49,21.39,1.79,1.79,MIL-STD 810H,無,False,True,1.4,False,False,False,False,False,False,False,幻彩白,True,https://www.asus.com/tw/laptops/for-home/vivobook/asus-vivobook-14-x1404/,2023-01-05 06:28:00,2026-10-06,True
90NB13U1-M00LP0,X1404VA-0381B120U,X1404VAPB,sku,ASUS Vivobook 14 (X1404),asus,Vivobook,18999.0,18999.0,4,,0,Core 5 120U,,False,,,,,,,8,8.0,True,1,True,16.0,512,512.0,14.0,1920x1080,False,60,60.0,False,42,42.0,1.4,False,45,45.0,Windows 11 Home,IPS,16:9,250.0,,,,45.0,霧面,False,False,False,DDR5,,PCIe 4.0,1.0,False,1.0,3.0,False,1.4,False,,True,Wi-Fi 6,5.4,720p,False,True,32.49,21.39,1.79,1.79,MIL-STD 810H,無,False,True,1.4,False,False,False,False,False,False,False,午夜藍,True,https://www.asus.com/tw/laptops/for-home/vivobook/asus-vivobook-14-x1404/,2023-01-05 06:28:00,2026-10-06,True
90NB13U7-M00PE0,X1404VA-0421W120U,X1404VAPB,sku,ASUS Vivobook 14 (X1404),asus,Vivobook,18999.0,18999.0,6,,0,Core 5 120U,,False,,,,,,,8,8.0,True,1,True,16.0,512,512.0,14.0,1920x1080,False,60,60.0,False,42,42.0,1.4,False,45,45.0,Windows 11 Home,IPS,16:9,250.0,,,,45.0,霧面,False,False,False,DDR5,,PCIe 4.0,1.0,False,1.0,3.0,False,1.4,False,,True,Wi-Fi 6,5.4,720p,False,True,32.49,21.39,1.79,1.79,MIL-STD 810H,無,False,True,1.4,False,False,False,False,False,False,False,幻彩白,True,https://www.asus.com/tw/laptops/for-home/vivobook/asus-vivobook-14-x1404/,2023-01-05 06:28:00,2026-10-06,True
90NB17J1-M003E0,X1404MA-0051B320,X1404MAF,sku,ASUS Vivobook 14 (X1404),asus,Vivobook,22999.0,,0,,0,Core 5 320,,False,,,,,,,8,8.0,True,1,False,32.0,512,512.0,14.0,1920x1080,False,60,60.0,False,42,42.0,1.4,False,48,48.0,Windows 11 Home,IPS,16:9,250.0,,,,45.0,霧面,False,False,False,DDR5,,PCIe 4.0,1.0,False,2.0,3.0,False,1.4,False,,True,Wi-Fi 6,5.3,720p,False,True,32.49,21.39,1.79,1.79,MIL-STD 810H,無,False,True,1.7,False,True,True,False,False,False,False,午夜藍,True,https://www.asus.com/tw/laptops/for-home/vivobook/asus-vivobook-14-x1404/,2023-01-05 06:28:00,2026-10-06,True
90NB17J7-M003F0,X1404MA-0061W320,X1404MAF,sku,ASUS Vivobook 14 (X1404),asus,Vivobook,22999.0,,0,,0,Core 5 320,,False,,,,,,,8,8.0,True,1,False,32.0,512,512.0,14.0,1920x1080,False,60,60.0,False,42,42.0,1.4,False,48,48.0,Windows 11 Home,IPS,16:9,250.0,,,,45.0,霧面,False,False,False,DDR5,,PCIe 4.0,1.0,False,2.0,3.0,False,1.4,False,,True,Wi-Fi 6,5.3,720p,False,True,32.49,21.39,1.79,1.79,MIL-STD 810H,無,False,True,1.7,False,True,True,False,False,False,False,幻彩白,True,https://www.asus.com/tw/laptops/for-home/vivobook/asus-vivobook-14-x1404/,2023-01-05 06:28:00,2026-10-06,True
90NB0ZR2-M00350,E1504FA-0041K7520U,E1504FA,sku,ASUS Vivobook Go 15 OLED (E1504F),asus,Vivobook,,,0,,0,Ryzen 5 7520U,,False,,,,,,,8,8.0,False,0,True,,512,512.0,15.6,1920x1080,True,60,60.0,False,50,50.0,1.63,False,65,65.0,Windows 11 Home,OLED,16:9,400.0,600.0,100.0,,,鏡面,False,False,False,LPDDR5,,PCIe 3.0,1.0,False,1.0,2.0,False,1.4,False,,True,Wi-Fi 6E,5.3,720p,False,True,36.03,23.25,1.79,1.79,MIL-STD 810H,無,False,False,1.4,False,False,False,False,False,False,False,混成黑,True,https://www.asus.com/tw/laptops/for-home/vivobook/vivobook-go-15-oled-e1504f/,2023-01-02 22:12:00,2026-10-06,True
90NB0ZR2-M00ZZ0,E1504FA-0081K7520U,E1504FA,sku,ASUS Vivobook Go 15 OLED (E1504F),asus,Vivobook,,,0,,0,Ryzen 5 7520U,,False,,,,,,,16,16.0,False,0,True,16.0,512,512.0,15.6,1920x1080,True,60,60.0,False,50,50.0,1.63,False,65,65.0,Windows 11 Home,OLED,16:9,400.0,600.0,100.0,,,鏡面,False,False,False,LPDDR5,,PCIe 3.0,1.0,False,1.0,2.0,False,1.4,False,,True,Wi-Fi 6E,5.3,720p,False,True,36.03,23.25,1.79,1.79,MIL-STD 810H,無,False,False,1.4,False,False,False,False,False,False,False,混成黑,True,https://www.asus.com/tw/laptops/for-home/vivobook/vivobook-go-15-oled-e1504f/,2023-01-02 22:12:00,2026-10-06,True
,,,model,ASUS TUF Gaming A16 Advantage Edition (2023),asus,TUF-Gaming,,,0,,0,Ryzen 7 7735HS,,True,Radeon RX 7600S,95.0,,,8,8.0,8,8.0,True,2,False,32.0,512,512.0,16.0,1920x1200,False,165,165.0,False,90,90.0,2.2,False,240,240.0,Windows 11 Home,IPS,16:10,,,,100.0,72.0,霧面,False,True,False,DDR5,4800.0,PCIe 4.0,2.0,False,2.0,2.0,True,2.1,True,,True,Wi-Fi 6,5.2,720p,False,False,35.5,25.2,2.21,2.68,,有,False,False,,False,False,False,True,False,False,False,,True,https://www.asus.com/tw/laptops/for-gaming/tuf-gaming/asus-tuf-gaming-a16-advantage-edition-2023/,2022-12-28 15:00:00,2026-10-06,
,,FA617XS,model,ASUS TUF Gaming A16 Advantage Edition (2023),asus,TUF-Gaming,,,0,,0,Ryzen 9 7940HS,,True,Radeon RX 7600S,95.0,,,8,8.0,8,8.0,True,2,False,32.0,512,512.0,16.0,2560x1600,False,240,240.0,False,90,90.0,2.2,False,240,240.0,Windows 11 Home,IPS,16:10,,,100.0,,,霧面,False,True,False,DDR5,4800.0,PCIe 4.0,2.0,False,2.0,2.0,True,2.1,True,,True,Wi-Fi 6,5.2,720p,False,False,35.5,25.2,2.21,2.68,,有,False,False,,False,False,False,True,False,False,False,,True,https://www.asus.com/tw/laptops/for-gaming/tuf-gaming/asus-tuf-gaming-a16-advantage-edition-2023/,2022-12-28 15:00:00,2026-10-06,
,,FA617NT,model,ASUS TUF Gaming A16 Advantage Edition (2023),asus,TUF-Gaming,,42999.0,3,42999.0,1,Ryzen 7 7735HS,,True,Radeon RX 7700S,120.0,,,8,8.0,16,16.0,True,2,False,32.0,512,512.0,16.0,1920x1200,False,165,165.0,False,90,90.0,2.2,False,280,280.0,Windows 11 Home,IPS,16:10,,,,100.0,72.0,霧面,False,True,False,DDR5,4800.0,PCIe 4.0,2.0,False,2.0,2.0,True,2.1,True,,True,Wi-Fi 6,5.2,720p,False,False,35.5,25.2,2.21,2.68,,有,False,False,,False,False,False,True,False,False,False,,True,https://www.asus.com/tw/laptops/for-gaming/tuf-gaming/asus-tuf-gaming-a16-advantage-edition-2023/,2022-12-28 15:00:00,2026-10-06,
,,FA617NTR,model,ASUS TUF Gaming A16 Advantage Edition (2023),asus,TUF-Gaming,,,0,,0,Ryzen 7 7435HS,,True,Radeon RX 7700S,120.0,,,8,8.0,16,16.0,True,2,False,32.0,512,512.0,16.0,1920x1200,False,165,165.0,False,90,90.0,2.2,False,280,280.0,Windows 11 Home,IPS,16:10,,,,100.0,72.0,霧面,False,False,False,DDR5,4800.0,PCIe 4.0,2.0,False,2.0,2.0,False,2.1,True,,True,Wi-Fi 6,5.2,720p,False,False,35.5,25.2,2.21,2.68,,有,False,False,,False,False,False,True,False,False,False,,True,https://www.asus.com/tw/laptops/for-gaming/tuf-gaming/asus-tuf-gaming-a16-advantage-edition-2023/,2022-12-28 15:00:00,2026-10-06,
,,FA707NV,model,ASUS TUF Gaming A17 (2023),asus,TUF-Gaming,,,0,,0,Ryzen 5 7535HS,,True,GeForce RTX 4060,140.0,115.0,2420.0,8,8.0,16,16.0,True,2,False,32.0,512,512.0,17.3,1920x1080,False,144,144.0,False,90,90.0,2.6,False,240,240.0,Windows 11 Home,IPS,16:9,,,,62.5,45.0,霧面,True,True,False,DDR5,4800.0,PCIe 4.0,4.0,False,2.0,2.0,True,2.1,True,,True,Wi-Fi 6,5.2,720p,False,False,39.5,26.4,2.29,2.54,,RGB,False,False,,False,False,False,True,False,False,False,,True,https://www.asus.com/tw/laptops/for-gaming/tuf-gaming/asus-tuf-gaming-a17-2023/,2022-12-28 14:59:00,2026-10-06,
,,FA707NU,model,ASUS TUF Gaming A17 (2023),asus,TUF-Gaming,,,0,,0,Ryzen 5 7535HS,,True,GeForce RTX 4050,140.0,115.0,2420.0,6,6.0,16,16.0,True,2,False,,512,512.0,17.3,1920x1080,False,144,144.0,False,90,90.0,2.6,False,240,240.0,Windows 11 Home,IPS,16:9,,,,62.5,45.0,霧面,True,True,False,DDR5,4800.0,PCIe 4.0,4.0,False,2.0,2.0,True,2.1,True,,True,Wi-Fi 6,5.2,720p,False,False,39.5,26.4,2.29,2.54,,RGB,False,False,,False,False,False,True,False,False,False,,True,https://www.asus.com/tw/laptops/for-gaming/tuf-gaming/asus-tuf-gaming-a17-2023/,2022-12-28 14:59:00,2026-10-06,
,,FA707NUR,model,ASUS TUF Gaming A17 (2023),asus,TUF-Gaming,,,0,,0,Ryzen 7 7435HS,,True,GeForce RTX 4050,140.0,115.0,2420.0,6,6.0,16,16.0,True,2,False,,512,512.0,17.3,1920x1080,False,144,144.0,False,90,90.0,2.6,False,240,240.0,Windows 11 Home,IPS,16:9,,,,62.5,45.0,霧面,True,False,False,DDR5,4800.0,PCIe 4.0,4.0,False,2.0,2.0,False,2.1,True,,True,Wi-Fi 6,5.2,720p,False,False,39.5,26.4,2.29,2.54,,RGB,False,False,,False,False,False,True,False,False,False,,True,https://www.asus.com/tw/laptops/for-gaming/tuf-gaming/asus-tuf-gaming-a17-2023/,2022-12-28 14:59:00,2026-10-06,
,,FA707NVR,model,ASUS TUF Gaming A17 (2023),asus,TUF-Gaming,,,0,,0,Ryzen 7 7435HS,,True,GeForce RTX 4060,140.0,115.0,2420.0,8,8.0,16,16.0,True,2,False,,512,512.0,17.3,1920x1080,False,144,144.0,False,90,90.0,2.6,False,240,240.0,Windows 11 Home,IPS,16:9,,,,62.5,45.0,霧面,True,False,False,DDR5,4800.0,PCIe 4.0,4.0,False,2.0,2.0,False,2.1,True,,True,Wi-Fi 6,5.2,720p,False,False,39.5,26.4,2.29,2.54,,RGB,False,False,,False,False,False,True,False,False,False,,True,https://www.asus.com/tw/laptops/for-gaming/tuf-gaming/asus-tuf-gaming-a17-2023/,2022-12-28 14:59:00,2026-10-06,
,,FA707NUG,model,ASUS TUF Gaming A17 (2023),asus,TUF-Gaming,,40799.0,1,,0,Ryzen 7 7445HS,,True,GeForce RTX 4050,140.0,115.0,2420.0,6,6.0,16,16.0,True,2,False,,512,512.0,17.3,1920x1080,False,144,144.0,False,56,56.0,2.6,False,240,240.0,Windows 11 Home,IPS,16:9,,,,62.5,45.0,霧面,True,True,False,DDR5,5600.0,PCIe 4.0,4.0,False,2.0,2.0,True,2.1,True,,True,Wi-Fi 6,5.2,720p,False,False,39.5,26.4,2.29,2.54,,RGB,False,False,,False,False,False,True,False,False,False,,True,https://www.asus.com/tw/laptops/for-gaming/tuf-gaming/asus-tuf-gaming-a17-2023/,2022-12-28 14:59:00,2026-10-06,
,,FA707NUQ,model,ASUS TUF Gaming A17 (2023),asus,TUF-Gaming,,38999.0,5,38999.0,2,Ryzen 7 170,,True,GeForce RTX 4050,90.0,65.0,2195.0,6,6.0,16,16.0,True,2,False,,512,512.0,17.3,1920x1080,False,144,144.0,False,56,56.0,2.6,False,180,180.0,Windows 11 Home,IPS,16:9,,,,62.5,45.0,霧面,True,True,False,DDR5,5600.0,PCIe 4.0,4.0,False,1.0,2.0,False,2.1,True,,True,Wi-Fi 6,5.2,720p,False,False,39.5,26.4,2.29,2.54,,RGB,False,False,,False,False,False,True,False,False,False,,True,https://www.asus.com/tw/laptops/for-gaming/tuf-gaming/asus-tuf-gaming-a17-2023/,2022-12-28 14:59:00,2026-10-06,
,,FX707VV,model,ASUS TUF Gaming F17 (2023),asus,TUF-Gaming,,,0,,0,Core i7-13620H,,True,GeForce RTX 4060,140.0,115.0,2420.0,8,8.0,16,16.0,True,2,False,,512,512.0,17.3,1920x1080,False,144,144.0,False,90,90.0,2.6,True,240,240.0,Windows 11 Home,IPS,16:9,,,,62.5,45.0,霧面,True,True,False,DDR5,4800.0,PCIe 4.0,,False,2.0,2.0,False,2.1,True,,True,Wi-Fi 6,5.2,720p,False,False,39.4,26.4,2.29,2.54,,RGB,False,False,,False,False,False,True,False,False,False,,True,https://www.asus.com/tw/laptops/for-gaming/tuf-gaming/asus-tuf-gaming-f17-2023/,2022-12-28 14:45:00,2026-10-06,
,,FX707VU,model,ASUS TUF Gaming F17 (2023),asus,TUF-Gaming,,,0,,0,Core 7 240H/Core i7-13620H,,True,GeForce RTX 4050,140.0,115.0,2420.0,6,6.0,16,16.0,True,2,False,,512,512.0,17.3,1920x1080,False,144,144.0,False,56/90,90.0,2.6,True,240,240.0,Windows 11 Home,IPS,16:9,,,,62.5,45.0,霧面,True,True,False,DDR5,4800.0,PCIe 4.0,,False,2.0,2.0,False,2.1,True,,True,Wi-Fi 6,5.2,720p,False,False,39.4,26.4,2.29,2.54,,RGB,False,False,,False,False,False,True,False,False,False,,True,https://www.asus.com/tw/laptops/for-gaming/tuf-gaming/asus-tuf-gaming-f17-2023/,2022-12-28 14:45:00,2026-10-06,
,,FX707ZV,model,ASUS TUF Gaming F17 (2023),asus,TUF-Gaming,,,0,,0,Core i7-12700H,,True,GeForce RTX 4060,140.0,115.0,2420.0,8,8.0,8,8.0,True,2,False,32.0,512,512.0,17.3,1920x1080,False,144,144.0,False,90,90.0,2.6,True,240,240.0,Windows 11 Home,IPS,16:9,,,,62.5,45.0,霧面,True,True,False,DDR4,3200.0,PCIe 4.0,2.0,False,2.0,2.0,False,2.1,True,,True,Wi-Fi 6,5.2,720p,False,False,39.4,26.4,2.29,2.54,,RGB,False,False,,False,False,False,True,False,False,False,,True,https://www.asus.com/tw/laptops/for-gaming/tuf-gaming/asus-tuf-gaming-f17-2023/,2022-12-28 14:45:00,2026-10-06,
,,FX707ZU,model,ASUS TUF Gaming F17 (2023),asus,TUF-Gaming,,,0,,0,Core i7-12700H,,True,GeForce RTX 4050,140.0,115.0,2420.0,6,6.0,8,8.0,True,2,False,32.0,512,512.0,17.3,1920x1080,False,144,144.0,False,90,90.0,2.6,True,240,240.0,Windows 11 Home,IPS,16:9,,,,62.5,45.0,霧面,True,True,False,DDR4,3200.0,PCIe 4.0,2.0,False,2.0,2.0,False,2.1,True,,True,Wi-Fi 6,5.2,720p,False,False,39.4,26.4,2.29,2.54,,RGB,False,False,,False,False,False,True,False,False,False,,True,https://www.asus.com/tw/laptops/for-gaming/tuf-gaming/asus-tuf-gaming-f17-2023/,2022-12-28 14:45:00,2026-10-06,
,,FX707VJ,model,ASUS TUF Gaming F17 (2023),asus,TUF-Gaming,,,0,,0,Core 5 210H,,True,GeForce RTX 3050,65.0,50.0,2195.0,6,6.0,16,16.0,True,2,False,,512,512.0,17.3,1920x1080,False,144,144.0,False,56,56.0,2.6,False,150,150.0,Windows 11 Home,IPS,16:9,,,,,45.0,霧面,False,True,False,DDR4,3200.0,PCIe 4.0,2.0,False,1.0,2.0,False,2.1,True,,True,Wi-Fi 6,5.2,720p,False,False,39.4,26.4,2.29,2.54,,RGB,False,False,,False,True,False,True,False,False,False,,True,https://www.asus.com/tw/laptops/for-gaming/tuf-gaming/asus-tuf-gaming-f17-2023/,2022-12-28 14:45:00,2026-10-06,
,,FX707VJB,model,ASUS TUF Gaming F17 (2023),asus,TUF-Gaming,,35999.0,8,37999.0,4,Core 5 210H,,True,GeForce RTX 3050,65.0,50.0,2195.0,6,6.0,16,16.0,True,2,False,,512,512.0,17.3,1920x1080,False,144,144.0,False,56,56.0,2.6,False,150,150.0,Windows 11 Home,IPS,16:9,,,,,45.0,霧面,False,True,False,DDR5,5600.0,PCIe 4.0,2.0,False,1.0,2.0,False,2.1,True,,True,Wi-Fi 6,5.2,720p,False,False,39.4,26.4,2.29,2.54,,RGB,False,False,,False,True,False,True,False,False,False,,True,https://www.asus.com/tw/laptops/for-gaming/tuf-gaming/asus-tuf-gaming-f17-2023/,2022-12-28 14:45:00,2026-10-06,
,,FX507VV,model,ASUS TUF Gaming F15 (2023),asus,TUF-Gaming,,,0,,0,Core i7-13620H,,True,GeForce RTX 4060,140.0,115.0,2420.0,8,8.0,16,16.0,True,2,False,,512,512.0,15.6,1920x1080,False,144,144.0,False,90,90.0,2.2,True,240,240.0,Windows 11 Home,IPS,16:9,,,,100.0,72.0,霧面,True,True,False,DDR5,4800.0,PCIe 4.0,2.0,False,2.0,2.0,False,2.1,True,,True,Wi-Fi 6,5.2,720p,False,False,35.4,25.1,2.24,2.49,,RGB,False,False,,False,False,False,True,False,False,False,,True,https://www.asus.com/tw/laptops/for-gaming/tuf-gaming/asus-tuf-gaming-f15-2023/,2022-12-28 14:42:00,2026-10-06,
,,FX507VU,model,ASUS TUF Gaming F15 (2023),asus,TUF-Gaming,,,0,,0,Core i7-13620H,,True,GeForce RTX 4050,140.0,115.0,2420.0,6,6.0,16,16.0,True,2,False,,512,512.0,15.6,1920x1080,False,144,144.0,False,90,90.0,2.2,True,240,240.0,Windows 11 Home,IPS,16:9,,,,100.0,72.0,霧面,True,True,False,DDR5,4800.0,PCIe 4.0,2.0,False,2.0,2.0,False,2.1,True,,True,Wi-Fi 6,5.2,720p,False,False,35.4,25.1,2.24,2.49,,RGB,False,False,,False,False,False,True,False,False,False,,True,https://www.asus.com/tw/laptops/for-gaming/tuf-gaming/asus-tuf-gaming-f15-2023/,2022-12-28 14:42:00,2026-10-06,
,,FX507ZV,model,ASUS TUF Gaming F15 (2023),asus,TUF-Gaming,,,0,,0,Core i7-12700H,,True,GeForce RTX 4060,140.0,115.0,2420.0,8,8.0,16,16.0,True,2,False,32.0,512,512.0,15.6,1920x1080,False,144,144.0,False,90,90.0,2.2,True,240,240.0,Windows 11 Home,IPS,16:9,,,,100.0,72.0,霧面,True,True,False,DDR4,3200.0,PCIe 4.0,2.0,False,2.0,2.0,False,2.1,True,,True,Wi-Fi 6,5.2,720p,False,False,35.4,25.1,2.24,2.49,,RGB,False,False,,False,False,False,True,False,False,False,,True,https://www.asus.com/tw/laptops/for-gaming/tuf-gaming/asus-tuf-gaming-f15-2023/,2022-12-28 14:42:00,2026-10-06,
,,FX507VI,model,ASUS TUF Gaming F15 (2023),asus,TUF-Gaming,,,0,,0,Core i7-13620H,,True,GeForce RTX 4070,140.0,115.0,2225.0,8,8.0,16,16.0,True,2,False,,512,512.0,15.6,2560x1440,False,165,165.0,False,90,90.0,2.2,True,240,240.0,Windows 11 Home,IPS,16:9,,,100.0,,,霧面,True,True,False,DDR5,4800.0,PCIe 4.0,2.0,False,2.0,2.0,False,2.1,True,,True,Wi-Fi 6,5.2,720p,False,False,35.4,25.1,2.24,2.49,,RGB,False,False,,False,False,False,True,False,False,False,,True,https://www.asus.com/tw/laptops/for-gaming/tuf-gaming/asus-tuf-gaming-f15-2023/,2022-12-28 14:42:00,2026-10-06,
,,FX507ZI,model,ASUS TUF Gaming F15 (2023),asus,TUF-Gaming,,,0,,0,Core i7-12700H,,True,GeForce RTX 4070,140.0,115.0,2225.0,8,8.0,16,16.0,True,2,False,32.0,512,512.0,15.6,1920x1080,False,144,144.0,False,90,90.0,2.2,True,240,240.0,Windows 11 Home,IPS,16:9,,,,,,霧面,True,True,False,DDR4,3200.0,PCIe 4.0,2.0,False,2.0,2.0,False,2.1,True,,True,Wi-Fi 6,5.2,720p,False,False,35.4,25.1,2.24,2.49,,RGB,False,False,,False,False,False,True,False,False,False,,True,https://www.asus.com/tw/laptops/for-gaming/tuf-gaming/asus-tuf-gaming-f15-2023/,2022-12-28 14:42:00,2026-10-06,
,,FX507ZU,model,ASUS TUF Gaming F15 (2023),asus,TUF-Gaming,,,0,,0,Core i7-12700H,,True,GeForce RTX 4050,140.0,115.0,2420.0,6,6.0,8,8.0,True,2,False,32.0,512,512.0,15.6,1920x1080,False,144,144.0,False,90,90.0,2.2,True,240,240.0,Windows 11 Home,IPS,16:9,,,,100.0,72.0,霧面,True,True,False,DDR4,3200.0,PCIe 4.0,2.0,False,2.0,2.0,False,2.1,True,,True,Wi-Fi 6,5.2,720p,False,False,35.4,25.1,2.24,2.49,,RGB,False,False,,False,False,False,True,False,False,False,,True,https://www.asus.com/tw/laptops/for-gaming/tuf-gaming/asus-tuf-gaming-f15-2023/,2022-12-28 14:42:00,2026-10-06,
,,BR1102FGA,model,ASUS BR1102FGA,asus,BR-Series,,,0,,0,Intel Processor N200/Intel Processor N100,,False,,,,,,,8,8.0,False,0,True,8.0,128/256,256.0,11.6,1366x768,False,,,True,50,50.0,,False,45,45.0,Windows 11 Pro/Windows 11 Home,,16:9,250.0,,,,50.0,鏡面,False,False,True,DDR4,,UFS,1.0,False,2.0,2.0,False,1.4,True,,True,Wi-Fi 6,5.3,720p,False,False,29.69,20.85,2.11,2.12,MIL-STD 810H,無,False,False,1.35,True,False,False,True,True,True,False,礦石灰,True,https://www.asus.com/tw/laptops/for-students/br-series/asus-br1102f/,2022-12-27 10:42:00,2026-10-06,
,,B9403,model,"ExpertBook B9 OLED (B9403, 13th Gen Intel)",asus,ExpertBook,,,0,,0,Core i7-1355U/Core i5-1335U,,False,,,,,,,16/32/64,64.0,False,0,True,64.0,512/1024/2048,2048.0,14.0,2880x1800,True,,,False,63,63.0,0.99,True,65,65.0,Windows 11 Pro/Windows 11 Home,OLED,16:10,400.0,,100.0,,,鏡面,False,False,False,LPDDR5X/LPDDR5,,PCIe 4.0,1.0,False,2.0,1.0,False,2.1,True,,True,Wi-Fi 6E,5.3,1080p,True,False,31.1,21.5,1.57,1.69,MIL-STD 810H,有,False,True,1.5,True,False,True,False,True,False,False,星夜黑,True,https://www.asus.com/tw/laptops/for-work/expertbook/expertbook-b9-oled-b9403-13th-gen-intel/,2022-12-26 16:24:00,2026-10-06,
90NR0CM2-M002V0,G814JV-0032G13980HX-NBL,G814JV,sku,ROG Strix G18 (2023) G814,rog,ROG,,,0,,0,Core i9-13980HX,,True,GeForce RTX 4060,140.0,115.0,2420.0,8,8.0,16,16.0,True,2,False,32.0,1024,1024.0,18.0,2560x1600,False,240,240.0,False,90,90.0,3.0,True,280,280.0,Windows 11 Home,IPS,16:10,,,100.0,,,霧面,True,True,False,DDR5,4800.0,PCIe 4.0,4.0,False,3.0,0.0,False,2.1,True,,True,Wi-Fi 6E,5.2,720p,False,False,39.9,29.4,2.31,3.08,,RGB,False,False,,False,False,False,True,True,False,False,,True,https://rog.asus.com/tw/laptops/rog-strix/rog-strix-g18-2023-series/,2022-11-02 10:15:40,2026-10-06,True
90NR0D02-M00420,G814JI-0022G13980HX-NBL,G814JI,sku,ROG Strix G18 (2023) G814,rog,ROG,,,0,,0,Core i9-13980HX,,True,GeForce RTX 4070,140.0,115.0,2225.0,8,8.0,16,16.0,True,2,False,32.0,1024,1024.0,18.0,2560x1600,False,240,240.0,False,90,90.0,3.0,True,280,280.0,Windows 11 Home,IPS,16:10,,,100.0,,,霧面,True,True,False,DDR5,4800.0,PCIe 4.0,4.0,False,3.0,0.0,False,2.1,True,,True,Wi-Fi 6E,5.2,720p,False,False,39.9,29.4,2.31,3.08,,RGB,False,False,,False,False,False,True,True,False,False,,True,https://rog.asus.com/tw/laptops/rog-strix/rog-strix-g18-2023-series/,2022-11-02 10:15:40,2026-10-06,True
90NB0ZC1-M005A0,X1405ZA-0051S1235U,X1405ZA,sku,ASUS Vivobook 14 (X1405),asus,Vivobook,,,0,,0,Core i5-1235U,,False,,,,,,,8,8.0,True,1,True,16.0,512,512.0,14.0,1920x1200,False,60,60.0,False,42,42.0,1.6,False,45,45.0,Windows 11 Home,IPS,16:10,300.0,,,,45.0,霧面,False,False,False,DDR4,,PCIe 3.0,1.0,False,1.0,3.0,False,1.4,False,,False,Wi-Fi 6,5.1,720p,False,True,31.71,22.2,1.99,1.99,MIL-STD 810H,無,False,True,1.4,False,False,False,False,False,False,False,冰河銀,True,https://www.asus.com/tw/laptops/for-home/vivobook/vivobook-14-oled-x1405/,2022-09-05 13:39:00,2026-10-06,True
90NB0ZC7-M00590,X1405ZA-0041K1235U,X1405ZA,sku,ASUS Vivobook 14 (X1405),asus,Vivobook,,,0,,0,Core i5-1235U,,False,,,,,,,8,8.0,True,1,True,16.0,512,512.0,14.0,1920x1200,False,60,60.0,False,42,42.0,1.6,False,45,45.0,Windows 11 Home,IPS,16:10,300.0,,,,45.0,霧面,False,False,False,DDR4,,PCIe 3.0,1.0,False,1.0,3.0,False,1.4,False,,False,Wi-Fi 6,5.1,720p,False,True,31.71,22.2,1.99,1.99,MIL-STD 810H,無,False,True,1.4,False,False,False,False,False,False,False,搖滾黑,True,https://www.asus.com/tw/laptops/for-home/vivobook/vivobook-14-oled-x1405/,2022-09-05 13:39:00,2026-10-06,True
90NB10M1-M00190,X1405VA-0051S13500H,X1405VA,sku,ASUS Vivobook 14 (X1405),asus,Vivobook,,,0,,0,Core i5-13500H,,False,,,,,,,8,8.0,True,1,True,16.0,512,512.0,14.0,1920x1200,False,60,60.0,False,42,42.0,1.6,False,65,65.0,Windows 11 Home,IPS,16:10,300.0,,,,45.0,霧面,False,False,False,DDR4,,PCIe 3.0,1.0,False,1.0,3.0,False,1.4,False,,True,Wi-Fi 6E,5.3,720p,False,True,31.71,22.2,1.99,1.99,MIL-STD 810H,無,False,True,1.4,False,False,False,True,True,False,False,酷玩銀,True,https://www.asus.com/tw/laptops/for-home/vivobook/vivobook-14-oled-x1405/,2022-09-05 13:39:00,2026-10-06,True
90NB10M1-M00870,X1405VA-0071S1335U,X1405VA,sku,ASUS Vivobook 14 (X1405),asus,Vivobook,,,0,,0,Core i5-1335U,,False,,,,,,,8,8.0,True,1,True,16.0,512,512.0,14.0,1920x1200,False,60,60.0,False,42,42.0,1.6,False,45,45.0,Windows 11 Home,IPS,16:10,300.0,,,,45.0,霧面,False,False,False,DDR4,,PCIe 3.0,1.0,False,1.0,3.0,False,1.4,False,,True,Wi-Fi 6E,5.3,720p,False,True,31.71,22.2,1.99,1.99,MIL-STD 810H,無,False,True,1.4,False,False,False,False,False,False,False,酷玩銀,True,https://www.asus.com/tw/laptops/for-home/vivobook/vivobook-14-oled-x1405/,2022-09-05 13:39:00,2026-10-06,True
90NB10M1-M00KS0,X1405VA-0141S13420H,X1405VA,sku,ASUS Vivobook 14 (X1405),asus,Vivobook,,,0,,0,Core i5-13420H,,False,,,,,,,8,8.0,True,1,True,16.0,512,512.0,14.0,1920x1200,False,60,60.0,False,42,42.0,1.6,False,65,65.0,Windows 11 Home,IPS,16:10,300.0,,,,45.0,霧面,False,False,False,DDR4,,PCIe 4.0,1.0,False,1.0,3.0,False,1.4,False,,True,Wi-Fi 6E,5.3,720p,False,True,31.71,22.2,1.99,1.99,MIL-STD 810H,無,False,True,1.4,False,False,False,True,True,False,False,酷玩銀,True,https://www.asus.com/tw/laptops/for-home/vivobook/vivobook-14-oled-x1405/,2022-09-05 13:39:00,2026-10-06,True
90NB10M7-M00180,X1405VA-0041K13500H,X1405VA,sku,ASUS Vivobook 14 (X1405),asus,Vivobook,,,0,,0,Core i5-13500H,,False,,,,,,,8,8.0,True,1,True,16.0,512,512.0,14.0,1920x1200,False,60,60.0,False,42,42.0,1.6,False,65,65.0,Windows 11 Home,IPS,16:10,300.0,,,,45.0,霧面,False,False,False,DDR4,,PCIe 3.0,1.0,False,1.0,3.0,False,1.4,False,,True,Wi-Fi 6E,5.3,720p,False,True,31.71,22.2,1.99,1.99,MIL-STD 810H,無,False,True,1.4,False,False,False,True,True,False,False,搖滾黑,True,https://www.asus.com/tw/laptops/for-home/vivobook/vivobook-14-oled-x1405/,2022-09-05 13:39:00,2026-10-06,True
90NB10M7-M00860,X1405VA-0061K1335U,X1405VA,sku,ASUS Vivobook 14 (X1405),asus,Vivobook,,,0,,0,Core i5-1335U,,False,,,,,,,8,8.0,True,1,True,16.0,512,512.0,14.0,1920x1200,False,60,60.0,False,42,42.0,1.6,False,45,45.0,Windows 11 Home,IPS,16:10,300.0,,,,45.0,霧面,False,False,False,DDR4,,PCIe 3.0,1.0,False,1.0,3.0,False,1.4,False,,True,Wi-Fi 6E,5.3,720p,False,True,31.71,22.2,1.99,1.99,MIL-STD 810H,無,False,True,1.4,False,False,False,False,False,False,False,搖滾黑,True,https://www.asus.com/tw/laptops/for-home/vivobook/vivobook-14-oled-x1405/,2022-09-05 13:39:00,2026-10-06,True
90NB10M7-M00KR0,X1405VA-0131K13420H,X1405VA,sku,ASUS Vivobook 14 (X1405),asus,Vivobook,,,0,,0,Core i5-13420H,,False,,,,,,,8,8.0,True,1,True,16.0,512,512.0,14.0,1920x1200,False,60,60.0,False,42,42.0,1.6,False,65,65.0,Windows 11 Home,IPS,16:10,300.0,,,,45.0,霧面,False,False,False,DDR4,,PCIe 4.0,1.0,False,1.0,3.0,False,1.4,False,,True,Wi-Fi 6E,5.3,720p,False,True,31.71,22.2,1.99,1.99,MIL-STD 810H,無,False,True,1.4,False,False,False,True,True,False,False,搖滾黑,True,https://www.asus.com/tw/laptops/for-home/vivobook/vivobook-14-oled-x1405/,2022-09-05 13:39:00,2026-10-06,True
,,B6602F,model,"ASUS ExpertBook B6 (B6602F, 12th Gen Intel)",asus,ExpertBook,,,0,,0,Core i7-12850HX/Core i9-12950HX,,True,RTX A2000,,,,,,16/32,32.0,True,4,False,,1024/2048,2048.0,16.0,2560x1600,False,,,True,90,90.0,,True,240,240.0,Windows 11 Pro,,16:10,500.0,,100.0,,,霧面,False,False,True,DDR5,,PCIe 4.0,2.0,False,2.0,2.0,False,2.0,True,SD,True,Wi-Fi 6E,5.1,1080p,True,False,38.3,27.2,2.7,2.7,MIL-STD 810H,有,True,False,1.5,True,False,False,True,True,True,False,星夜黑,True,https://www.asus.com/tw/laptops/for-work/expertbook/expertbook-b6-flip-b6602f-12th-gen-intel/,2022-08-29 11:34:00,2026-10-06,
,,X1605ZA,model,ASUS Vivobook 16 (X1605),asus,Vivobook,,,0,,0,Core i7-1255U/Core i5-1235U,,False,,,,,,,8,8.0,True,1,True,16.0,512,512.0,16.0,1920x1200,False,60,60.0,False,42,42.0,1.88,False,45,45.0,Windows 11 Home,IPS,16:10,300.0,,,,45.0,霧面,False,False,False,DDR4,,PCIe 3.0,1.0,False,1.0,3.0,False,1.4,False,,True,Wi-Fi 6,5.0,720p,False,True,35.87,24.95,1.99,1.99,MIL-STD 810H,無,True,False,1.35,False,False,False,False,False,False,False,搖滾黑 / 冰河銀,True,https://www.asus.com/tw/laptops/for-home/vivobook/vivobook-16-oled-x1605/,2022-08-23 09:38:00,2026-10-06,
90NB10N3-M000S0,X1605VA-0031K13500H,X1605VA,sku,ASUS Vivobook 16 (X1605),asus,Vivobook,,,0,,0,Core i5-13500H,,False,,,,,,,8,8.0,True,1,True,16.0,512,512.0,16.0,1920x1200,False,60,60.0,False,42,42.0,1.88,False,65,65.0,Windows 11 Home,IPS,16:10,300.0,,,,45.0,霧面,False,False,False,DDR4,,PCIe 3.0,1.0,False,1.0,3.0,False,1.4,False,,True,Wi-Fi 6E,5.3,720p,False,True,35.87,24.95,1.99,1.99,MIL-STD 810H,無,True,False,1.4,False,False,False,True,True,False,False,搖滾黑,True,https://www.asus.com/tw/laptops/for-home/vivobook/vivobook-16-oled-x1605/,2022-08-23 09:38:00,2026-10-06,True
90NB10N3-M000T0,X1605VA-0041K13700H,X1605VA,sku,ASUS Vivobook 16 (X1605),asus,Vivobook,,,0,,0,Core i7-13700H,,False,,,,,,,8,8.0,True,1,True,16.0,512,512.0,16.0,1920x1200,False,60,60.0,False,42,42.0,1.88,False,65,65.0,Windows 11 Home,IPS,16:10,300.0,,,,45.0,霧面,False,False,False,DDR4,,PCIe 3.0,1.0,False,1.0,3.0,False,1.4,False,,True,Wi-Fi 6E,5.3,720p,False,True,35.87,24.95,1.99,1.99,MIL-STD 810H,無,True,False,1.4,False,False,False,True,True,False,False,搖滾黑,True,https://www.asus.com/tw/laptops/for-home/vivobook/vivobook-16-oled-x1605/,2022-08-23 09:38:00,2026-10-06,True
90NB10N3-M01DF0,X1605VA-0241K13420H,X1605VA,sku,ASUS Vivobook 16 (X1605),asus,Vivobook,,,0,,0,Core i5-13420H,,False,,,,,,,8,8.0,True,1,True,32.0,512,512.0,16.0,1920x1200,False,60,60.0,False,42,42.0,1.88,False,65,65.0,Windows 11 Home,IPS,16:10,300.0,,,,45.0,霧面,False,False,False,DDR4,,PCIe 4.0,1.0,False,1.0,3.0,False,1.4,False,,True,Wi-Fi 6E,5.3,720p,False,True,35.87,24.95,1.99,1.99,MIL-STD 810H,無,True,False,1.4,False,False,False,True,True,False,False,搖滾黑,True,https://www.asus.com/tw/laptops/for-home/vivobook/vivobook-16-oled-x1605/,2022-08-23 09:38:00,2026-10-06,True
90NB10N3-M01DH0,X1605VA-0251K13620H,X1605VA,sku,ASUS Vivobook 16 (X1605),asus,Vivobook,,,0,,0,Core i7-13620H,,False,,,,,,,16,16.0,True,1,True,32.0,512,512.0,16.0,1920x1200,False,60,60.0,False,42,42.0,1.88,False,65,65.0,Windows 11 Home,IPS,16:10,300.0,,,,45.0,霧面,False,False,False,DDR4,,PCIe 4.0,1.0,False,1.0,3.0,False,1.4,False,,True,Wi-Fi 6E,5.3,720p,False,True,35.87,24.95,1.99,1.99,MIL-STD 810H,無,True,False,1.4,False,False,False,True,True,False,False,搖滾黑,True,https://www.asus.com/tw/laptops/for-home/vivobook/vivobook-16-oled-x1605/,2022-08-23 09:38:00,2026-10-06,True
90NB10P1-M006X0,X1505VA-0161K13500H,X1505VA,sku,ASUS Vivobook 15 OLED (X1505),asus,Vivobook,,,0,,0,Core i5-13500H,,False,,,,,,,8,8.0,True,1,True,16.0,512,512.0,15.6,1920x1080,True,60,60.0,False,50,50.0,1.7,False,65,65.0,Windows 11 Home,OLED,16:9,,600.0,100.0,,,鏡面,False,False,False,DDR4,,PCIe 3.0,1.0,False,1.0,3.0,False,1.4,False,,True,Wi-Fi 6E,5.3,720p,False,True,35.68,22.76,1.99,1.99,MIL-STD 810H,無,True,False,1.4,False,False,False,True,True,False,False,搖滾黑,True,https://www.asus.com/tw/laptops/for-home/vivobook/vivobook-15-oled-x1505/,2022-08-01 11:07:00,2026-10-06,True
90NB10P1-M00HZ0,X1505VA-0241K13500H,X1505VA,sku,ASUS Vivobook 15 OLED (X1505),asus,Vivobook,,,0,,0,Core i5-13500H,,False,,,,,,,8,8.0,True,1,True,16.0,512,512.0,15.6,2880x1620,True,120,120.0,False,50,50.0,1.7,False,65,65.0,Windows 11 Home,OLED,16:9,,600.0,100.0,,,鏡面,False,False,False,DDR4,,PCIe 4.0,1.0,False,1.0,3.0,False,1.4,False,,True,Wi-Fi 6E,5.3,720p,False,True,35.68,22.76,1.99,1.99,MIL-STD 810H,無,True,False,1.4,False,False,False,True,True,False,False,搖滾黑,True,https://www.asus.com/tw/laptops/for-home/vivobook/vivobook-15-oled-x1505/,2022-08-01 11:07:00,2026-10-06,True
90NB10P1-M00VW0,X1505VA-0311K13420H,X1505VA,sku,ASUS Vivobook 15 OLED (X1505),asus,Vivobook,22999.0,,0,,0,Core i5-13420H,,False,,,,,,,8,8.0,True,1,True,16.0,512,512.0,15.6,1920x1080,True,60,60.0,False,50,50.0,1.7,False,65,65.0,Windows 11 Home,OLED,16:9,,600.0,100.0,,,鏡面,False,False,False,DDR4,,PCIe 4.0,1.0,False,1.0,3.0,False,1.4,False,,True,Wi-Fi 6E,5.3,720p,False,True,35.68,22.76,1.99,1.99,MIL-STD 810H,無,True,False,1.4,False,False,False,True,True,False,False,搖滾黑,True,https://www.asus.com/tw/laptops/for-home/vivobook/vivobook-15-oled-x1505/,2022-08-01 11:07:00,2026-10-06,True
90NB10P2-M006Y0,X1505VA-0171S13500H,X1505VA,sku,ASUS Vivobook 15 OLED (X1505),asus,Vivobook,,,0,,0,Core i5-13500H,,False,,,,,,,8,8.0,True,1,True,16.0,512,512.0,15.6,1920x1080,True,60,60.0,False,50,50.0,1.7,False,65,65.0,Windows 11 Home,OLED,16:9,,600.0,100.0,,,鏡面,False,False,False,DDR4,,PCIe 3.0,1.0,False,1.0,3.0,False,1.4,False,,True,Wi-Fi 6E,5.3,720p,False,True,35.68,22.76,1.99,1.99,MIL-STD 810H,無,True,False,1.4,False,False,False,True,True,False,False,酷玩銀,True,https://www.asus.com/tw/laptops/for-home/vivobook/vivobook-15-oled-x1505/,2022-08-01 11:07:00,2026-10-06,True
90NB10P2-M00J00,X1505VA-0251S13500H,X1505VA,sku,ASUS Vivobook 15 OLED (X1505),asus,Vivobook,,,0,,0,Core i5-13500H,,False,,,,,,,8,8.0,True,1,True,16.0,512,512.0,15.6,2880x1620,True,120,120.0,False,50,50.0,1.7,False,65,65.0,Windows 11 Home,OLED,16:9,,600.0,100.0,,,鏡面,False,False,False,DDR4,,PCIe 4.0,1.0,False,1.0,3.0,False,1.4,False,,True,Wi-Fi 6E,5.3,720p,False,True,35.68,22.76,1.99,1.99,MIL-STD 810H,無,True,False,1.4,False,False,False,True,True,False,False,酷玩銀,True,https://www.asus.com/tw/laptops/for-home/vivobook/vivobook-15-oled-x1505/,2022-08-01 11:07:00,2026-10-06,True
90NB10P2-M00VX0,X1505VA-0321S13420H,X1505VA,sku,ASUS Vivobook 15 OLED (X1505),asus,Vivobook,22999.0,,0,,0,Core i5-13420H,,False,,,,,,,8,8.0,True,1,True,16.0,512,512.0,15.6,1920x1080,True,60,60.0,False,50,50.0,1.7,False,65,65.0,Windows 11 Home,OLED,16:9,,600.0,100.0,,,鏡面,False,False,False,DDR4,,PCIe 4.0,1.0,False,1.0,3.0,False,1.4,False,,True,Wi-Fi 6E,5.3,720p,False,True,35.68,22.76,1.99,1.99,MIL-STD 810H,無,True,False,1.4,False,False,False,True,True,False,False,酷玩銀,True,https://www.asus.com/tw/laptops/for-home/vivobook/vivobook-15-oled-x1505/,2022-08-01 11:07:00,2026-10-06,True
,,B7402F,model,"ExpertBook B7 Flip (B7402F, 12th Gen Intel)",asus,ExpertBook,,,0,,0,Core i5-1240P/Core i7-1260P,,False,,,,,,,16/32,32.0,True,2,False,,1024,1024.0,14.0,1920x1200,False,,,True,63,63.0,,True,65,65.0,Windows 11 Pro,,16:10,500.0,,,100.0,,霧面,False,False,True,DDR5,,PCIe 4.0,1.0,False,2.0,2.0,False,2.0,True,SD,True,Wi-Fi 6E,5.4,720p,True,False,32.0,23.42,1.8,1.89,MIL-STD 810H,有,False,True,1.5,True,False,True,True,True,True,False,星夜黑,True,https://www.asus.com/tw/laptops/for-work/expertbook/expertbook-b7-flip-b7402f-12th-gen-intel/,2022-05-19 15:00:00,2026-10-06,
90NB0VI5-M00CN0,X1500KA-0391KN6000,X1500KA,sku,ASUS Vivobook 15 (X1500),asus,Vivobook,,,0,,0,Pentium Silver N6000,,False,,,,,,,8,8.0,True,1,False,,512,512.0,15.6,1920x1080,False,60,60.0,False,37,37.0,1.8,False,33,33.0,Windows 11 Home,,16:9,200.0,,,,45.0,霧面,False,False,False,DDR4,,PCIe 3.0,1.0,True,1.0,3.0,False,1.4,False,,True,Wi-Fi 5,5.0,720p,False,False,36.02,23.49,1.99,1.99,,無,True,False,1.4,False,False,False,False,False,False,False,搖滾黑,True,https://www.asus.com/tw/laptops/for-home/vivobook/vivobook-15-x1500-11th-gen-intel/,2022-05-18 16:09:00,2026-10-06,True
90NB0VI5-M00DA0,X1500KA-0421KN4500,X1500KA,sku,ASUS Vivobook 15 (X1500),asus,Vivobook,,,0,,0,Celeron N4500,,False,,,,,,,8,8.0,True,1,False,,512,512.0,15.6,1920x1080,False,60,60.0,False,37,37.0,1.8,False,33,33.0,Windows 11 Home,,16:9,200.0,,,,45.0,霧面,False,False,False,DDR4,,PCIe 3.0,1.0,True,1.0,3.0,False,1.4,False,,True,Wi-Fi 5,5.0,720p,False,False,36.02,23.49,1.99,1.99,,無,True,False,1.4,False,False,False,False,False,False,False,搖滾黑,True,https://www.asus.com/tw/laptops/for-home/vivobook/vivobook-15-x1500-11th-gen-intel/,2022-05-18 16:09:00,2026-10-06,True
90NB0VI5-M00DX0,X1500KA-0431KN4500,X1500KA,sku,ASUS Vivobook 15 (X1500),asus,Vivobook,,,0,,0,Celeron N4500,,False,,,,,,,8,8.0,True,1,False,,512,512.0,15.6,1920x1080,False,60,60.0,False,37,37.0,1.8,False,33,33.0,Windows 11 Home,,16:9,200.0,,,,45.0,霧面,False,False,False,DDR4,,PCIe 3.0,1.0,True,1.0,3.0,False,1.4,False,,True,Wi-Fi 5,5.0,720p,False,False,36.02,23.49,1.99,1.99,,無,True,False,1.4,False,False,False,False,False,False,True,搖滾黑,True,https://www.asus.com/tw/laptops/for-home/vivobook/vivobook-15-x1500-11th-gen-intel/,2022-05-18 16:09:00,2026-10-06,True
90NB0VI5-M00EH0,X1500KA-0441KN6000,X1500KA,sku,ASUS Vivobook 15 (X1500),asus,Vivobook,,,0,,0,Pentium Silver N6000,,False,,,,,,,8,8.0,True,1,False,,512,512.0,15.6,1920x1080,False,60,60.0,False,37,37.0,1.8,False,33,33.0,Windows 11 Home,,16:9,200.0,,,,45.0,霧面,False,False,False,DDR4,,PCIe 3.0,1.0,True,1.0,3.0,False,1.4,False,,True,Wi-Fi 5,5.0,720p,False,False,36.02,23.49,1.99,1.99,,無,True,False,1.4,False,False,False,False,False,False,True,搖滾黑,True,https://www.asus.com/tw/laptops/for-home/vivobook/vivobook-15-x1500-11th-gen-intel/,2022-05-18 16:09:00,2026-10-06,True
,,X1502ZA,model,ASUS Vivobook 15 (X1502),asus,Vivobook,,,0,,0,Core i7-12700H/Core i7-1260P/Core i5-12500H/Core i5-1240P/Core i5-1235U,,False,,,,,,,8/16,16.0,True,1,True,24.0,512,512.0,15.6,1920x1080,False,60,60.0,False,42,42.0,1.7,False,45/65,65.0,Windows 11 Home,IPS,16:9,250.0,,,,45.0,霧面,False,False,False,DDR4,,PCIe 4.0/PCIe 3.0,1.0,False,1.0,3.0,False,1.4,False,,True,Wi-Fi 6,5.0,720p,False,True,35.97,23.25,1.99,1.99,MIL-STD 810H,無,False,False,1.4,False,False,False,False,False,False,False,午夜藍 / 冰河銀,True,https://www.asus.com/tw/laptops/for-home/vivobook/vivobook-15-x1502/,2022-03-31 14:25:00,2026-10-06,
90NB10T1-M01150,X1502VA-0181B13420H,X1502VA,sku,ASUS Vivobook 15 (X1502),asus,Vivobook,20999.0,,0,,0,Core i5-13420H,,False,,,,,,,8,8.0,True,1,True,16.0,512,512.0,15.6,1920x1080,False,60,60.0,False,42,42.0,1.7,False,65,65.0,Windows 11 Home,IPS,16:9,250.0,,,,45.0,霧面,False,False,False,DDR4,,PCIe 4.0,1.0,False,1.0,3.0,False,1.4,False,,True,Wi-Fi 6E,5.3,720p,False,True,35.97,23.25,1.99,1.99,MIL-STD 810H,無,True,False,1.4,False,False,False,False,False,False,False,午夜藍,True,https://www.asus.com/tw/laptops/for-home/vivobook/vivobook-15-x1502/,2022-03-31 14:25:00,2026-10-06,True
90NB10T1-M01170,X1502VA-0201B13420H,X1502VA,sku,ASUS Vivobook 15 (X1502),asus,Vivobook,,,0,,0,Core i5-13420H,,False,,,,,,,16,16.0,True,1,True,24.0,1024,1024.0,15.6,1920x1080,False,60,60.0,False,42,42.0,1.7,False,65,65.0,Windows 11 Home,IPS,16:9,250.0,,,,45.0,霧面,False,False,False,DDR4,,PCIe 4.0,1.0,False,1.0,3.0,False,1.4,False,,True,Wi-Fi 6E,5.3,720p,False,True,35.97,23.25,1.99,1.99,MIL-STD 810H,無,True,False,1.4,False,False,False,False,False,False,False,午夜藍,True,https://www.asus.com/tw/laptops/for-home/vivobook/vivobook-15-x1502/,2022-03-31 14:25:00,2026-10-06,True
90NB10T1-M01190,X1502VA-0221B13620H,X1502VA,sku,ASUS Vivobook 15 (X1502),asus,Vivobook,,,0,25999.0,1,Core i7-13620H,,False,,,,,,,16,16.0,True,1,True,24.0,512,512.0,15.6,1920x1080,False,60,60.0,False,42,42.0,1.7,False,65,65.0,Windows 11 Home,IPS,16:9,250.0,,,,45.0,霧面,False,False,False,DDR4,,PCIe 4.0,1.0,False,1.0,3.0,False,1.4,False,,True,Wi-Fi 6E,5.3,720p,False,True,35.97,23.25,1.99,1.99,MIL-STD 810H,無,True,False,1.4,False,False,False,False,False,False,False,午夜藍,True,https://www.asus.com/tw/laptops/for-home/vivobook/vivobook-15-x1502/,2022-03-31 14:25:00,2026-10-06,True
90NB10T1-M01750,X1502VA-0271B13620H,X1502VA,sku,ASUS Vivobook 15 (X1502),asus,Vivobook,,,0,,0,Core i7-13620H,,False,,,,,,,16,16.0,True,1,True,24.0,1024,1024.0,15.6,1920x1080,False,60,60.0,False,42,42.0,1.7,False,65,65.0,Windows 11 Home,IPS,16:9,250.0,,,,45.0,霧面,False,False,False,DDR4,,PCIe 4.0,1.0,False,1.0,3.0,False,1.4,False,,True,Wi-Fi 6E,5.3,720p,False,True,35.97,23.25,1.99,1.99,MIL-STD 810H,無,True,False,1.4,False,False,False,False,False,False,False,午夜藍,True,https://www.asus.com/tw/laptops/for-home/vivobook/vivobook-15-x1502/,2022-03-31 14:25:00,2026-10-06,True
90NB10T3-M01160,X1502VA-0191C13420H,X1502VA,sku,ASUS Vivobook 15 (X1502),asus,Vivobook,20999.0,,0,,0,Core i5-13420H,,False,,,,,,,8,8.0,True,1,True,16.0,512,512.0,15.6,1920x1080,False,60,60.0,False,42,42.0,1.7,False,65,65.0,Windows 11 Home,IPS,16:9,250.0,,,,45.0,霧面,False,False,False,DDR4,,PCIe 4.0,1.0,False,1.0,3.0,False,1.4,False,,True,Wi-Fi 6E,5.3,720p,False,True,35.97,23.25,1.99,1.99,MIL-STD 810H,無,True,False,1.4,False,False,False,False,False,False,False,蜜誘金,True,https://www.asus.com/tw/laptops/for-home/vivobook/vivobook-15-x1502/,2022-03-31 14:25:00,2026-10-06,True
90NB10T3-M01180,X1502VA-0211C13420H,X1502VA,sku,ASUS Vivobook 15 (X1502),asus,Vivobook,,,0,,0,Core i5-13420H,,False,,,,,,,16,16.0,True,1,True,24.0,1024,1024.0,15.6,1920x1080,False,60,60.0,False,42,42.0,1.7,False,65,65.0,Windows 11 Home,IPS,16:9,250.0,,,,45.0,霧面,False,False,False,DDR4,,PCIe 4.0,1.0,False,1.0,3.0,False,1.4,False,,True,Wi-Fi 6E,5.3,720p,False,True,35.97,23.25,1.99,1.99,MIL-STD 810H,無,True,False,1.4,False,False,False,False,False,False,False,蜜誘金,True,https://www.asus.com/tw/laptops/for-home/vivobook/vivobook-15-x1502/,2022-03-31 14:25:00,2026-10-06,True
90NB0X21-M00JT0,M1502YA-0031B7430U,M1502YA,sku,ASUS Vivobook 15 (M1502),asus,Vivobook,,,0,,0,Ryzen 5 7430U,,False,,,,,,,8,8.0,True,1,True,16.0,512,512.0,15.6,1920x1080,False,60,60.0,False,42,42.0,1.7,False,45,45.0,Windows 11 Home,IPS,16:9,250.0,,,,45.0,霧面,False,False,False,DDR4,,PCIe 3.0,1.0,False,1.0,3.0,False,1.4,False,,True,Wi-Fi 6E,5.3,720p,False,True,35.97,23.25,1.99,1.99,MIL-STD 810H,無,True,False,1.4,False,False,False,True,True,False,False,午夜藍,True,https://www.asus.com/tw/laptops/for-home/vivobook/vivobook-15-m1502/,2022-03-29 14:30:00,2026-10-06,True
90NB1261-M003Z0,M1502QA-0031B5800H,M1502QA,sku,ASUS Vivobook 15 (M1502),asus,Vivobook,,,0,,0,Ryzen 7 5800HS,,False,,,,,,,8,8.0,True,1,True,,512,512.0,15.6,1920x1080,False,60,60.0,False,42,42.0,1.7,False,65,65.0,Windows 11 Home,IPS,16:9,250.0,,,,45.0,霧面,False,False,False,DDR4,,PCIe 3.0,1.0,False,1.0,3.0,False,1.4,False,,True,Wi-Fi 6E,5.3,720p,False,True,35.97,23.25,1.99,1.99,MIL-STD 810H,無,False,False,1.4,False,False,False,False,False,False,False,午夜藍,True,https://www.asus.com/tw/laptops/for-home/vivobook/vivobook-15-m1502/,2022-03-29 14:30:00,2026-10-06,True
90NB1841-M008Y0,M1502NAQ-0041B150H,M1502NAQ,sku,ASUS Vivobook 15 (M1502),asus,Vivobook,23999.0,23999.0,5,23999.0,1,Ryzen 5 150,,False,,,,,,,8,8.0,True,1,True,24.0,512,512.0,15.6,1920x1080,False,60,60.0,False,42,42.0,1.7,False,68,68.0,Windows 11 Home,IPS,16:9,250.0,,,,45.0,霧面,False,False,False,DDR5,,PCIe 4.0,1.0,False,2.0,3.0,False,1.4,False,,True,Wi-Fi 6,5.4,720p,False,True,35.97,23.25,1.99,1.99,MIL-STD 810H,無,True,False,1.4,False,False,True,False,False,False,False,午夜藍,True,https://www.asus.com/tw/laptops/for-home/vivobook/vivobook-15-m1502/,2022-03-29 14:30:00,2026-10-06,True
90NB1843-M00F40,M1502NAQ-0091C150H,M1502NAQ,sku,ASUS Vivobook 15 (M1502),asus,Vivobook,23999.0,23999.0,3,23999.0,1,Ryzen 5 150,,False,,,,,,,8,8.0,True,1,True,24.0,512,512.0,15.6,1920x1080,False,60,60.0,False,42,42.0,1.7,False,68,68.0,Windows 11 Home,IPS,16:9,250.0,,,,45.0,霧面,False,False,False,DDR5,,PCIe 4.0,1.0,False,2.0,3.0,False,1.4,False,,True,Wi-Fi 6,5.4,720p,False,True,35.97,23.25,1.99,1.99,MIL-STD 810H,無,True,False,1.4,False,False,True,False,False,False,False,蜜誘金,True,https://www.asus.com/tw/laptops/for-home/vivobook/vivobook-15-m1502/,2022-03-29 14:30:00,2026-10-06,True
90NB19L1-M002J0,M1502XA-0021B7840HS,M1502XA,sku,ASUS Vivobook 15 (M1502),asus,Vivobook,,27999.0,4,27999.0,3,Ryzen 7 7840HS,,False,,,,,,,8,8.0,True,1,True,16.0,512,512.0,15.6,1920x1080,False,60,60.0,False,42,42.0,1.7,False,68,68.0,Windows 11 Home,IPS,16:9,250.0,,,,45.0,霧面,False,False,False,DDR5,,PCIe 4.0,1.0,False,2.0,3.0,False,1.4,False,,True,Wi-Fi 6,5.4,720p,False,True,35.97,23.25,1.99,1.99,MIL-STD 810H,無,True,False,1.4,False,False,True,False,False,False,False,午夜藍,True,https://www.asus.com/tw/laptops/for-home/vivobook/vivobook-15-m1502/,2022-03-29 14:30:00,2026-10-06,True
,,FA707RC,model,ASUS TUF Gaming A17 (2022),asus,TUF-Gaming,,,0,,0,Ryzen 7 6800HS,,True,GeForce RTX 3050,95.0,80.0,1790.0,4,4.0,8,8.0,True,2,False,32.0,512,512.0,17.3,1920x1080,False,144,144.0,False,56,56.0,2.6,False,200,200.0,Windows 11 Home,IPS,16:9,,,,62.5,45.0,霧面,False,True,False,DDR5,4800.0,PCIe 3.0,2.0,False,2.0,2.0,False,2.0,True,,True,Wi-Fi 6,5.2,720p,False,False,39.5,26.4,2.29,2.54,,RGB,False,False,,False,False,False,True,False,False,False,,True,https://www.asus.com/tw/laptops/for-gaming/tuf-gaming/asus-tuf-gaming-a17-2022/,2021-12-30 17:59:00,2026-10-06,
,,FA707RM,model,ASUS TUF Gaming A17 (2022),asus,TUF-Gaming,,,0,,0,Ryzen 7 6800HS,,True,GeForce RTX 3060,140.0,115.0,1752.0,6,6.0,8,8.0,True,2,False,32.0,512,512.0,17.3,1920x1080,False,144,144.0,False,90,90.0,2.6,False,240,240.0,Windows 11 Home,IPS,16:9,,,,62.5,45.0,霧面,False,True,False,DDR5,4800.0,PCIe 3.0,,False,2.0,2.0,False,2.0,True,,True,Wi-Fi 6,5.2,720p,False,False,39.5,26.4,2.29,2.54,,RGB,False,False,,False,False,False,True,False,False,False,,True,https://www.asus.com/tw/laptops/for-gaming/tuf-gaming/asus-tuf-gaming-a17-2022/,2021-12-30 17:59:00,2026-10-06,
,,FA507RE,model,ASUS TUF Gaming A15 (2022),asus,TUF-Gaming,,,0,,0,Ryzen 7 6800H,,True,GeForce RTX 3050 Ti,95.0,80.0,1745.0,4,4.0,8,8.0,True,2,False,32.0,512,512.0,15.6,1920x1080,False,144,144.0,False,56,56.0,2.2,False,200,200.0,Windows 11 Home,IPS,16:9,,,,62.5,45.0,霧面,False,True,False,DDR5,4800.0,PCIe 3.0,2.0,False,2.0,2.0,False,2.0,True,,True,Wi-Fi 6,5.2,720p,False,False,35.4,25.1,2.24,2.49,,RGB,False,False,,False,False,False,True,False,False,False,,True,https://www.asus.com/tw/laptops/for-gaming/tuf-gaming/asus-tuf-gaming-a15-2022/,2021-12-30 17:59:00,2026-10-06,
,,FA507RM,model,ASUS TUF Gaming A15 (2022),asus,TUF-Gaming,,,0,,0,Ryzen 7 6800H,,True,GeForce RTX 3060,140.0,115.0,1752.0,6,6.0,8,8.0,True,2,False,32.0,512,512.0,15.6,1920x1080,False,144,144.0,False,90,90.0,2.2,False,240,240.0,Windows 11 Home,IPS,16:9,,,,62.5,45.0,霧面,False,True,False,DDR5,4800.0,PCIe 3.0,2.0,False,2.0,2.0,False,2.0,True,,True,Wi-Fi 6,5.2,720p,False,False,35.4,25.1,2.24,2.49,,RGB,False,False,,False,False,False,True,False,False,False,,True,https://www.asus.com/tw/laptops/for-gaming/tuf-gaming/asus-tuf-gaming-a15-2022/,2021-12-30 17:59:00,2026-10-06,
,,E510KA,model,ASUS Vivobook Go 15 (E510),asus,Vivobook,,,0,,0,Celeron N5100,,False,,,,,,,8,8.0,False,0,True,,256,256.0,15.6,1920x1080,False,60,60.0,False,42,42.0,1.57,False,33,33.0,Windows 11 Home,,16:9,200.0,,,,45.0,霧面,False,False,False,DDR4,,PCIe 3.0,1.0,False,1.0,2.0,False,1.4,False,,True,Wi-Fi 5,5.0,VGA,False,False,36.02,23.64,1.81,1.81,,無,False,False,1.35,False,False,False,False,False,False,False,星夜黑 / 幻彩白,True,https://www.asus.com/tw/laptops/for-home/vivobook/vivobook-go-15-e510/,2021-09-13 09:11:00,2026-10-06,
,,E410KA,model,ASUS Vivobook Go 14 (E410),asus,Vivobook,,,0,10990.0,1,Pentium Silver N6000/Celeron N4500,,False,,,,,,,4/8,8.0,False,0,True,4.0,128,128.0,14.0,1920x1080,False,60,60.0,False,42,42.0,1.3,False,33,33.0,Windows 11 Home S,,16:9,200.0,,,,45.0,霧面,False,False,False,DDR4,,eMMC,,False,1.0,2.0,False,1.4,False,,True,Wi-Fi 5,5.0,VGA,False,False,32.5,21.7,1.8,1.84,,無,False,True,1.4,False,False,False,False,False,False,False,幻彩白 / 夢想藍,True,https://www.asus.com/tw/laptops/for-home/vivobook/vivobook-go-14-e410/,2021-09-13 09:07:00,2026-10-06,
,,B3402,model,"ExpertBook B3 Flip (B3402, 11th Gen Intel)",asus,ExpertBook,,,0,,0,Core i5-1135G7,,False,,,,,,,16,16.0,True,1,True,48.0,512,512.0,14.0,1920x1080,False,,,True,50,50.0,,True,65,65.0,Windows 10 Pro,,16:9,400.0,,,100.0,,鏡面,False,False,True,DDR4,,PCIe 3.0,1.0,False,2.0,2.0,False,2.0,True,,True,Wi-Fi 6,5.3,720p,False,False,32.9,22.39,1.92,1.95,MIL-STD 810H,有,False,True,1.5,True,False,True,True,True,True,False,星夜黑,True,https://www.asus.com/tw/laptops/for-work/expertbook/expertbook-b3-flip-b3402-11th-gen-intel/,2021-08-30 16:07:00,2026-10-06,
,,BX363,model,Zenbook Flip 13 BX363,asus,Zenbook,,,0,,0,Core i7-1165G7/Core i5-1135G7,,False,,,,,,,8/16,16.0,False,0,True,16.0,512/1024,1024.0,13.3,1920x1080,True,60,60.0,True,67,67.0,1.3,True,65,65.0,Windows 11 Home/Windows 10 Pro/Windows 10 Home,OLED/IPS,16:9,300.0,,100.0,100.0,,鏡面,False,False,True,LPDDR4X,,PCIe 3.0,,False,2.0,1.0,False,1.4,False,,False,Wi-Fi 6,5.0,720p,True,False,30.5,21.1,1.19,1.39,MIL-STD 810G,有,False,True,1.35,False,False,True,False,True,False,False,綠松灰,True,https://www.asus.com/tw/laptops/for-home/zenbook/zenbook-flip-13-bx363/,2021-03-05 11:25:00,2026-10-06,
,,X515UA,model,ASUS M515 (AMD Ryzen™ 5000 Series),asus,Everyday-use,,,0,,0,Ryzen 5 5500U,,False,,,,,,,8,8.0,True,1,True,16.0,256/512,512.0,15.6,1920x1080,False,60,60.0,False,37,37.0,1.8,False,45,45.0,Windows 11 Home/Windows 10 Home,IPS,16:9,250.0,,,,45.0,霧面,False,False,False,DDR4,,PCIe 3.0,1.0,True,1.0,3.0,False,1.4,False,microSD/SD,True,Wi-Fi 5,5.0,VGA,False,False,36.02,23.49,1.99,1.99,,無,False,False,1.4,False,False,False,True,True,False,True,星空灰 / 冰河銀,True,https://www.asus.com/tw/laptops/for-home/everyday-use/asus-m515-amd-ryzen-5000-series/,2021-02-25 16:12:00,2026-10-06,
,,FA706IC,model,2021 ASUS TUF Gaming A17,asus,TUF-Gaming,,,0,,0,Ryzen 7 4800H/Ryzen 5 4600H,,True,GeForce RTX 3050,,,,4,4.0,8,8.0,True,2,False,32.0,512,512.0,17.3,1920x1080,False,144,144.0,False,48/90,90.0,2.6,False,180,180.0,Windows 11 Home/Windows 10 Home,IPS,16:9,,,,62.5,45.0,霧面,False,False,False,DDR4,3200.0,PCIe 3.0,,False,2.0,3.0,False,2.0,True,,True,Wi-Fi 6,5.1,720p,False,False,39.9,26.8,2.33,2.48,,RGB,False,False,,False,False,False,True,False,False,False,,True,https://www.asus.com/tw/laptops/for-gaming/tuf-gaming/2021-asus-tuf-gaming-a17/,2021-01-18 15:57:00,2026-10-06,
,,FA706QM,model,2021 ASUS TUF Gaming A17,asus,TUF-Gaming,,,0,,0,Ryzen 7 5800H,,True,GeForce RTX 3060,95.0,90.0,1630.0,6,6.0,8,8.0,True,2,False,32.0,512,512.0,17.3,1920x1080,False,144,144.0,False,90,90.0,2.6,False,200,200.0,Windows 10 Home,IPS,16:9,,,,62.5,45.0,霧面,False,False,False,DDR4,3200.0,PCIe 3.0,2.0,False,1.0,3.0,False,2.0,True,,True,Wi-Fi 6,5.2,720p,False,False,39.9,26.8,2.21,2.39,,RGB,False,False,,False,False,False,True,False,False,False,,True,https://www.asus.com/tw/laptops/for-gaming/tuf-gaming/2021-asus-tuf-gaming-a17/,2021-01-18 15:57:00,2026-10-06,
,,FA706NF,model,2021 ASUS TUF Gaming A17,asus,TUF-Gaming,,,0,,0,Ryzen 5 7535HS,,True,GeForce RTX 2050,70.0,60.0,1670.0,4,4.0,8,8.0,True,2,False,,512,512.0,17.3,1920x1080,False,144,144.0,False,48,48.0,2.6,False,150,150.0,Windows 11 Home,IPS,16:9,,,,62.5,45.0,霧面,False,False,False,DDR5,4800.0,PCIe 4.0,2.0,False,2.0,3.0,False,2.1,True,,True,Wi-Fi 6,5.2,720p,False,False,39.9,26.9,2.33,2.48,,RGB,False,False,,False,False,False,True,False,False,False,,True,https://www.asus.com/tw/laptops/for-gaming/tuf-gaming/2021-asus-tuf-gaming-a17/,2021-01-18 15:57:00,2026-10-06,
,,FA706NFR,model,2021 ASUS TUF Gaming A17,asus,TUF-Gaming,,,0,,0,Ryzen 7 7435HS,,True,GeForce RTX 2050,70.0,60.0,1670.0,4,4.0,16,16.0,True,2,False,,512,512.0,17.3,1920x1080,False,144,144.0,False,48,48.0,2.6,False,150,150.0,Windows 11 Home,IPS,16:9,,,,62.5,45.0,霧面,False,False,False,DDR5,4800.0,PCIe 4.0,2.0,False,2.0,3.0,False,2.1,True,,True,Wi-Fi 6,5.2,720p,False,False,39.9,26.9,2.33,2.48,,RGB,False,False,,False,False,False,True,False,False,False,,True,https://www.asus.com/tw/laptops/for-gaming/tuf-gaming/2021-asus-tuf-gaming-a17/,2021-01-18 15:57:00,2026-10-06,
,,FA506IC,model,2021 ASUS TUF Gaming A15,asus,TUF-Gaming,,,0,,0,Ryzen 7 4800H,,True,GeForce RTX 3050,75.0,60.0,1600.0,4,4.0,8,8.0,True,2,False,32.0,512,512.0,15.6,1920x1080,False,144,144.0,False,48,48.0,2.3,False,180,180.0,Windows 11 Home/Windows 10 Home,IPS,16:9,,,,62.5,45.0,霧面,False,False,False,DDR4,3200.0,PCIe 3.0,,False,2.0,3.0,False,2.0,True,,True,Wi-Fi 6,5.1,720p,False,False,35.9,25.6,2.28,2.45,,RGB,False,False,,False,False,False,True,False,False,False,,True,https://www.asus.com/tw/laptops/for-gaming/tuf-gaming/2021-asus-tuf-gaming-a15/,2021-01-18 15:56:00,2026-10-06,
,,FA506QR,model,2021 ASUS TUF Gaming A15,asus,TUF-Gaming,,,0,,0,Ryzen 7 5800H,,True,GeForce RTX 3070,95.0,90.0,1510.0,8,8.0,8,8.0,True,2,False,32.0,512,512.0,15.6,1920x1080,False,144,144.0,False,90,90.0,2.3,False,200,200.0,Windows 10 Home,IPS,16:9,,,,62.5,45.0,霧面,False,False,False,DDR4,3200.0,PCIe 3.0,2.0,False,1.0,3.0,False,2.0,True,,True,Wi-Fi 6,,720p,False,False,35.9,25.6,2.28,2.43,,RGB,False,False,,False,False,False,True,False,False,False,,True,https://www.asus.com/tw/laptops/for-gaming/tuf-gaming/2021-asus-tuf-gaming-a15/,2021-01-18 15:56:00,2026-10-06,
,,FA506QM,model,2021 ASUS TUF Gaming A15,asus,TUF-Gaming,,,0,,0,Ryzen 7 5800H,,True,GeForce RTX 3060,95.0,90.0,1630.0,6,6.0,8,8.0,True,2,False,32.0,512,512.0,15.6,1920x1080,False,144,144.0,False,90,90.0,2.3,False,200,200.0,Windows 10 Home,IPS,16:9,,,,62.5,45.0,霧面,False,False,False,DDR4,3200.0,PCIe 3.0,2.0,False,1.0,3.0,False,2.0,True,,True,Wi-Fi 6,5.2,720p,False,False,35.9,25.6,2.28,2.43,,RGB,False,False,,False,False,False,True,False,False,False,,True,https://www.asus.com/tw/laptops/for-gaming/tuf-gaming/2021-asus-tuf-gaming-a15/,2021-01-18 15:56:00,2026-10-06,
,,FA506NC,model,2021 ASUS TUF Gaming A15,asus,TUF-Gaming,,,0,,0,Ryzen 5 7535HS,,True,GeForce RTX 3050,75.0,60.0,1675.0,4,4.0,16,16.0,True,2,False,,512/1024,1024.0,15.6,1920x1080,False,144,144.0,False,48,48.0,2.3,False,180,180.0,Windows 11 Home,IPS,16:9,,,,62.5,45.0,霧面,False,False,False,DDR5,5600.0,PCIe 4.0,2.0,False,1.0,3.0,False,2.1,True,,True,Wi-Fi 6,5.2,720p,False,False,35.9,25.6,2.28,2.45,,RGB,False,False,,False,False,False,True,False,False,False,,True,https://www.asus.com/tw/laptops/for-gaming/tuf-gaming/2021-asus-tuf-gaming-a15/,2021-01-18 15:56:00,2026-10-06,
,,FA506NF,model,2021 ASUS TUF Gaming A15,asus,TUF-Gaming,,,0,,0,Ryzen 5 7535HS,,True,GeForce RTX 2050,70.0,60.0,1670.0,4,4.0,8,8.0,True,2,False,,512,512.0,15.6,1920x1080,False,144,144.0,False,48,48.0,2.3,False,150,150.0,Windows 11 Home,IPS,16:9,,,,62.5,45.0,霧面,False,False,False,DDR5,4800.0,PCIe 4.0,2.0,False,1.0,3.0,False,2.1,True,,True,Wi-Fi 6,5.2,720p,False,False,35.9,25.6,2.28,2.45,,RGB,False,False,,False,False,False,True,False,False,False,,True,https://www.asus.com/tw/laptops/for-gaming/tuf-gaming/2021-asus-tuf-gaming-a15/,2021-01-18 15:56:00,2026-10-06,
,,FA506NCG,model,2021 ASUS TUF Gaming A15,asus,TUF-Gaming,,34999.0,4,34999.0,3,Ryzen 7 155/Ryzen 7 8845HS/Ryzen 7 7445HS,,True,GeForce RTX 3050,75.0,60.0,1675.0,4,4.0,16,16.0,True,2,False,,512,512.0,15.6,1920x1080,False,144,144.0,False,48,48.0,2.3,False,180,180.0,Windows 11 Home,IPS,16:9,,,,62.5,45.0,霧面,False,False,False,DDR5,5600.0,PCIe 4.0,2.0,False,1.0,3.0,False,2.1,True,,True,Wi-Fi 6,5.2,720p,False,False,35.9,25.6,2.28,2.45,,RGB,False,False,,False,False,False,True,False,False,False,,True,https://www.asus.com/tw/laptops/for-gaming/tuf-gaming/2021-asus-tuf-gaming-a15/,2021-01-18 15:56:00,2026-10-06,
,,FA506NCQ,model,2021 ASUS TUF Gaming A15,asus,TUF-Gaming,,,0,34999.0,2,Ryzen 7 170,,True,GeForce RTX 3050,75.0,60.0,1675.0,4,4.0,16,16.0,True,2,False,,512,512.0,15.6,1920x1080,False,144,144.0,False,48,48.0,2.3,False,180,180.0,Windows 11 Home,IPS,16:9,,,,62.5,45.0,霧面,False,False,False,DDR5,4800.0,PCIe 4.0,2.0,False,1.0,3.0,False,2.1,True,,True,Wi-Fi 6,5.2,720p,False,False,35.9,25.6,2.28,2.45,,RGB,False,False,,False,False,False,True,False,False,False,,True,https://www.asus.com/tw/laptops/for-gaming/tuf-gaming/2021-asus-tuf-gaming-a15/,2021-01-18 15:56:00,2026-10-06,
,,BR1100F,model,ASUS BR1100F,asus,All-series,,,0,,0,Celeron N5100,,False,,,,,,,8,8.0,False,0,True,8.0,64/128/256,256.0,11.6,1366x768,False,,,True,42,42.0,1.4,False,45,45.0,Windows 11 Pro Education/Windows 10 Pro/Windows 10 Home,,16:9,250.0,,,,50.0,鏡面,False,False,True,DDR4,,PCIe 3.0/eMMC,1.0,False,1.0,2.0,False,1.4,True,,True,Wi-Fi 6,5.3,720p,False,False,29.46,20.49,1.99,2.0,MIL-STD 810H,無,False,False,1.35,True,False,False,True,True,True,False,深灰,True,https://www.asus.com/tw/laptops/for-students/all-series/asus-br1100f/,2021-01-14 00:16:00,2026-10-06,
,,E410MA,model,ASUS E410,asus,All-series,,,0,,0,Pentium Silver N5030/Celeron N4120/Celeron N4020,,False,,,,,,,4/8,8.0,False,0,True,4.0,64/128/256,256.0,14.0,1366x768/1920x1080,False,60,60.0,False,42,42.0,1.3,False,33,33.0,Windows 10 Home,IPS,16:9,250.0,,,,45.0,霧面,False,False,False,DDR4,,PCIe 3.0/eMMC,,False,1.0,2.0,False,1.4,False,microSD/SD,False,Wi-Fi 5,5.0,VGA,False,False,32.5,21.7,1.8,1.84,,無,False,True,1.4,False,False,False,False,False,False,False,星夜黑 / 幻彩白 / 夢想藍,True,https://www.asus.com/tw/laptops/for-home/all-series/asus-e410/,2020-09-03 18:39:00,2026-10-06,
,,BM2402C,model,"Expertbook BM2 (BM2402C, AMD Ryzen 5000 series)",asus,ExpertBook,,,0,,0,Ryzen 5 5625U/Ryzen 7 5825U,,False,,,,,,,8,8.0,True,2,False,64.0,512,512.0,14.0,1920x1080,False,,,False,48,48.0,,False,65,65.0,Windows 11 Pro,,16:9,250.0,,,,45.0,霧面,False,False,False,DDR4,,PCIe 3.0,1.0,False,2.0,2.0,False,1.4,True,SD,True,Wi-Fi 6E/Wi-Fi 6,5.4,720p,False,False,33.95,23.99,2.0,2.0,MIL-STD 810H,有,False,False,1.5,True,False,True,True,True,False,False,星夜黑,True,https://www.asus.com/tw/laptops/for-work/expertbook/expertbook-bm2-bm2402c-amd-ryzen-5000-series/,,2026-10-06,
