base_model,sales_model,match_type,momo_id,name,price,is_momo,is_bundle,is_custom,is_refurb,url,fetched_at
B1403CVA,,,15345554,【ASUS 華碩】14吋Core 7商用筆電(B1403CVA/Core 7 240H/16G/1TB SSD/W11P),48900,True,False,False,False,https://www.momoshop.com.tw/goods/GoodsDetail.jsp?i_code=15345554,2026-10-06
B1403CVA,,,15249221,【ASUS 華碩】14吋Core 7商用筆電(B1403CVA-3401A240H/Core 7-240H/16G/1TB SSD/W11P),48900,True,False,False,False,https://www.momoshop.com.tw/goods/GoodsDetail.jsp?i_code=15249221,2026-10-06
B1403CVA,,,15249225,【ASUS 華碩】14吋Core 5商用筆電(B1403CVA-3101A210H/Core 5-210H/16G/1TB SSD/W11P),44900,True,False,False,False,https://www.momoshop.com.tw/goods/GoodsDetail.jsp?i_code=15249225,2026-10-06
B1403CVA,,,15011995,【ASUS 華碩】14吋Core 5商用筆電(B1403CVA-2751A210H/Core 5-210H/16G/1TB SSD/W11P),44900,True,False,False,False,https://www.momoshop.com.tw/goods/GoodsDetail.jsp?i_code=15011995,2026-10-06
B1403CVA,,,13322232,【ASUS 華碩】14吋Core 7商用筆電(B1403CVA/Core 7-150U/16G/1TB SSD/W11P),42490,True,False,False,False,https://www.momoshop.com.tw/goods/GoodsDetail.jsp?i_code=13322232,2026-10-06
B1403CVA,,,15043827,【ASUS 華碩】14吋Core 5商用筆電(B1403CVA/Core 5 210H/16G/1TB SSD/W11P),44900,True,False,False,False,https://www.momoshop.com.tw/goods/GoodsDetail.jsp?i_code=15043827,2026-10-06
B1403CVA,,,15345553,【ASUS 華碩】14吋Core 5商用筆電(B1403CVA/Core 5 210H/16G/1TB SSD/W11P),44900,True,False,False,False,https://www.momoshop.com.tw/goods/GoodsDetail.jsp?i_code=15345553,2026-10-06
B1403CVA,,,13322231,【ASUS 華碩】14吋Core 5商用筆電(B1403CVA/Core 5-120U/16G/1TB SSD/W11P),38490,True,False,False,False,https://www.momoshop.com.tw/goods/GoodsDetail.jsp?i_code=13322231,2026-10-06
B1408CV,,,TP00064080001455,【ASUS 華碩】特仕款 14吋輕薄商務筆電(Expertbook B1408CV/i5-1335U/16G+32G/512G/W11P),49990,False,False,True,False,https://www.momoshop.com.tw/TP/TP0006408/goodsDetail/TP00064080001455,2026-10-06
B1409CVA,,,15564028,【ASUS 華碩】14吋 Core5 商用筆電(B1409CVA/Core5-120U/16G/512G SSD/W11P),26999,True,False,False,False,https://www.momoshop.com.tw/goods/GoodsDetail.jsp?i_code=15564028,2026-10-06
B1409CVA,,,15564030,【ASUS 華碩】14吋Core 7商用筆電(B1409CVA/Core 7 150U/16G/512G SSD/W11P),30999,True,False,False,False,https://www.momoshop.com.tw/goods/GoodsDetail.jsp?i_code=15564030,2026-10-06
B1409CVA,,,15699837,【ASUS 華碩】包鼠組★14吋 Core5 商用筆電(B1409CVA/Core5-120U/16G/512G SSD/W11P),27499,True,True,False,False,https://www.momoshop.com.tw/goods/GoodsDetail.jsp?i_code=15699837,2026-10-06
B1409CVA,,,15723115,【ASUS 華碩】滑鼠組★14吋Core 7商用筆電(B1409CVA/Core 7 150U/16G/512G SSD/W11P),30999,True,True,False,False,https://www.momoshop.com.tw/goods/GoodsDetail.jsp?i_code=15723115,2026-10-06
B1409CVA,,,15722316,【ASUS 華碩】包鼠組★14吋Core 7商用筆電(B1409CVA/Core 7 150U/16G/512G SSD/W11P),30999,True,True,False,False,https://www.momoshop.com.tw/goods/GoodsDetail.jsp?i_code=15722316,2026-10-06
B1409CVA,,,15699821,【ASUS 華碩】Office2024組★14吋 Core5 商用筆電(B1409CVA/Core5-120U/16G/512G SSD/W11P),29999,True,True,False,False,https://www.momoshop.com.tw/goods/GoodsDetail.jsp?i_code=15699821,2026-10-06
B1409CVA,,,15727301,【ASUS 華碩】Office2024組★14吋Core 7商用筆電(B1409CVA/Core 7 150U/16G/512G SSD/W11P),33999,True,True,False,False,https://www.momoshop.com.tw/goods/GoodsDetail.jsp?i_code=15727301,2026-10-06
B1409CVA,,,15726921,【ASUS 華碩】微軟M365組★14吋Core 7商用筆電(B1409CVA/Core 7 150U/16G/512G SSD/W11P),31999,True,True,False,False,https://www.momoshop.com.tw/goods/GoodsDetail.jsp?i_code=15726921,2026-10-06
B1409CVA,,,14750587,【ASUS 華碩】特仕款 14吋Core 7商務筆電(Expertbook B1409CVA/C7-150U/16G+16G/512G+500G/W11P),45900,True,False,True,False,https://www.momoshop.com.tw/goods/GoodsDetail.jsp?i_code=14750587,2026-10-06
B1409CVA,,,14003661,【ASUS 華碩】特仕款 14吋Core5商務筆電(Expertbook B1409CVA/C5-120U/16G/512G+500G/W11P),36900,True,False,True,False,https://www.momoshop.com.tw/goods/GoodsDetail.jsp?i_code=14003661,2026-10-06
B1409CVA,,,15699815,【ASUS 華碩】微軟M365組★14吋 Core5 商用筆電(B1409CVA/Core5-120U/16G/512G SSD/W11P),27999,True,True,False,False,https://www.momoshop.com.tw/goods/GoodsDetail.jsp?i_code=15699815,2026-10-06
B1409CVA,,,15699840,【ASUS 華碩】65W手機充電頭★14吋 Core5 商用筆電(B1409CVA/Core5-120U/16G/512G SSD/W11P),27499,True,True,False,False,https://www.momoshop.com.tw/goods/GoodsDetail.jsp?i_code=15699840,2026-10-06
B1409CVA,,,15699839,【ASUS 華碩】滑鼠組★14吋 Core5 商用筆電(B1409CVA/Core5-120U/16G/512G SSD/W11P),27499,True,True,False,False,https://www.momoshop.com.tw/goods/GoodsDetail.jsp?i_code=15699839,2026-10-06
B1409CVA,,,TP00064080000094,【ASUS 華碩】特仕款 14吋 Core 5 輕薄商務筆電 B1409CVA (C5-120U/16GB+16GB/升1TB/W11P),53990,False,False,True,False,https://www.momoshop.com.tw/TP/TP0006408/goodsDetail/TP00064080000094,2026-10-06
B1409CVA,,,TP00064080000206,【ASUS 華碩】特仕款 14吋 Core 7 輕薄商務筆電 B1409CVA (C7-150U/16G+8G/512G/W11P),44990,False,False,True,False,https://www.momoshop.com.tw/TP/TP0006408/goodsDetail/TP00064080000206,2026-10-06
B1409CVA,,,TP00064080000207,【ASUS 華碩】特仕款 14吋 Coer 7 輕薄商務筆電 B1409CVA (C7-150U/16G+16G/512G/W11P),48990,False,False,True,False,https://www.momoshop.com.tw/TP/TP0006408/goodsDetail/TP00064080000207,2026-10-06
B1409CVA,,,TP00064080000208,【ASUS 華碩】特仕款 14吋 Core 7 輕薄商務筆電 B1409CVA (C7-150U/16G+32G/512G/W11P),54990,False,False,True,False,https://www.momoshop.com.tw/TP/TP0006408/goodsDetail/TP00064080000208,2026-10-06
B1409CVA,,,TP00064080000209,【ASUS 華碩】特仕款 14吋 Core 7 輕薄商務筆電 B1409CVA (C7-150U/16G+8G/512Gx2/W11P),48990,False,False,True,False,https://www.momoshop.com.tw/TP/TP0006408/goodsDetail/TP00064080000209,2026-10-06
B1409CVA,,,TP00064080000210,【ASUS 華碩】特仕款 14吋 Core 7 輕薄商務筆電 B1409CVA (C7-150U/16G+16G/512Gx2/W11P),53990,False,False,True,False,https://www.momoshop.com.tw/TP/TP0006408/goodsDetail/TP00064080000210,2026-10-06
B1409CVA,,,TP00064080000211,【ASUS 華碩】特仕款 14吋 Core 7 輕薄商務筆電 B1409CVA (C7-150U/16G+32G/512Gx2/W11P),59990,False,False,True,False,https://www.momoshop.com.tw/TP/TP0006408/goodsDetail/TP00064080000211,2026-10-06
B1409CVA,,,TP00064080000212,【ASUS 華碩】特仕款 14吋 Core 7 輕薄商務筆電 B1409CVA(C7-150U/16G+8G/512G+1TB/W11P),52990,False,False,True,False,https://www.momoshop.com.tw/TP/TP0006408/goodsDetail/TP00064080000212,2026-10-06
B1409CVA,,,TP00064080000213,【ASUS 華碩】特仕款 14吋 Core 7 輕薄商務筆電 B1409CVA (C7-150U/16Gx2/512G+1TB/W11P),57990,False,False,True,False,https://www.momoshop.com.tw/TP/TP0006408/goodsDetail/TP00064080000213,2026-10-06
B1409CVA,,,TP00064080000214,【ASUS 華碩】特仕款 14吋Core 7 輕薄商務筆電 B1409CVA(C7-150U/16G+32G/512G+1TB/W11P),63990,False,False,True,False,https://www.momoshop.com.tw/TP/TP0006408/goodsDetail/TP00064080000214,2026-10-06
B1409CVA,,,TP00064080000215,【ASUS 華碩】特仕款 14吋 Core 7 商務筆電 B1409CVA (C7-150U/16G+8G/512G+2TB/W11P),57990,False,False,True,False,https://www.momoshop.com.tw/TP/TP0006408/goodsDetail/TP00064080000215,2026-10-06
B1409CVA,,,TP00064080000216,【ASUS 華碩】特仕款 14吋 Core 7 輕薄商務筆電 B1409CVA (C7-150U/16Gx2/512G+2TB/W11P),62990,False,False,True,False,https://www.momoshop.com.tw/TP/TP0006408/goodsDetail/TP00064080000216,2026-10-06
B1409CVA,,,TP00064080000217,【ASUS 華碩】特仕款  Core 7 輕薄商務筆電 B1409CVA (C7-150U/16G+32G/512G+2TB/W11P),68990,False,False,True,False,https://www.momoshop.com.tw/TP/TP0006408/goodsDetail/TP00064080000217,2026-10-06
B1409CVA,,,TP00064080000968,【ASUS 華碩】特仕款 14吋 Core 7 輕薄商務筆電 B1409CVA (C7-150U/16GB/512G+512G/W11P),43990,False,False,True,False,https://www.momoshop.com.tw/TP/TP0006408/goodsDetail/TP00064080000968,2026-10-06
B1409CVA,,,TP00064080000969,【ASUS 華碩】特仕款 14吋 Core 7 輕薄商務筆電 B1409CVA (C7-150U/16GB/512G+1TB/W11P),46990,False,False,True,False,https://www.momoshop.com.tw/TP/TP0006408/goodsDetail/TP00064080000969,2026-10-06
B1409CVA,,,TP00064080000970,【ASUS 華碩】特仕款 14吋 Core 7 輕薄商務筆電 B1409CVA (C7-150U/16GB/512G+2TB/W11P),52990,False,False,True,False,https://www.momoshop.com.tw/TP/TP0006408/goodsDetail/TP00064080000970,2026-10-06
B1409CVA,,,TP00064080001160,【ASUS 華碩】特仕款 14吋 Core 5 輕薄商務筆電 B1409CVA (C5-120U/16GB+8GB/512GB/W11P),40990,False,False,True,False,https://www.momoshop.com.tw/TP/TP0006408/goodsDetail/TP00064080001160,2026-10-06
B1409CVA,,,TP00064080001161,【ASUS 華碩】特仕款 14吋 Core 5 輕薄商務筆電 B1409CVA (C5-120U/16G+16G/512GB/W11P),45990,False,False,True,False,https://www.momoshop.com.tw/TP/TP0006408/goodsDetail/TP00064080001161,2026-10-06
B1409CVA,,,TP00064080001162,【ASUS 華碩】特仕款 14吋 Core 5 輕薄商務筆電 B1409CVA (C5-120U/16G+32G/512GB/W11P),51990,False,False,True,False,https://www.momoshop.com.tw/TP/TP0006408/goodsDetail/TP00064080001162,2026-10-06
B1409CVA,,,TP00064080001163,【ASUS 華碩】特仕款 14吋 Core 5 輕薄商務筆電 B1409CVA (C5-120U/32G+32G/512GB/W11P),68990,False,False,True,False,https://www.momoshop.com.tw/TP/TP0006408/goodsDetail/TP00064080001163,2026-10-06
B1409CVA,,,TP00064080001166,【ASUS 華碩】特仕款 14吋 Core 5 輕薄商務筆電 B1409CVA (C5-120U/16+8G/512+512G/W11P),45990,False,False,True,False,https://www.momoshop.com.tw/TP/TP0006408/goodsDetail/TP00064080001166,2026-10-06
B1409CVA,,,TP00064080001167,【ASUS 華碩】特仕款 14吋 Core 5 輕薄商務筆電 B1409CVA(C5-120U/16+16G/512+512G/W11P),50990,False,False,True,False,https://www.momoshop.com.tw/TP/TP0006408/goodsDetail/TP00064080001167,2026-10-06
B1409CVA,,,TP00064080001168,【ASUS 華碩】特仕款 14吋 Core 5 輕薄商務筆電 B1409CVA(C5-120U/16+32G/512+512G/W11P),56990,False,False,True,False,https://www.momoshop.com.tw/TP/TP0006408/goodsDetail/TP00064080001168,2026-10-06
B1409CVA,,,TP00064080001169,【ASUS 華碩】特仕款 14吋 Core 5 輕薄商務筆電 B1409CVA(C5-120U/32+32G/512+512G/W11P),73990,False,False,True,False,https://www.momoshop.com.tw/TP/TP0006408/goodsDetail/TP00064080001169,2026-10-06
B1409CVA,,,TP00064080001170,【ASUS 華碩】特仕款 14吋 Core 5 輕薄商務筆電 B1409CVA (C5-120U/16+8G/512G+1TB/W11P),49990,False,False,True,False,https://www.momoshop.com.tw/TP/TP0006408/goodsDetail/TP00064080001170,2026-10-06
B1409CVA,,,TP00064080001171,【ASUS 華碩】特仕款 14吋 Core 5 輕薄商務筆電 B1409CVA (C5-120U/16+16G/512G+1T/W11P),54990,False,False,True,False,https://www.momoshop.com.tw/TP/TP0006408/goodsDetail/TP00064080001171,2026-10-06
B1409CVA,,,TP00064080001172,【ASUS 華碩】特仕款 14吋 Core 5 輕薄商務筆電 B1409CVA (C5-120U/16+32G/512G+1T/W11P),60990,False,False,True,False,https://www.momoshop.com.tw/TP/TP0006408/goodsDetail/TP00064080001172,2026-10-06
B1409CVA,,,TP00064080001173,【ASUS 華碩】特仕款 14吋 Core 5 輕薄商務筆電 B1409CVA (C5-120U/32+32G/512G+1T/W11P),77990,False,False,True,False,https://www.momoshop.com.tw/TP/TP0006408/goodsDetail/TP00064080001173,2026-10-06
B1409CVA,,,TP00064080001174,【ASUS 華碩】特仕款 14吋 Core 5 輕薄商務筆電 B1409CVA (C5-120U/16+8G/512G+2TB/W11P),54990,False,False,True,False,https://www.momoshop.com.tw/TP/TP0006408/goodsDetail/TP00064080001174,2026-10-06
B1409CVA,,,TP00064080001175,【ASUS 華碩】特仕款 14吋 Core 5 輕薄商務筆電 B1409CVA (C5-120U/16+16G/512G+2T/W11P),59990,False,False,True,False,https://www.momoshop.com.tw/TP/TP0006408/goodsDetail/TP00064080001175,2026-10-06
B1409CVA,,,TP00064080001176,【ASUS 華碩】特仕款 14吋 Core 5 輕薄商務筆電 B1409CVA (C5-120U/16+32G/512G+2T/W11P),65990,False,False,True,False,https://www.momoshop.com.tw/TP/TP0006408/goodsDetail/TP00064080001176,2026-10-06
B1409CVA,,,TP00064080001177,【ASUS 華碩】特仕款 14吋 Core 5 輕薄商務筆電 B1409CVA (C5-120U/32+32G/512G+2T/W11P),82990,False,False,True,False,https://www.momoshop.com.tw/TP/TP0006408/goodsDetail/TP00064080001177,2026-10-06
B1409CVA,,,TP00064080001178,【ASUS 華碩】特仕款 14吋 Core 5 輕薄商務筆電 B1409CVA(C5-120U/16GB/512G+512G/W11P),39990,False,False,True,False,https://www.momoshop.com.tw/TP/TP0006408/goodsDetail/TP00064080001178,2026-10-06
B1409CVA,,,TP00064080001179,【ASUS 華碩】特仕款 14吋 Core 5 輕薄商務筆電 B1409CVA (C5-120U/16GB/512G+1TB/W11P),43990,False,False,True,False,https://www.momoshop.com.tw/TP/TP0006408/goodsDetail/TP00064080001179,2026-10-06
B1409CVA,,,TP00064080001180,【ASUS 華碩】特仕款 14吋 Core 5 輕薄商務筆電 B1409CVA (C5-120U/16GB/512G+2TB/W11P),48990,False,False,True,False,https://www.momoshop.com.tw/TP/TP0006408/goodsDetail/TP00064080001180,2026-10-06
B1409CVA,,,TP00064080001181,【ASUS 華碩】特仕款 14吋 Core 5 輕薄商務筆電 B1409CVA (C5-120U/16GB/升1TB/W11P),42990,False,False,True,False,https://www.momoshop.com.tw/TP/TP0006408/goodsDetail/TP00064080001181,2026-10-06
B1409CVA,,,TP00064080001182,【ASUS 華碩】特仕款 14吋 Core 5 輕薄商務筆電 B1409CVA (C5-120U/16GB/升2TB/W11P),47990,False,False,True,False,https://www.momoshop.com.tw/TP/TP0006408/goodsDetail/TP00064080001182,2026-10-06
B1409CVA,,,TP00064080001183,【ASUS 華碩】特仕款 14吋 Core 5 輕薄商務筆電 B1409CVA (C5-120U/16GB/升4TB/W11P),55990,False,False,True,False,https://www.momoshop.com.tw/TP/TP0006408/goodsDetail/TP00064080001183,2026-10-06
B1409CVA,,,TP00064080001184,【ASUS 華碩】特仕款 14吋 Core 5 輕薄商務筆電 B1409CVA (C5-120U/16GB+8GB/升1TB/W11P),48990,False,False,True,False,https://www.momoshop.com.tw/TP/TP0006408/goodsDetail/TP00064080001184,2026-10-06
B1409CVA,,,TP00064080001185,【ASUS 華碩】特仕款 14吋 Core 5 輕薄商務筆電 B1409CVA (C5-120U/16GB+8GB/升2TB/W11P),53990,False,False,True,False,https://www.momoshop.com.tw/TP/TP0006408/goodsDetail/TP00064080001185,2026-10-06
B1409CVA,,,TP00064080001186,【ASUS 華碩】特仕款 14吋 Core 5 輕薄商務筆電 B1409CVA (C5-120U/16GB+8GB/升4TB/W11P),61990,False,False,True,False,https://www.momoshop.com.tw/TP/TP0006408/goodsDetail/TP00064080001186,2026-10-06
B1409CVA,,,TP00064080001187,【ASUS 華碩】特仕款 14吋 Core 5 輕薄商務筆電 B1409CVA (C5-120U/16GB+16GB/升2TB/W11P),58990,False,False,True,False,https://www.momoshop.com.tw/TP/TP0006408/goodsDetail/TP00064080001187,2026-10-06
B1409CVA,,,TP00064080001188,【ASUS 華碩】特仕款 14吋 Core 5 輕薄商務筆電 B1409CVA (C5-120U/16GB+16GB/升4TB/W11P),66990,False,False,True,False,https://www.momoshop.com.tw/TP/TP0006408/goodsDetail/TP00064080001188,2026-10-06
B1409CVA,,,TP00064080001189,【ASUS 華碩】特仕款 14吋 Core 5 輕薄商務筆電 B1409CVA (C5-120U/16GB+32GB/升1TB/W11P),59990,False,False,True,False,https://www.momoshop.com.tw/TP/TP0006408/goodsDetail/TP00064080001189,2026-10-06
B1409CVA,,,TP00064080001190,【ASUS 華碩】特仕款 14吋 Core 5 輕薄商務筆電 B1409CVA (C5-120U/16GB+32GB/升2TB/W11P),64990,False,False,True,False,https://www.momoshop.com.tw/TP/TP0006408/goodsDetail/TP00064080001190,2026-10-06
B1409CVA,,,TP00064080001191,【ASUS 華碩】特仕款 14吋 Core 5 輕薄商務筆電 B1409CVA (C5-120U/16GB+32GB/升4TB/W11P),72990,False,False,True,False,https://www.momoshop.com.tw/TP/TP0006408/goodsDetail/TP00064080001191,2026-10-06
B1409CVA,,,TP00064080001192,【ASUS 華碩】特仕款 14吋 Core 5 輕薄商務筆電 B1409CVA (C5-120U/32GB+32GB/升1TB/W11P),76990,False,False,True,False,https://www.momoshop.com.tw/TP/TP0006408/goodsDetail/TP00064080001192,2026-10-06
B1409CVA,,,TP00064080001193,【ASUS 華碩】特仕款 14吋 Core 5 輕薄商務筆電 B1409CVA (C5-120U/32GB+32GB/升2TB/W11P),81990,False,False,True,False,https://www.momoshop.com.tw/TP/TP0006408/goodsDetail/TP00064080001193,2026-10-06
B1409CVA,,,TP00064080001194,【ASUS 華碩】特仕款 14吋 Core 5 輕薄商務筆電 B1409CVA (C5-120U/32GB+32GB/升4TB/W11P),89990,False,False,True,False,https://www.momoshop.com.tw/TP/TP0006408/goodsDetail/TP00064080001194,2026-10-06
B1409CVA,,,TP00064080001378,【ASUS 華碩】特仕款 14吋 Core 7 輕薄商務筆電 B1409CVA (C7-150U/16GB/1TB/W11P),46990,False,False,True,False,https://www.momoshop.com.tw/TP/TP0006408/goodsDetail/TP00064080001378,2026-10-06
B1409CVA,,,TP00064080001379,【ASUS 華碩】特仕款 14吋 Core 7 輕薄商務筆電 B1409CVA (C7-150U/16GB/2TB/W11P),50990,False,False,True,False,https://www.momoshop.com.tw/TP/TP0006408/goodsDetail/TP00064080001379,2026-10-06
B1409CVA,,,TP00064080001380,【ASUS 華碩】特仕款 14吋 Coer 7 輕薄商務筆電 B1409CVA (C7-150U/32G+32G/512G/W11P),71990,False,False,True,False,https://www.momoshop.com.tw/TP/TP0006408/goodsDetail/TP00064080001380,2026-10-06
B1409CVA,,,TP00064080001381,【ASUS 華碩】特仕款 14吋 Core 7 輕薄商務筆電 B1409CVA (C7-150U/32G+32G/512Gx2/W11P),76990,False,False,True,False,https://www.momoshop.com.tw/TP/TP0006408/goodsDetail/TP00064080001381,2026-10-06
B1409CVA,,,TP00064080001382,【ASUS 華碩】特仕款 14吋 Core 7 輕薄商務筆電 B1409CVA(C7-150U/32+32G/512G+1TB/W11P),80990,False,False,True,False,https://www.momoshop.com.tw/TP/TP0006408/goodsDetail/TP00064080001382,2026-10-06
B1409CVA,,,TP00064080001383,【ASUS 華碩】特仕款 14吋 Core 7 輕薄商務筆電 B1409CVA(C7-150U/32+32G/512G+2TB/W11P),85990,False,False,True,False,https://www.momoshop.com.tw/TP/TP0006408/goodsDetail/TP00064080001383,2026-10-06
B1409CVA,,,TP00064080001384,【ASUS 華碩】特仕款 14吋 Core 7 輕薄商務筆電 B1409CVA (C7-150U/16GB/4TB/W11P),59990,False,False,True,False,https://www.momoshop.com.tw/TP/TP0006408/goodsDetail/TP00064080001384,2026-10-06
B1409CVA,,,TP00064080001385,【ASUS 華碩】特仕款 14吋 Core 7 輕薄商務筆電 B1409CVA (C7-150U/16G+8G/2TB/W11P),56990,False,False,True,False,https://www.momoshop.com.tw/TP/TP0006408/goodsDetail/TP00064080001385,2026-10-06
B1409CVA,,,TP00064080001386,【ASUS 華碩】特仕款 14吋 Core 7 輕薄商務筆電 B1409CVA (C7-150U/16G+8G/1TB/W11P),51990,False,False,True,False,https://www.momoshop.com.tw/TP/TP0006408/goodsDetail/TP00064080001386,2026-10-06
B1409CVA,,,TP00064080001387,【ASUS 華碩】特仕款 14吋 Core 7 輕薄商務筆電 B1409CVA (C7-150U/16G+8G/4TB/W11P),64990,False,False,True,False,https://www.momoshop.com.tw/TP/TP0006408/goodsDetail/TP00064080001387,2026-10-06
B1409CVA,,,TP00064080001388,【ASUS 華碩】特仕款 14吋 Core 7 輕薄商務筆電 B1409CVA (C7-150U/16G+16G/1TB/W11P),56990,False,False,True,False,https://www.momoshop.com.tw/TP/TP0006408/goodsDetail/TP00064080001388,2026-10-06
B1409CVA,,,TP00064080001389,【ASUS 華碩】特仕款 14吋 Core 7 輕薄商務筆電 B1409CVA (C7-150U/16G+16G/2TB/W11P),61990,False,False,True,False,https://www.momoshop.com.tw/TP/TP0006408/goodsDetail/TP00064080001389,2026-10-06
B1409CVA,,,TP00064080001390,【ASUS 華碩】特仕款 14吋 Core 7 輕薄商務筆電 B1409CVA (C7-150U/16G+16G/4TB/W11P),69990,False,False,True,False,https://www.momoshop.com.tw/TP/TP0006408/goodsDetail/TP00064080001390,2026-10-06
B1409CVA,,,TP00064080001391,【ASUS 華碩】特仕款 14吋 Core 7 輕薄商務筆電 B1409CVA (C7-150U/16G+32G/1TB/W11P),62990,False,False,True,False,https://www.momoshop.com.tw/TP/TP0006408/goodsDetail/TP00064080001391,2026-10-06
B1409CVA,,,TP00064080001392,【ASUS 華碩】特仕款 14吋 Core 7 輕薄商務筆電 B1409CVA (C7-150U/16G+32G/2TB/W11P),67990,False,False,True,False,https://www.momoshop.com.tw/TP/TP0006408/goodsDetail/TP00064080001392,2026-10-06
B1409CVA,,,TP00064080001393,【ASUS 華碩】特仕款 14吋 Core 7 輕薄商務筆電 B1409CVA (C7-150U/16G+32G/4TB/W11P),75990,False,False,True,False,https://www.momoshop.com.tw/TP/TP0006408/goodsDetail/TP00064080001393,2026-10-06
B1409CVA,,,TP00064080001394,【ASUS 華碩】特仕款 14吋 Core 7 輕薄商務筆電 B1409CVA (C7-150U/32G+32G/1TB/W11P),79990,False,False,True,False,https://www.momoshop.com.tw/TP/TP0006408/goodsDetail/TP00064080001394,2026-10-06
B1409CVA,,,TP00064080001395,【ASUS 華碩】特仕款 14吋 Core 7 輕薄商務筆電 B1409CVA (C7-150U/32G+32G/2TB/W11P),84990,False,False,True,False,https://www.momoshop.com.tw/TP/TP0006408/goodsDetail/TP00064080001395,2026-10-06
B1409CVA,,,TP00064080001396,【ASUS 華碩】特仕款 14吋 Core 7 輕薄商務筆電 B1409CVA (C7-150U/32G+32G/4TB/W11P),92990,False,False,True,False,https://www.momoshop.com.tw/TP/TP0006408/goodsDetail/TP00064080001396,2026-10-06
B1502CVA,,,12704460,【ASUS 華碩】特仕款 15.6吋i7 商用筆電(Expertbook B1502CVA/B1508/i7-1355U/16G/2TB SSD/W11P),44990,True,False,True,False,https://www.momoshop.com.tw/goods/GoodsDetail.jsp?i_code=12704460,2026-10-06
B1502CVA,,,12704456,【ASUS 華碩】特仕款 15.6吋輕薄商用筆電(Expertbook B1502CVA/B1508/i7-1355U/16G/1TB SSD/W11P),40990,True,False,True,False,https://www.momoshop.com.tw/goods/GoodsDetail.jsp?i_code=12704456,2026-10-06
B1502CVA,,,12704471,【ASUS 華碩】特仕款 15.6吋輕薄商用筆電(Expertbook B1502CVA/B1508/i5-1335U/16G/1TB SSD/W11P),37990,True,False,True,False,https://www.momoshop.com.tw/goods/GoodsDetail.jsp?i_code=12704471,2026-10-06
B1502CVA,,,12704461,【ASUS 華碩】特仕款 15.6吋輕薄商用筆電(Expertbook B1502CVA/B1508/i5-1335U/16G/2TB SSD/W11P),41990,True,False,True,False,https://www.momoshop.com.tw/goods/GoodsDetail.jsp?i_code=12704461,2026-10-06
B1502CVA,,,12704462,【ASUS 華碩】特仕款 15.6吋輕薄商用筆電(Expertbook B1502CVA/B1508/i5-1335U/16G+16G/512G/W11P),40990,True,False,True,False,https://www.momoshop.com.tw/goods/GoodsDetail.jsp?i_code=12704462,2026-10-06
B1503CVA,,,15345556,【ASUS 華碩】15.6吋Core 7商用筆電(B1503CVA/Core 7 240H/16G/1TB SSD/W11P),48900,True,False,False,False,https://www.momoshop.com.tw/goods/GoodsDetail.jsp?i_code=15345556,2026-10-06
B1503CVA,,,15249223,【ASUS 華碩】15.6吋Core 7商用筆電(B1503CVA-1701A240H/Core 7-240H/16G/1TB SSD/W11P),48900,True,False,False,False,https://www.momoshop.com.tw/goods/GoodsDetail.jsp?i_code=15249223,2026-10-06
B1503CVA,,,15249227,【ASUS 華碩】15.6吋Core 5商用筆電(B1503CVA-1711A210H/Core 5-210H/16G/1TB SSD/W11P),44900,True,False,False,False,https://www.momoshop.com.tw/goods/GoodsDetail.jsp?i_code=15249227,2026-10-06
B1503CVA,,,15011996,【ASUS 華碩】15.6吋Core 5商用筆電(B1503CVA-1421A210H/Core 5-210H/16G/1TB SSD/W11P),44900,True,False,False,False,https://www.momoshop.com.tw/goods/GoodsDetail.jsp?i_code=15011996,2026-10-06
B1503CVA,,,15043912,【ASUS 華碩】15.6吋Core 5商用筆電(B1503CVA/Core 5 210H/16G/1TB SSD/W11P),44900,True,False,False,False,https://www.momoshop.com.tw/goods/GoodsDetail.jsp?i_code=15043912,2026-10-06
B1508CV,,,12704459,【ASUS 華碩】特仕款 15.6吋i7 商用筆電(Expertbook B1502CV/B1508CV/i7-1355U/16G+16G/512G/W11P),43990,True,False,True,False,https://www.momoshop.com.tw/goods/GoodsDetail.jsp?i_code=12704459,2026-10-06
B1508CV,,,12722864,【ASUS 華碩】特仕款 15.6吋輕薄商用筆電(Expertbook B1508CV/i7-1355U/16G+16G/512G SSD/W11P),46990,True,False,True,False,https://www.momoshop.com.tw/goods/GoodsDetail.jsp?i_code=12722864,2026-10-06
B1508CV,,,12704618,【ASUS 華碩】特仕款 15.6吋輕薄商用筆電(Expertbook B1508CV/i5-1335U/16G+16G/512G SSD/W11P),42990,True,False,True,False,https://www.momoshop.com.tw/goods/GoodsDetail.jsp?i_code=12704618,2026-10-06
B1508CV,,,12704616,【ASUS 華碩】特仕款 15.6吋輕薄商用筆電(Expertbook B1508CV/i5-1335U/16G/2TB SSD/W11P),43990,True,False,True,False,https://www.momoshop.com.tw/goods/GoodsDetail.jsp?i_code=12704616,2026-10-06
B1508CV,,,12722865,【ASUS 華碩】特仕款 15.6吋輕薄商用筆電(Expertbook B1508CV/i7-1355U/16G/1TB SSD/W11P),44990,True,False,True,False,https://www.momoshop.com.tw/goods/GoodsDetail.jsp?i_code=12722865,2026-10-06
B1508CV,,,12704617,【ASUS 華碩】特仕款 15.6吋輕薄商用筆電(Expertbook B1508CV/i7-1355U/16G/2TB SSD/W11P),47990,True,False,True,False,https://www.momoshop.com.tw/goods/GoodsDetail.jsp?i_code=12704617,2026-10-06
B1508CV,,,12722868,【ASUS 華碩】特仕款 15.6吋輕薄商用筆電(Expertbook B1508CV/i5-1335U/16G/1TB SSD/W11P),40990,True,False,True,False,https://www.momoshop.com.tw/goods/GoodsDetail.jsp?i_code=12722868,2026-10-06
B1509CVA,,,14402107,【ASUS 華碩】特仕款 15.6吋Core7商用筆電(Expertbook B1509CVA/C7-150U/16G/512G+512G/W11P),39900,True,False,True,False,https://www.momoshop.com.tw/goods/GoodsDetail.jsp?i_code=14402107,2026-10-06
B1509CVA,,,14750586,【ASUS 華碩】特仕款 15吋Core 7商務筆電(Expertbook B1509CVA/C7-150U/16G+16G/512G+500G/W11P),49900,True,False,True,False,https://www.momoshop.com.tw/goods/GoodsDetail.jsp?i_code=14750586,2026-10-06
B1509CVA,,,13748110,【ASUS 華碩】特仕版 15吋Core 5商務筆電(Expertbook B1509CVA/Core 5 120U/16G+16G/1TB/W11P),45900,True,False,True,False,https://www.momoshop.com.tw/goods/GoodsDetail.jsp?i_code=13748110,2026-10-06
B1509CVA,,,13964976,【ASUS 華碩】特仕款 15吋Core 5商務筆電(Expertbook B1509CVA/Core 5-120U/16G+16G/1TB/W11P),45990,True,False,True,False,https://www.momoshop.com.tw/goods/GoodsDetail.jsp?i_code=13964976,2026-10-06
B1509CVA,,,14066308,【ASUS 華碩】特仕款 15吋Core 5商務筆電(Expertbook B1509CVA/C5-120U/16G+16G/2TB/W11P),51990,True,False,True,False,https://www.momoshop.com.tw/goods/GoodsDetail.jsp?i_code=14066308,2026-10-06
B1509CVA,,,12810418,【ASUS 華碩】特仕版 15吋Core7商務筆電(B1509CVA/Core 7-150U/16GB/512G+500G/W11P),38990,True,False,True,False,https://www.momoshop.com.tw/goods/GoodsDetail.jsp?i_code=12810418,2026-10-06
B1509CVA,,,12810420,【ASUS 華碩】特仕版 15吋Core7商務筆電(B1509CVA/C7-150U/16GB/2TB PCIe/W11P),45990,True,False,True,False,https://www.momoshop.com.tw/goods/GoodsDetail.jsp?i_code=12810420,2026-10-06
B1509CVA,,,TP00064080001145,【ASUS 華碩】特仕款 15吋 Core 7 效能商務筆電 (B1509CVA/C7-150U/16G+8G/升1TB/Win11P),47990,False,False,True,False,https://www.momoshop.com.tw/TP/TP0006408/goodsDetail/TP00064080001145,2026-10-06
B1509CVA,,,TP00064080001096,【ASUS 華碩】特仕款 15吋 Core 5 效能商務筆電 (B1509CVA/C5-120U/16G+8G/512GB/W11P),37990,False,False,True,False,https://www.momoshop.com.tw/TP/TP0006408/goodsDetail/TP00064080001096,2026-10-06
B1509CVA,,,TP00064080000085,【ASUS 華碩】特仕款 15吋 Core 5 效能商務筆電 (B1509CVA/C5-120U/16G+32G/1TB/W11P),56990,False,False,True,False,https://www.momoshop.com.tw/TP/TP0006408/goodsDetail/TP00064080000085,2026-10-06
B1509CVA,,,TP00064080000086,【ASUS 華碩】特仕款 15吋Core 5 效能商務筆電 (B1509CVA/C5-120U/16G+32G/2TB/W11P),61990,False,False,True,False,https://www.momoshop.com.tw/TP/TP0006408/goodsDetail/TP00064080000086,2026-10-06
B1509CVA,,,TP00064080000193,【ASUS 華碩】特仕款 15吋 Core 7 效能商務筆電 (B1509CVA/C7-150U/16G+8G/512GB/W11P),39990,False,False,True,False,https://www.momoshop.com.tw/TP/TP0006408/goodsDetail/TP00064080000193,2026-10-06
B1509CVA,,,TP00064080000194,【ASUS 華碩】特仕款 15吋 Core 7 效能商務筆電 (B1509CVA/C7-150U/16G+16G/512GB/W11P),44990,False,False,True,False,https://www.momoshop.com.tw/TP/TP0006408/goodsDetail/TP00064080000194,2026-10-06
B1509CVA,,,TP00064080000195,【ASUS 華碩】特仕款 15吋 Core 7 效能商務筆電 (B1509CVA/C7-150U/16G+32G/512GB/W11P),50990,False,False,True,False,https://www.momoshop.com.tw/TP/TP0006408/goodsDetail/TP00064080000195,2026-10-06
B1509CVA,,,TP00064080000196,【ASUS 華碩】特仕款 15吋 Core 7 效能商務筆電(B1509CVA/C7-150U/16+8G/512G+500G/W11P),44990,False,False,True,False,https://www.momoshop.com.tw/TP/TP0006408/goodsDetail/TP00064080000196,2026-10-06
B1509CVA,,,TP00064080000197,【ASUS 華碩】特仕款 15吋 Core 7 效能商務筆電(B1509CVA/C7-150U/16+16G/512+500G/W11P),49990,False,False,True,False,https://www.momoshop.com.tw/TP/TP0006408/goodsDetail/TP00064080000197,2026-10-06
B1509CVA,,,TP00064080000198,【ASUS 華碩】特仕款 15吋 Core 7 商務筆電(B1509CVA/C7-150U/16G+32G/512G+500G/W11P),55990,False,False,True,False,https://www.momoshop.com.tw/TP/TP0006408/goodsDetail/TP00064080000198,2026-10-06
B1509CVA,,,TP00064080000199,【ASUS 華碩】特仕款 15吋 Core 7 效能商務筆電(B1509CVA/C7-150U/16G+8G/512G+1TB/W11P),48990,False,False,True,False,https://www.momoshop.com.tw/TP/TP0006408/goodsDetail/TP00064080000199,2026-10-06
B1509CVA,,,TP00064080000200,【ASUS 華碩】特仕款 15吋 Core 7 效能商務筆電(B1509CVA/C7-150U/16+16G/512G+1TB/W11P),53990,False,False,True,False,https://www.momoshop.com.tw/TP/TP0006408/goodsDetail/TP00064080000200,2026-10-06
B1509CVA,,,TP00064080000201,【ASUS 華碩】特仕款 15吋 Core 7 效能商務筆電(B1509CVA/C7-150U/16G+32G/512G+1T/W11P),59990,False,False,True,False,https://www.momoshop.com.tw/TP/TP0006408/goodsDetail/TP00064080000201,2026-10-06
B1509CVA,,,TP00064080000202,【ASUS 華碩】特仕款 15吋 Core 7 效能商務筆電 (B1509CVA/C7-150U/16G+8G/512G+2T/W11P),53990,False,False,True,False,https://www.momoshop.com.tw/TP/TP0006408/goodsDetail/TP00064080000202,2026-10-06
B1509CVA,,,TP00064080000203,【ASUS 華碩】特仕款 15吋 Core 7 效能商務筆電(B1509CVA/C7-150U/16+16G/512G+2TB/W11P),57990,False,False,True,False,https://www.momoshop.com.tw/TP/TP0006408/goodsDetail/TP00064080000203,2026-10-06
B1509CVA,,,TP00064080000204,【ASUS 華碩】特仕款 15吋 Core 7 效能商務筆電(B1509CVA/C7-150U/16+32G/512G+2TB/W11P),64990,False,False,True,False,https://www.momoshop.com.tw/TP/TP0006408/goodsDetail/TP00064080000204,2026-10-06
B1509CVA,,,TP00064080001065,【ASUS 華碩】特仕款 15吋 Core 7 效能商務筆電 (B1509CVA/C7-150U/16GB/512GB+1TB/W11P),42990,False,False,True,False,https://www.momoshop.com.tw/TP/TP0006408/goodsDetail/TP00064080001065,2026-10-06
B1509CVA,,,TP00064080001098,【ASUS 華碩】特仕款 15吋 Core 5 效能商務筆電 (B1509CVA/C5-120U/16G+32G/512GB/W11P),48990,False,False,True,False,https://www.momoshop.com.tw/TP/TP0006408/goodsDetail/TP00064080001098,2026-10-06
B1509CVA,,,TP00064080001099,【ASUS 華碩】特仕款 15吋 Core 5 效能商務筆電 (B1509CVA/C5-120U/16G+16G/512GB/W11P),42990,False,False,True,False,https://www.momoshop.com.tw/TP/TP0006408/goodsDetail/TP00064080001099,2026-10-06
B1509CVA,,,TP00064080001100,【ASUS 華碩】特仕款 15吋 Core 5 效能商務筆電 (B1509CVA/C5-120U/32G+32G/512GB/W11P),65990,False,False,True,False,https://www.momoshop.com.tw/TP/TP0006408/goodsDetail/TP00064080001100,2026-10-06
B1509CVA,,,TP00064080001102,【ASUS 華碩】特仕款 15吋 Core 5效能商務筆電(B1509CVA/C5-120U/16+16G/512G+512G/W11P),47990,False,False,True,False,https://www.momoshop.com.tw/TP/TP0006408/goodsDetail/TP00064080001102,2026-10-06
B1509CVA,,,TP00064080001103,【ASUS 華碩】特仕款 15吋 Core 5效能商務筆電(B1509CVA/C5-120U/16+32G/512G+512G/W11P),53990,False,False,True,False,https://www.momoshop.com.tw/TP/TP0006408/goodsDetail/TP00064080001103,2026-10-06
B1509CVA,,,TP00064080001104,【ASUS 華碩】特仕款 15吋 Core 5 效能商務筆電(B1509CVA/C5-120U/16+8G/512G+512G/W11P),42990,False,False,True,False,https://www.momoshop.com.tw/TP/TP0006408/goodsDetail/TP00064080001104,2026-10-06
B1509CVA,,,TP00064080001105,【ASUS 華碩】特仕款 15吋 Core 5效能商務筆電(B1509CVA/C5-120U/32+32G/512G+512G/W11P),70990,False,False,True,False,https://www.momoshop.com.tw/TP/TP0006408/goodsDetail/TP00064080001105,2026-10-06
B1509CVA,,,TP00064080001107,【ASUS 華碩】特仕款 15吋 Core 5 效能商務筆電(B1509CVA/C5-120U/16+16G/512G+1TB/W11P),51990,False,False,True,False,https://www.momoshop.com.tw/TP/TP0006408/goodsDetail/TP00064080001107,2026-10-06
B1509CVA,,,TP00064080001108,【ASUS 華碩】特仕款 15吋 Core 5 效能商務筆電(B1509CVA/C5-120U/16G+8G/512G+1TB/W11P),46990,False,False,True,False,https://www.momoshop.com.tw/TP/TP0006408/goodsDetail/TP00064080001108,2026-10-06
B1509CVA,,,TP00064080001109,【ASUS 華碩】特仕款 15吋 Core 5 效能商務筆電(B1509CVA/C5-120U/16+32G/512G+1TB/W11P),57990,False,False,True,False,https://www.momoshop.com.tw/TP/TP0006408/goodsDetail/TP00064080001109,2026-10-06
B1509CVA,,,TP00064080001110,【ASUS 華碩】特仕款 15吋 Core 5效能商務筆電(B1509CVA/C5-120U/32G+32G/512G+1TB/W11P),74990,False,False,True,False,https://www.momoshop.com.tw/TP/TP0006408/goodsDetail/TP00064080001110,2026-10-06
B1509CVA,,,TP00064080001112,【ASUS 華碩】特仕款 15吋 Core 5 效能商務筆電(B1509CVA/C5-120U/16+32G/512G+2TB/W11P),62990,False,False,True,False,https://www.momoshop.com.tw/TP/TP0006408/goodsDetail/TP00064080001112,2026-10-06
B1509CVA,,,TP00064080001113,【ASUS 華碩】特仕款 15吋 Core 5 效能商務筆電(B1509CVA/C5-120U/16G+8G/512G+2TB/W11P),51990,False,False,True,False,https://www.momoshop.com.tw/TP/TP0006408/goodsDetail/TP00064080001113,2026-10-06
B1509CVA,,,TP00064080001114,【ASUS 華碩】特仕款 15吋 Core 5 效能商務筆電(B1509CVA/C5-120U/32+32G/512G+2TB/W11P),79990,False,False,True,False,https://www.momoshop.com.tw/TP/TP0006408/goodsDetail/TP00064080001114,2026-10-06
B1509CVA,,,TP00064080001115,【ASUS 華碩】特仕款 15吋 Core 5 效能商務筆電(B1509CVA/C5-120U/16GB/512G+512G/W11P),36990,False,False,True,False,https://www.momoshop.com.tw/TP/TP0006408/goodsDetail/TP00064080001115,2026-10-06
B1509CVA,,,TP00064080001116,【ASUS 華碩】特仕款 15吋 Core 5 效能商務筆電(B1509CVA/C5-120U/16GB/512GB+1TB/W11P),40990,False,False,True,False,https://www.momoshop.com.tw/TP/TP0006408/goodsDetail/TP00064080001116,2026-10-06
B1509CVA,,,TP00064080001118,【ASUS 華碩】特仕款 15吋 Core 5 效能商務筆電(B1509CVA/C5-120U/16GB/512GB+2TB/W11P),45990,False,False,True,False,https://www.momoshop.com.tw/TP/TP0006408/goodsDetail/TP00064080001118,2026-10-06
B1509CVA,,,TP00064080001119,【ASUS 華碩】特仕款 15吋 Core 5 效能商務筆電 (B1509CVA/C5-120U/16GB/升1TB/W11P),39990,False,False,True,False,https://www.momoshop.com.tw/TP/TP0006408/goodsDetail/TP00064080001119,2026-10-06
B1509CVA,,,TP00064080001120,【ASUS 華碩】特仕款 15吋 Core 5 效能商務筆電 (B1509CVA/C5-120U/16GB/升2TB/W11P),44990,False,False,True,False,https://www.momoshop.com.tw/TP/TP0006408/goodsDetail/TP00064080001120,2026-10-06
B1509CVA,,,TP00064080001121,【ASUS 華碩】特仕款 15吋 Core 5 效能商務筆電 (B1509CVA/C5-120U/16GB/升4TB/W11P),52990,False,False,True,False,https://www.momoshop.com.tw/TP/TP0006408/goodsDetail/TP00064080001121,2026-10-06
B1509CVA,,,TP00064080001122,【ASUS 華碩】特仕款 15吋 Core 5 效能商務筆電 (B1509CVA/C5-120U/16G+8G/升1TB/W11P),45990,False,False,True,False,https://www.momoshop.com.tw/TP/TP0006408/goodsDetail/TP00064080001122,2026-10-06
B1509CVA,,,TP00064080001123,【ASUS 華碩】特仕款 15吋 Core 5 效能商務筆電 (B1509CVA/C5-120U/16G+8G/升2TB/W11P),50990,False,False,True,False,https://www.momoshop.com.tw/TP/TP0006408/goodsDetail/TP00064080001123,2026-10-06
B1509CVA,,,TP00064080001124,【ASUS 華碩】特仕款 15吋 Core 5 效能商務筆電 (B1509CVA/C5-120U/16G+8G/升4TB/W11P),58990,False,False,True,False,https://www.momoshop.com.tw/TP/TP0006408/goodsDetail/TP00064080001124,2026-10-06
B1509CVA,,,TP00064080001125,【ASUS 華碩】特仕款 15吋 Core 5 效能商務筆電 (B1509CVA/C5-120U/16G+16G/升1TB/W11P),50990,False,False,True,False,https://www.momoshop.com.tw/TP/TP0006408/goodsDetail/TP00064080001125,2026-10-06
B1509CVA,,,TP00064080001126,【ASUS 華碩】特仕款 15吋 Core 5 效能商務筆電 (B1509CVA/C5-120U/16G+16G/升2TB/W11P),55990,False,False,True,False,https://www.momoshop.com.tw/TP/TP0006408/goodsDetail/TP00064080001126,2026-10-06
B1509CVA,,,TP00064080001128,【ASUS 華碩】特仕款 15吋 Core 5 效能商務筆電 (B1509CVA/C5-120U/16G+32G/4TB/W11P),69990,False,False,True,False,https://www.momoshop.com.tw/TP/TP0006408/goodsDetail/TP00064080001128,2026-10-06
B1509CVA,,,TP00064080001129,【ASUS 華碩】特仕款 15吋 Core 5 效能商務筆電 (B1509CVA/C5-120U/16G+16G/升4TB/W11P),63990,False,False,True,False,https://www.momoshop.com.tw/TP/TP0006408/goodsDetail/TP00064080001129,2026-10-06
B1509CVA,,,TP00064080001130,【ASUS 華碩】特仕款 15吋 Core 5 效能商務筆電 (B1509CVA/C5-120U/32G+32G/1TB/W11P),73990,False,False,True,False,https://www.momoshop.com.tw/TP/TP0006408/goodsDetail/TP00064080001130,2026-10-06
B1509CVA,,,TP00064080001132,【ASUS 華碩】特仕款 15吋 Core 5 效能商務筆電 (B1509CVA/C5-120U/32G+32G/2TB/W11P),78990,False,False,True,False,https://www.momoshop.com.tw/TP/TP0006408/goodsDetail/TP00064080001132,2026-10-06
B1509CVA,,,TP00064080001133,【ASUS 華碩】特仕款 15吋 Core 5 效能商務筆電 (B1509CVA/C5-120U/32G+32G/4TB/W11P),86990,False,False,True,False,https://www.momoshop.com.tw/TP/TP0006408/goodsDetail/TP00064080001133,2026-10-06
B1509CVA,,,TP00064080001134,【ASUS 華碩】特仕款 15吋 Core 5 效能商務筆電(B1509CVA/C5-120U/16+16G/512G+2TB/W11P),56990,False,False,True,False,https://www.momoshop.com.tw/TP/TP0006408/goodsDetail/TP00064080001134,2026-10-06
B1509CVA,,,TP00064080001135,【ASUS 華碩】特仕款 15吋 Core 7 效能商務筆電 (B1509CVA/C7-150U/32G+32G/512GB/W11P),67990,False,False,True,False,https://www.momoshop.com.tw/TP/TP0006408/goodsDetail/TP00064080001135,2026-10-06
B1509CVA,,,TP00064080001136,【ASUS 華碩】特仕款 15吋 Core 7 商務筆電(B1509CVA/C7-150U/32G+32G/512G+500G/W11P),72990,False,False,True,False,https://www.momoshop.com.tw/TP/TP0006408/goodsDetail/TP00064080001136,2026-10-06
B1509CVA,,,TP00064080001137,【ASUS 華碩】特仕款 15吋 Core 7 效能商務筆電(B1509CVA/C7-150U/32G+32G/512G+1T/W11P),76990,False,False,True,False,https://www.momoshop.com.tw/TP/TP0006408/goodsDetail/TP00064080001137,2026-10-06
B1509CVA,,,TP00064080001138,【ASUS 華碩】特仕款 15吋 Core 7 效能商務筆電(B1509CVA/C7-150U/32+32G/512G+2TB/W11P),81990,False,False,True,False,https://www.momoshop.com.tw/TP/TP0006408/goodsDetail/TP00064080001138,2026-10-06
B1509CVA,,,TP00064080001140,【ASUS 華碩】特仕款 15吋 Core 7 效能商務筆電 (B1509CVA/C7-150U/16GB/512G+512G/W11P),38990,False,False,True,False,https://www.momoshop.com.tw/TP/TP0006408/goodsDetail/TP00064080001140,2026-10-06
B1509CVA,,,TP00064080001141,【ASUS 華碩】特仕款 15吋 Core 7 效能商務筆電 (B1509CVA/C7-150U/16GB/512GB+2TB/W11P),47990,False,False,True,False,https://www.momoshop.com.tw/TP/TP0006408/goodsDetail/TP00064080001141,2026-10-06
B1509CVA,,,TP00064080001142,【ASUS 華碩】特仕款 15吋 Core 7 效能商務筆電 (B1509CVA/C7-150U/16GB/升1TB/W11P),41990,False,False,True,False,https://www.momoshop.com.tw/TP/TP0006408/goodsDetail/TP00064080001142,2026-10-06
B1509CVA,,,TP00064080001143,【ASUS 華碩】特仕款 15吋 Core 7 效能商務筆電 (B1509CVA/C7-150U/16GB/升2TB/W11P),46990,False,False,True,False,https://www.momoshop.com.tw/TP/TP0006408/goodsDetail/TP00064080001143,2026-10-06
B1509CVA,,,TP00064080001144,【ASUS 華碩】特仕款 15吋 Core 7 效能商務筆電 (B1509CVA/C7-150U/16GB/升4TB/W11P),54990,False,False,True,False,https://www.momoshop.com.tw/TP/TP0006408/goodsDetail/TP00064080001144,2026-10-06
B1509CVA,,,TP00064080001147,【ASUS 華碩】特仕款 15吋 Core 7 效能商務筆電 (B1509CVA/C7-150U/16G+8G/升4TB/Win11P),60990,False,False,True,False,https://www.momoshop.com.tw/TP/TP0006408/goodsDetail/TP00064080001147,2026-10-06
B1509CVA,,,TP00064080001149,【ASUS 華碩】特仕款 15吋 Core 7 效能商務筆電 (B1509CVA/C7-150U/16G+16G/升1TB/Win11P),52990,False,False,True,False,https://www.momoshop.com.tw/TP/TP0006408/goodsDetail/TP00064080001149,2026-10-06
B1509CVA,,,TP00064080001150,【ASUS 華碩】特仕款 15吋 Core 7 效能商務筆電 (B1509CVA/C7-150U/16G+8G/升2TB/Win11P),52990,False,False,True,False,https://www.momoshop.com.tw/TP/TP0006408/goodsDetail/TP00064080001150,2026-10-06
B1509CVA,,,TP00064080001151,【ASUS 華碩】特仕款 15吋 Core 7 效能商務筆電 (B1509CVA/C7-150U/16G+16G/升2TB/Win11P),57990,False,False,True,False,https://www.momoshop.com.tw/TP/TP0006408/goodsDetail/TP00064080001151,2026-10-06
B1509CVA,,,TP00064080001152,【ASUS 華碩】特仕款 15吋 Core 7 效能商務筆電 (B1509CVA/C7-150U/16G+16G/升4TB/Win11P),65990,False,False,True,False,https://www.momoshop.com.tw/TP/TP0006408/goodsDetail/TP00064080001152,2026-10-06
B1509CVA,,,TP00064080001153,【ASUS 華碩】特仕款 15吋 Core 7 效能商務筆電 (B1509CVA/C7-150U/16G+32G/升1TB/Win11P),58990,False,False,True,False,https://www.momoshop.com.tw/TP/TP0006408/goodsDetail/TP00064080001153,2026-10-06
B1509CVA,,,TP00064080001154,【ASUS 華碩】特仕款 15吋 Core 7 效能商務筆電 (B1509CVA/C7-150U/16G+32G/升2TB/Win11P),63990,False,False,True,False,https://www.momoshop.com.tw/TP/TP0006408/goodsDetail/TP00064080001154,2026-10-06
B1509CVA,,,TP00064080001155,【ASUS 華碩】特仕款 15吋 Core 7 效能商務筆電 (B1509CVA/C7-150U/16G+32G/升4TB/Win11P),71990,False,False,True,False,https://www.momoshop.com.tw/TP/TP0006408/goodsDetail/TP00064080001155,2026-10-06
B1509CVA,,,TP00064080001156,【ASUS 華碩】特仕款 15吋 Core 7 效能商務筆電 (B1509CVA/C7-150U/32G+32G/升1TB/Win11P),75990,False,False,True,False,https://www.momoshop.com.tw/TP/TP0006408/goodsDetail/TP00064080001156,2026-10-06
B1509CVA,,,TP00064080001157,【ASUS 華碩】特仕款 15吋 Core 7 效能商務筆電 (B1509CVA/C7-150U/32G+32G/升2TB/Win11P),80990,False,False,True,False,https://www.momoshop.com.tw/TP/TP0006408/goodsDetail/TP00064080001157,2026-10-06
B1509CVA,,,12674800,【ASUS 華碩】特仕款 15吋Core7商務筆電(B1509CVA/Core 7-150U/16G+16G/1TB PCIe/W11P),50990,True,False,True,False,https://www.momoshop.com.tw/goods/GoodsDetail.jsp?i_code=12674800,2026-10-06
B1509CVA,,,TP00064080001159,【ASUS 華碩】特仕款 15吋 Core 7 效能商務筆電 (B1509CVA/C7-150U/32G+32G/升4TB/Win11P),88990,False,False,True,False,https://www.momoshop.com.tw/TP/TP0006408/goodsDetail/TP00064080001159,2026-10-06
B1509CVA,,,12810417,【ASUS 華碩】特仕版 15吋Core7商務筆電(B1509CVA/Core 7-150U/16G+32G/1TB PCIe/W11P),58990,True,False,True,False,https://www.momoshop.com.tw/goods/GoodsDetail.jsp?i_code=12810417,2026-10-06
B1509CVA,,,13964977,【ASUS 華碩】特仕款 15吋Core 5商務筆電(Expertbook B1509CVA/Core 5-120U/16G+8G/1TB/W11P),40990,True,False,True,False,https://www.momoshop.com.tw/goods/GoodsDetail.jsp?i_code=13964977,2026-10-06
B1509CVA,,,14066305,【ASUS 華碩】特仕款 15吋Core 5商務筆電(Expertbook B1509CVA/C5-120U/16G+8G/1TB/W11P),42990,True,False,True,False,https://www.momoshop.com.tw/goods/GoodsDetail.jsp?i_code=14066305,2026-10-06
B1509CVA,,,12810419,【ASUS 華碩】特仕版 15吋Core7商務筆電(B1509CVA/C7-150U/16GB/1TB PCIe/W11P),41990,True,False,True,False,https://www.momoshop.com.tw/goods/GoodsDetail.jsp?i_code=12810419,2026-10-06
B1509CVA,,,12674769,【ASUS 華碩】特仕款 15吋Core7商務筆電(B1509CVA/Core 7-150U/16G+8G/512G+1TB/W11P),47990,True,False,True,False,https://www.momoshop.com.tw/goods/GoodsDetail.jsp?i_code=12674769,2026-10-06
B1509CVA,,,14185677,【ASUS 華碩】特仕款 15吋Core 5商務筆電(Expertbook B1509CVA/C5-120U/16G+32G/2TB/W11P),51990,True,False,True,False,https://www.momoshop.com.tw/goods/GoodsDetail.jsp?i_code=14185677,2026-10-06
B1509CVA,,,13964978,【ASUS 華碩】特仕款 15吋Core 5商務筆電(Expertbook B1509CVA/C5-120U/16G+16G/1TB/W11P),45990,True,False,True,False,https://www.momoshop.com.tw/goods/GoodsDetail.jsp?i_code=13964978,2026-10-06
B1509CVA,,,14275468,【ASUS 華碩】特仕款 15吋Core7商務筆電(B1509CVA/C7-150U/16G+32G/512G+500G/W11P),55990,True,False,True,False,https://www.momoshop.com.tw/goods/GoodsDetail.jsp?i_code=14275468,2026-10-06
B1509CVA,,,14275362,【ASUS 華碩】特仕款 15吋Core7商務筆電(B1509CVA/C7-150U/16G+8G/512G PCIe/W11P),40990,True,False,True,False,https://www.momoshop.com.tw/goods/GoodsDetail.jsp?i_code=14275362,2026-10-06
B1509CVA,,,14066302,【ASUS 華碩】特仕款 15吋Core 5商務筆電(Expertbook B1509CVA/C5-120U/16G+16G/2TB/W11P),51990,True,False,True,False,https://www.momoshop.com.tw/goods/GoodsDetail.jsp?i_code=14066302,2026-10-06
B1509CVA,,,14066307,【ASUS 華碩】特仕款 15吋Core 5商務筆電(Expertbook B1509CVA/C5-120U/16G+32G/1TB/W11P),51990,True,False,True,False,https://www.momoshop.com.tw/goods/GoodsDetail.jsp?i_code=14066307,2026-10-06
B1509CVA,,,14066304,【ASUS 華碩】特仕款 15吋Core 5商務筆電(Expertbook B1509CVA/C5-120U/16G+32G/1TB/W11P),51990,True,False,True,False,https://www.momoshop.com.tw/goods/GoodsDetail.jsp?i_code=14066304,2026-10-06
B1509CVA,,,14066306,【ASUS 華碩】特仕款 15吋Core 5商務筆電(Expertbook B1509CVA/Core 5-120U/16G+32G/2TB/W11P),57990,True,False,True,False,https://www.momoshop.com.tw/goods/GoodsDetail.jsp?i_code=14066306,2026-10-06
B1509CVA,,,14275465,【ASUS 華碩】特仕款 15吋Coer7商務筆電(B1509CVA/C7-150U/16G+8G/512G+500G/W11P),43990,True,False,True,False,https://www.momoshop.com.tw/goods/GoodsDetail.jsp?i_code=14275465,2026-10-06
B1509CVA,,,14275364,【ASUS 華碩】特仕款 15吋Core7商務筆電(B1509CVA/7-150U/16G+32G/512G PCIe/W11P),53990,True,False,True,False,https://www.momoshop.com.tw/goods/GoodsDetail.jsp?i_code=14275364,2026-10-06
B1509CVA,,,14275363,【ASUS 華碩】特仕款 15吋Core7商務筆電(B1509CVA/Core 7-150U/16G+16G/512G PCIe/W11P),44990,True,False,True,False,https://www.momoshop.com.tw/goods/GoodsDetail.jsp?i_code=14275363,2026-10-06
B1509CVA,,,14275466,【ASUS 華碩】特仕款 15吋Core7商務筆電(B1509CVA/C7-150U/16G+16G/512G+500G/W11P),47990,True,False,True,False,https://www.momoshop.com.tw/goods/GoodsDetail.jsp?i_code=14275466,2026-10-06
B1509CVA,,,15441892,【ASUS 華碩】Office2024組★15.6吋Core 7商用筆電(B1509CVA/Intel Core 7 150U/16G/512G SSD/W11P),33999,True,True,False,False,https://www.momoshop.com.tw/goods/GoodsDetail.jsp?i_code=15441892,2026-10-06
B1509CVA,,,15544988,【ASUS 華碩】16G記憶體組★15.6吋Core 7商用筆電(B1509CVA/Intel Core 7 150U/16G/512G SSD/W11P),36999,True,True,False,False,https://www.momoshop.com.tw/goods/GoodsDetail.jsp?i_code=15544988,2026-10-06
B3405CCA,,,12810345,【ASUS 華碩】特仕款 14吋 Ultra5商務筆電(Expertbook B3405CCA/Ultra5-225H/16G+16G/1TB PCIe/W11P),54880,True,False,True,False,https://www.momoshop.com.tw/goods/GoodsDetail.jsp?i_code=12810345,2026-10-06
B3405CCA,,,15043829,【ASUS 華碩】14吋Ultra 5商用筆電(B3405CCA/Ultra 5 225H/16GB/1TB/W11P),46900,True,False,False,False,https://www.momoshop.com.tw/goods/GoodsDetail.jsp?i_code=15043829,2026-10-06
B3405CCA,,,15011992,【ASUS 華碩】14吋 Ultra 5 商用AI筆電(B3405CCA-2041A225H/Ultra 5 225H/16G/1TB SSD/W11PRO),46900,True,False,False,False,https://www.momoshop.com.tw/goods/GoodsDetail.jsp?i_code=15011992,2026-10-06
B3405CCA,,,15043828,【ASUS 華碩】14吋Ultra 7商用筆電(B3405CCA/Ultra 7 255H/16GB/1TB/W11P),50900,True,False,False,False,https://www.momoshop.com.tw/goods/GoodsDetail.jsp?i_code=15043828,2026-10-06
B3405CCA,,,14275359,【ASUS 華碩】特仕款 14吋 Ultra7商務筆電(Expertbook B3405CCA/Ultra7-255H/16G+16G/1TB+512G/W11P),62880,True,False,True,False,https://www.momoshop.com.tw/goods/GoodsDetail.jsp?i_code=14275359,2026-10-06
B3405CCA,,,12810421,【ASUS 華碩】特仕款 14吋 Ultra5商務筆電(Expertbook B3405CCA/Ultra5-225H/16G+8G/1TB PCIe/W11P),50880,True,False,True,False,https://www.momoshop.com.tw/goods/GoodsDetail.jsp?i_code=12810421,2026-10-06
B3405CCA,,,14275360,【ASUS 華碩】特仕款 14吋 Ultra7商務筆電(Expertbook B3405CCA/Ultra7-255H/16G+32G/1TB+512G/W11P),68880,True,False,True,False,https://www.momoshop.com.tw/goods/GoodsDetail.jsp?i_code=14275360,2026-10-06
B3405CCA,,,12792118,【ASUS 華碩】特仕款 14吋 Ultra5商務筆電(Expertbook B3405CCA/Ultra5-225H/16G+16G/1TB+512G/W11P),58880,True,False,True,False,https://www.momoshop.com.tw/goods/GoodsDetail.jsp?i_code=12792118,2026-10-06
B3405CCA,,,13305062,【ASUS 華碩】特仕款 14吋 Ultra7商務筆電(Expertbook B3405CCA/Ultra7-255H/16G+32G/1TB PCIe/W11P),64880,True,False,True,False,https://www.momoshop.com.tw/goods/GoodsDetail.jsp?i_code=13305062,2026-10-06
B3405CCA,,,TP00064080001352,【ASUS 華碩】特仕款 ExpertBook 14吋商用AI筆電 (B3405CCA/Ultra 7/16G+16G/1TB/W11P),59990,False,False,True,False,https://www.momoshop.com.tw/TP/TP0006408/goodsDetail/TP00064080001352,2026-10-06
B3405CCA,,,TP00064080001375,【ASUS 華碩】特仕款 ExpertBook 14吋 商用AI筆電 (B3405CCA/Ultra 7/16+32G/升4T/W11P),88990,False,False,True,False,https://www.momoshop.com.tw/TP/TP0006408/goodsDetail/TP00064080001375,2026-10-06
B3405CCA,,,TP00064080001326,【ASUS 華碩】特仕款 ExpertBook 14吋商用AI筆電 (B3405CCA/Ultra 5/16G+8G/1TB/W11P),51990,False,False,True,False,https://www.momoshop.com.tw/TP/TP0006408/goodsDetail/TP00064080001326,2026-10-06
B3405CCA,,,TP00064080001327,【ASUS 華碩】特仕款 ExpertBook 14吋商用AI筆電 (B3405CCA/Ultra 5/16G+16G/1TB/W11P),55990,False,False,True,False,https://www.momoshop.com.tw/TP/TP0006408/goodsDetail/TP00064080001327,2026-10-06
B3405CCA,,,TP00064080001328,【ASUS 華碩】特仕款 ExpertBook 14吋商用AI筆電 (B3405CCA/Ultra 5/16G+32G/1TB/W11P),63990,False,False,True,False,https://www.momoshop.com.tw/TP/TP0006408/goodsDetail/TP00064080001328,2026-10-06
B3405CCA,,,TP00064080001330,【ASUS 華碩】特仕款 ExpertBook 14吋商用AI筆電 (B3405CCA/Ultra 5/16G/1TB+1TB/W11P),53990,False,False,True,False,https://www.momoshop.com.tw/TP/TP0006408/goodsDetail/TP00064080001330,2026-10-06
B3405CCA,,,TP00064080001331,【ASUS 華碩】特仕款 ExpertBook 14吋商用AI筆電 (B3405CCA/Ultra 5/16G/1TB+2TB/W11P),58990,False,False,True,False,https://www.momoshop.com.tw/TP/TP0006408/goodsDetail/TP00064080001331,2026-10-06
B3405CCA,,,TP00064080001332,【ASUS 華碩】特仕款 ExpertBook 14吋商用AI筆電 (B3405CCA/Ultra 5/16G/1T+512G/W11P),50990,False,False,True,False,https://www.momoshop.com.tw/TP/TP0006408/goodsDetail/TP00064080001332,2026-10-06
B3405CCA,,,TP00064080001333,【ASUS 華碩】特仕款 ExpertBook 14吋商用AI筆電(B3405CCA/Ultra5/16+8G/1TB+1TB/W11P),58990,False,False,True,False,https://www.momoshop.com.tw/TP/TP0006408/goodsDetail/TP00064080001333,2026-10-06
B3405CCA,,,TP00064080001334,【ASUS 華碩】特仕款 ExpertBook 14吋商用AI筆電(B3405CCA/Ultra5/16+8G/1T+512G/W11P),55990,False,False,True,False,https://www.momoshop.com.tw/TP/TP0006408/goodsDetail/TP00064080001334,2026-10-06
B3405CCA,,,TP00064080001335,【ASUS 華碩】特仕款 ExpertBook 14吋商用AI筆電(B3405CCA/Ultra5/16+8G/1TB+2TB/W11P),63990,False,False,True,False,https://www.momoshop.com.tw/TP/TP0006408/goodsDetail/TP00064080001335,2026-10-06
B3405CCA,,,TP00064080001336,【ASUS 華碩】特仕款 ExpertBook14吋商用AI筆電(B3405CCA/Ultra5/16+16G/1T+512G/W11P),59990,False,False,True,False,https://www.momoshop.com.tw/TP/TP0006408/goodsDetail/TP00064080001336,2026-10-06
B3405CCA,,,TP00064080001337,【ASUS 華碩】特仕款 ExpertBook 14吋 商用AI筆電(B3405CCA/Ultra5/16+16G/1T+1T/W11P),62990,False,False,True,False,https://www.momoshop.com.tw/TP/TP0006408/goodsDetail/TP00064080001337,2026-10-06
B3405CCA,,,TP00064080001339,【ASUS 華碩】特仕款 ExpertBook14吋商用AI筆電(B3405CCA/Ultra5/16+32G/1T+512G/W11P),67990,False,False,True,False,https://www.momoshop.com.tw/TP/TP0006408/goodsDetail/TP00064080001339,2026-10-06
B3405CCA,,,TP00064080001340,【ASUS 華碩】特仕款 ExpertBook 14吋 商用AI筆電(B3405CCA/Ultra5/16+16G/1T+2T/W11P),67990,False,False,True,False,https://www.momoshop.com.tw/TP/TP0006408/goodsDetail/TP00064080001340,2026-10-06
B3405CCA,,,TP00064080001341,【ASUS 華碩】特仕款 ExpertBook 14吋 商用AI筆電(B3405CCA/Ultra5/16+32G/1T+1T/W11P),70990,False,False,True,False,https://www.momoshop.com.tw/TP/TP0006408/goodsDetail/TP00064080001341,2026-10-06
B3405CCA,,,TP00064080001342,【ASUS 華碩】特仕款 ExpertBook 14吋 商用AI筆電(B3405CCA/Ultra5/16+32G/1T+2T/W11P),75990,False,False,True,False,https://www.momoshop.com.tw/TP/TP0006408/goodsDetail/TP00064080001342,2026-10-06
B3405CCA,,,TP00064080001343,【ASUS 華碩】特仕款 ExpertBook 14吋 商用AI筆電 (B3405CCA/Ultra 5/16GB/升2TB/W11P),57990,False,False,True,False,https://www.momoshop.com.tw/TP/TP0006408/goodsDetail/TP00064080001343,2026-10-06
B3405CCA,,,TP00064080001344,【ASUS 華碩】特仕款 ExpertBook 14吋 商用AI筆電 (B3405CCA/Ultra 5/16GB/升4TB/W11P),67990,False,False,True,False,https://www.momoshop.com.tw/TP/TP0006408/goodsDetail/TP00064080001344,2026-10-06
B3405CCA,,,TP00064080001345,【ASUS 華碩】特仕款 ExpertBook 14吋 商用AI筆電 (B3405CCA/Ultra 5/16+8G/升2TB/W11P),62990,False,False,True,False,https://www.momoshop.com.tw/TP/TP0006408/goodsDetail/TP00064080001345,2026-10-06
B3405CCA,,,TP00064080001346,【ASUS 華碩】特仕款 ExpertBook 14吋 商用AI筆電 (B3405CCA/Ultra 5/16+8G/升4TB/W11P),72990,False,False,True,False,https://www.momoshop.com.tw/TP/TP0006408/goodsDetail/TP00064080001346,2026-10-06
B3405CCA,,,TP00064080001347,【ASUS 華碩】特仕款 ExpertBook 14吋 商用AI筆電(B3405CCA/Ultra 5/16+16G/升2TB/W11P),66990,False,False,True,False,https://www.momoshop.com.tw/TP/TP0006408/goodsDetail/TP00064080001347,2026-10-06
B3405CCA,,,TP00064080001348,【ASUS 華碩】特仕款 ExpertBook 14吋 商用AI筆電(B3405CCA/Ultra 5/16+16G/升4TB/W11P),76990,False,False,True,False,https://www.momoshop.com.tw/TP/TP0006408/goodsDetail/TP00064080001348,2026-10-06
B3405CCA,,,TP00064080001349,【ASUS 華碩】特仕款 ExpertBook 14吋 商用AI筆電(B3405CCA/Ultra 5/16+32G/升2TB/W11P),74990,False,False,True,False,https://www.momoshop.com.tw/TP/TP0006408/goodsDetail/TP00064080001349,2026-10-06
B3405CCA,,,TP00064080001351,【ASUS 華碩】特仕款 ExpertBook 14吋商用AI筆電 (B3405CCA/Ultra 7/16G+8G/1TB/W11P),55990,False,False,True,False,https://www.momoshop.com.tw/TP/TP0006408/goodsDetail/TP00064080001351,2026-10-06
B3405CCA,,,TP00064080001353,【ASUS 華碩】特仕款 ExpertBook 14吋 商用AI筆電(B3405CCA/Ultra 5/16+32G/升4TB/W11P),84990,False,False,True,False,https://www.momoshop.com.tw/TP/TP0006408/goodsDetail/TP00064080001353,2026-10-06
B3405CCA,,,TP00064080001354,【ASUS 華碩】特仕款 ExpertBook 14吋商用AI筆電 (B3405CCA/Ultra 7/16G+32G/1TB/W11P),67990,False,False,True,False,https://www.momoshop.com.tw/TP/TP0006408/goodsDetail/TP00064080001354,2026-10-06
B3405CCA,,,TP00064080001355,【ASUS 華碩】特仕款 ExpertBook 14吋商用AI筆電 (B3405CCA/Ultra 7/16G/1T+512G/W11P),54990,False,False,True,False,https://www.momoshop.com.tw/TP/TP0006408/goodsDetail/TP00064080001355,2026-10-06
B3405CCA,,,TP00064080001356,【ASUS 華碩】特仕款 ExpertBook 14吋商用AI筆電 (B3405CCA/Ultra 7/16G/1TB+1TB/W11P),57990,False,False,True,False,https://www.momoshop.com.tw/TP/TP0006408/goodsDetail/TP00064080001356,2026-10-06
B3405CCA,,,TP00064080001357,【ASUS 華碩】特仕款 ExpertBook 14吋商用AI筆電 (B3405CCA/Ultra 7/16G/1TB+2TB/W11P),62990,False,False,True,False,https://www.momoshop.com.tw/TP/TP0006408/goodsDetail/TP00064080001357,2026-10-06
B3405CCA,,,TP00064080001358,【ASUS 華碩】特仕款 ExpertBook 14吋商用AI筆電(B3405CCA/Ultra7/16+8G/1T+512G/W11P),59990,False,False,True,False,https://www.momoshop.com.tw/TP/TP0006408/goodsDetail/TP00064080001358,2026-10-06
B3405CCA,,,TP00064080001359,【ASUS 華碩】特仕款 ExpertBook 14吋商用AI筆電(B3405CCA/Ultra7/16+8G/1TB+1TB/W11P),62990,False,False,True,False,https://www.momoshop.com.tw/TP/TP0006408/goodsDetail/TP00064080001359,2026-10-06
B3405CCA,,,TP00064080001360,【ASUS 華碩】特仕款 ExpertBook 14吋商用AI筆電(B3405CCA/Ultra7/16+8G/1TB+2TB/W11P),67990,False,False,True,False,https://www.momoshop.com.tw/TP/TP0006408/goodsDetail/TP00064080001360,2026-10-06
B3405CCA,,,TP00064080001361,【ASUS 華碩】特仕款 ExpertBook14吋商用AI筆電(B3405CCA/Ultra7/16+16G/1T+512G/W11P),63990,False,False,True,False,https://www.momoshop.com.tw/TP/TP0006408/goodsDetail/TP00064080001361,2026-10-06
B3405CCA,,,TP00064080001362,【ASUS 華碩】特仕款 ExpertBook 14吋商用AI筆電(B3405CCA/Ultra7/16G+16G/1T+1T/W11P),66990,False,False,True,False,https://www.momoshop.com.tw/TP/TP0006408/goodsDetail/TP00064080001362,2026-10-06
B3405CCA,,,TP00064080001364,【ASUS 華碩】特仕款 ExpertBook14吋商用AI筆電(B3405CCA/Ultra7/16+32G/1T+512G/W11P),71990,False,False,True,False,https://www.momoshop.com.tw/TP/TP0006408/goodsDetail/TP00064080001364,2026-10-06
B3405CCA,,,TP00064080001366,【ASUS 華碩】特仕款 ExpertBook 14吋商用AI筆電(B3405CCA/Ultra7/16G+32G/1T+1T/W11P),74990,False,False,True,False,https://www.momoshop.com.tw/TP/TP0006408/goodsDetail/TP00064080001366,2026-10-06
B3405CCA,,,TP00064080001367,【ASUS 華碩】特仕款 ExpertBook 14吋商用AI筆電(B3405CCA/Ultra7/16G+32G/1T+2T/W11P),79990,False,False,True,False,https://www.momoshop.com.tw/TP/TP0006408/goodsDetail/TP00064080001367,2026-10-06
B3405CCA,,,12792117,【ASUS 華碩】特仕款 14吋 Ultra5商務筆電(Expertbook B3405CCA/Ultra5-225H/16G+32G/1TB+512G/W11P),64880,True,False,True,False,https://www.momoshop.com.tw/goods/GoodsDetail.jsp?i_code=12792117,2026-10-06
B3405CCA,,,TP00064080001368,【ASUS 華碩】特仕款 ExpertBook 14吋 商用AI筆電 (B3405CCA/Ultra 7/16GB/升2TB/W11P),61990,False,False,True,False,https://www.momoshop.com.tw/TP/TP0006408/goodsDetail/TP00064080001368,2026-10-06
B3405CCA,,,12913633,【ASUS 華碩】特仕款 14吋 Ultra7商務筆電(Expertbook B3405CCA/Ultra7-255H/16G+16G/1TB+1TB/W11P),65880,True,False,True,False,https://www.momoshop.com.tw/goods/GoodsDetail.jsp?i_code=12913633,2026-10-06
B3405CCA,,,TP00064080001369,【ASUS 華碩】特仕款 ExpertBook 14吋 商用AI筆電 (B3405CCA/Ultra 7/16GB/升4TB/W11P),71990,False,False,True,False,https://www.momoshop.com.tw/TP/TP0006408/goodsDetail/TP00064080001369,2026-10-06
B3405CCA,,,12913634,【ASUS 華碩】特仕款 14吋 Ultra7商務筆電(Expertbook B3405CCA/Ultra7-255H/16G+32G/1TB+1TB/W11P),71880,True,False,True,False,https://www.momoshop.com.tw/goods/GoodsDetail.jsp?i_code=12913634,2026-10-06
B3405CCA,,,TP00064080001370,【ASUS 華碩】特仕款 ExpertBook 14吋 商用AI筆電 (B3405CCA/Ultra 7/16+8G/升2TB/W11P),66990,False,False,True,False,https://www.momoshop.com.tw/TP/TP0006408/goodsDetail/TP00064080001370,2026-10-06
B3405CCA,,,14275358,【ASUS 華碩】特仕款 14吋 AI商務筆電(Expertbook B3405CCA/Ultra7-255H/16G+8G/1TB+512G/W11P),58880,True,False,True,False,https://www.momoshop.com.tw/goods/GoodsDetail.jsp?i_code=14275358,2026-10-06
B3405CCA,,,TP00064080001371,【ASUS 華碩】特仕款 ExpertBook 14吋 商用AI筆電 (B3405CCA/Ultra 7/16+8G/升4TB/W11P),76990,False,False,True,False,https://www.momoshop.com.tw/TP/TP0006408/goodsDetail/TP00064080001371,2026-10-06
B3405CCA,,,12792116,【ASUS 華碩】特仕款 14吋 Ultra5商務筆電(Expertbook B3405CCA/Ultra5-225H/16G+8G/1TB+1TB/W11P),57880,True,False,True,False,https://www.momoshop.com.tw/goods/GoodsDetail.jsp?i_code=12792116,2026-10-06
B3405CCA,,,TP00064080001372,【ASUS 華碩】特仕款 ExpertBook 14吋 商用AI筆電 (B3405CCA/Ultra 7/16+16G/升2T/W11P),70990,False,False,True,False,https://www.momoshop.com.tw/TP/TP0006408/goodsDetail/TP00064080001372,2026-10-06
B3405CCA,,,12810423,【ASUS 華碩】特仕款 14吋 Ultra5商務筆電(Expertbook B3405CCA/Ultra5-225H/16G+16G/1TB+2TB/W11P),66880,True,False,True,False,https://www.momoshop.com.tw/goods/GoodsDetail.jsp?i_code=12810423,2026-10-06
B3405CCA,,,TP00064080001373,【ASUS 華碩】特仕款 ExpertBook 14吋 商用AI筆電 (B3405CCA/Ultra 7/16+16G/升4T/W11P),80990,False,False,True,False,https://www.momoshop.com.tw/TP/TP0006408/goodsDetail/TP00064080001373,2026-10-06
B3405CCA,,,12810339,【ASUS 華碩】特仕款 14吋 Ultra5商務筆電(Expertbook B3405CCA/Ultra5-225H/16G+32G/1TB PCIe/W11P),60880,True,False,True,False,https://www.momoshop.com.tw/goods/GoodsDetail.jsp?i_code=12810339,2026-10-06
B3405CCA,,,TP00064080001374,【ASUS 華碩】特仕款 ExpertBook 14吋 商用AI筆電 (B3405CCA/Ultra 7/16+32G/升2T/W11P),78990,False,False,True,False,https://www.momoshop.com.tw/TP/TP0006408/goodsDetail/TP00064080001374,2026-10-06
B3405CCA,,,12810422,【ASUS 華碩】特仕款 14吋 Ultra5商務筆電(Expertbook B3405CCA/Ultra5-225H/16G+32G/1TB+2TB/W11P),72880,True,False,True,False,https://www.momoshop.com.tw/goods/GoodsDetail.jsp?i_code=12810422,2026-10-06
B3405CCA,,,12792064,【ASUS 華碩】特仕款 14吋 Ultra5商務筆電(Expertbook B3405CCA/Ultra5-225H/16G+32G/1TB+1TB/W11P),67880,True,False,True,False,https://www.momoshop.com.tw/goods/GoodsDetail.jsp?i_code=12792064,2026-10-06
B3405CCA,,,13305057,【ASUS 華碩】特仕款 14吋 Ultra7商務筆電(Expertbook B3405CCA/Ultra7-255H/16G+32G/1TB+2TB/W11P),76880,True,False,True,False,https://www.momoshop.com.tw/goods/GoodsDetail.jsp?i_code=13305057,2026-10-06
B3405CCA,,,13305056,【ASUS 華碩】特仕款 14吋 Ultra7商務筆電(Expertbook B3405CCA/Ultra7-255H/16G+16G/1TB+2TB/W11P),70880,True,False,True,False,https://www.momoshop.com.tw/goods/GoodsDetail.jsp?i_code=13305056,2026-10-06
B3405CCA,,,14275467,【ASUS 華碩】特仕款 14吋 Ultra7商務筆電(Expertbook B3405CCA/Ultra7-255H/16G+8G/1TB+1TB/W11P),61880,True,False,True,False,https://www.momoshop.com.tw/goods/GoodsDetail.jsp?i_code=14275467,2026-10-06
B3405CCA,,,12792119,【ASUS 華碩】特仕款 14吋 Ultra5商務筆電(Expertbook B3405CCA/Ultra5-225H/16G+8G/1TB+512G/W11P),54880,True,False,True,False,https://www.momoshop.com.tw/goods/GoodsDetail.jsp?i_code=12792119,2026-10-06
B3405CCA,,,13362622,【ASUS 華碩】特仕款 14吋 Ultra5商務筆電(Expertbook B3405CCA/Ultra5-225H/16G+32G/2TB PCIe/W11P),73880,True,False,True,False,https://www.momoshop.com.tw/goods/GoodsDetail.jsp?i_code=13362622,2026-10-06
B3405CCA,,,12792115,【ASUS 華碩】特仕款 14吋 Ultra5商務筆電(Expertbook B3405CCA/Ultra5-225H/16G+16G/1TB+1TB/W11P),61880,True,False,True,False,https://www.momoshop.com.tw/goods/GoodsDetail.jsp?i_code=12792115,2026-10-06
B3405CCA,,,12792063,【ASUS 華碩】特仕款 14吋 Ultra5商務筆電(Expertbook B3405CCA/Ultra5-225H/16G+8G/1TB+2TB/W11P),62880,True,False,True,False,https://www.momoshop.com.tw/goods/GoodsDetail.jsp?i_code=12792063,2026-10-06
B3405CCA,,,13362621,【ASUS 華碩】特仕款 14吋 Ultra5商務筆電(Expertbook B3405CCA/Ultra5-225H/16G+16G/2TB PCIe/W11P),65880,True,False,True,False,https://www.momoshop.com.tw/goods/GoodsDetail.jsp?i_code=13362621,2026-10-06
B3405CCA,,,13305055,【ASUS 華碩】特仕款 14吋 Ultra7商務筆電(Expertbook B3405CCA/Ultra7-255H/16G+8G/1TB+2TB/W11P),66880,True,False,True,False,https://www.momoshop.com.tw/goods/GoodsDetail.jsp?i_code=13305055,2026-10-06
B3405CCA,,,13362620,【ASUS 華碩】特仕款 14吋 Ultra5商務筆電(Expertbook B3405CCA/Ultra5-225H/16G+8G/2TB PCIe/W11P),61880,True,False,True,False,https://www.momoshop.com.tw/goods/GoodsDetail.jsp?i_code=13362620,2026-10-06
B3405CCA,,,13305058,【ASUS 華碩】特仕款 14吋 Ultra7商務筆電(Expertbook B3405CCA/Ultra7-255H/16G+8G/2TB PCIe/W11P),65880,True,False,True,False,https://www.momoshop.com.tw/goods/GoodsDetail.jsp?i_code=13305058,2026-10-06
B3405CCA,,,15011991,【ASUS 華碩】14吋 Ultra 7 商用AI筆電(B3405CCA-2051A255H/Ultra 7 255H/16G/1TB SSD/W11PRO),50900,True,False,False,False,https://www.momoshop.com.tw/goods/GoodsDetail.jsp?i_code=15011991,2026-10-06
B3406CCA,,,15381718,【ASUS 華碩】14吋Ultra 5商用AI筆電(B3406CCA/Ultra 5 225H/16GB/1TB/W11P),46900,True,False,False,False,https://www.momoshop.com.tw/goods/GoodsDetail.jsp?i_code=15381718,2026-10-06
B3406CCA,,,15249231,【ASUS 華碩】14吋 Ultra 5 商用AI筆電(B3406CCA-0172A225H/Ultra 5 225H/16G/1TB SSD/W11PRO),46900,True,False,False,False,https://www.momoshop.com.tw/goods/GoodsDetail.jsp?i_code=15249231,2026-10-06
B3406CCA,,,15249229,【ASUS 華碩】14吋 Ultra 7 商用AI筆電(B3406CCA-0182A255H/Ultra 7 255H/16G/1TB SSD/W11PRO),50900,True,False,False,False,https://www.momoshop.com.tw/goods/GoodsDetail.jsp?i_code=15249229,2026-10-06
B3406CCA,,,15381716,【ASUS 華碩】14吋Ultra 7商用AI筆電(B3406CCA/Ultra 7 255H/16GB/1TB/W11P),50900,True,False,False,False,https://www.momoshop.com.tw/goods/GoodsDetail.jsp?i_code=15381716,2026-10-06
B3408CCA,,,15396064,【ASUS 華碩】14吋Ultra 7 AI商用筆電(B3408CCA-0051A155H/Ultra 7-155H/16G/512G SSD/W11P),35999,True,False,False,False,https://www.momoshop.com.tw/goods/GoodsDetail.jsp?i_code=15396064,2026-10-06
B3408CCA,,,15415836,【ASUS 華碩】包鼠組★14吋Ultra 7 AI商用筆電(B3408CCA-0051A155H/Ultra 7-155H/16G/512G SSD/W11P),36499,True,True,False,False,https://www.momoshop.com.tw/goods/GoodsDetail.jsp?i_code=15415836,2026-10-06
B3408CCA,,,15441901,【ASUS 華碩】Office2024組★14吋Ultra 7 AI商用筆電(B3408CCA-0051A155H/Ultra 7-155H/16G/512G SSD/W11P),38999,True,True,False,False,https://www.momoshop.com.tw/goods/GoodsDetail.jsp?i_code=15441901,2026-10-06
B3408CCA,,,15544989,【ASUS 華碩】16G記憶體組★14吋Ultra 7 AI商用筆電(B3408CCA-0051A155H/Ultra 7-155H/16G/512G SSD/W11P),39999,True,True,False,False,https://www.momoshop.com.tw/goods/GoodsDetail.jsp?i_code=15544989,2026-10-06
B3408CCA,,,15409862,【ASUS 華碩】微軟M365組★14吋Ultra 7 AI商用筆電(B3408CCA-0051A155H/Ultra 7-155H/16G/512G SSD/W11P),36999,True,True,False,False,https://www.momoshop.com.tw/goods/GoodsDetail.jsp?i_code=15409862,2026-10-06
B3408CCA,,,15415972,【ASUS 華碩】65W充電組★14吋Ultra 7 AI商用筆電(B3408CCA-0051A155H/Ultra 7-155H/16G/512G SSD/W11P),36499,True,True,False,False,https://www.momoshop.com.tw/goods/GoodsDetail.jsp?i_code=15415972,2026-10-06
B3408CCA,,,15415964,【ASUS 華碩】滑鼠組★14吋Ultra 7 AI商用筆電(B3408CCA-0051A155H/Ultra 7-155H/16G/512G SSD/W11P),36499,True,True,False,False,https://www.momoshop.com.tw/goods/GoodsDetail.jsp?i_code=15415964,2026-10-06
B3605CCA,,,15043823,【ASUS 華碩】16吋Ultra 7十六核商用筆電(B3605CCA/Ultra 7 255H/16GB/1TB/W11P),50900,True,False,False,False,https://www.momoshop.com.tw/goods/GoodsDetail.jsp?i_code=15043823,2026-10-06
B3605CCA,,,15011993,【ASUS 華碩】16 吋 Ultra 7 商用AI筆電(B3605CCA-1531A255H/Ultra 7 255H/16G/1TB SSD/W11PRO),50900,True,False,False,False,https://www.momoshop.com.tw/goods/GoodsDetail.jsp?i_code=15011993,2026-10-06
B3605CCA,,,15043824,【ASUS 華碩】16吋Ultra 5十四核商用筆電(B3605CCA/Ultra 5 225H/16GB/1TB/W11P),46900,True,False,False,False,https://www.momoshop.com.tw/goods/GoodsDetail.jsp?i_code=15043824,2026-10-06
B3605CCA,,,12810357,【ASUS 華碩】特仕款 ExpertBook 16吋商用AI筆電 (B3605CCA/Ultra 5/16G+32G/1TB/W11P),63990,True,False,True,False,https://www.momoshop.com.tw/goods/GoodsDetail.jsp?i_code=12810357,2026-10-06
B3605CCA,,,12913645,【ASUS 華碩】特仕款 ExpertBook 16吋商用AI筆電 (B3605CCA/Ultra 5/16G+16G/1TB+2TB/W11P),66990,True,False,True,False,https://www.momoshop.com.tw/goods/GoodsDetail.jsp?i_code=12913645,2026-10-06
B3605CCA,,,12810355,【ASUS 華碩】特仕款 ExpertBook 16吋商用AI筆電 (B3605CCA/Ultra 5/16G+8G/1TB/W11P),51990,True,False,True,False,https://www.momoshop.com.tw/goods/GoodsDetail.jsp?i_code=12810355,2026-10-06
B3605CCA,,,12810356,【ASUS 華碩】特仕款 ExpertBook 16吋商用AI筆電 (B3605CCA/Ultra 5/16G+16G/1TB/W11P),55990,True,False,True,False,https://www.momoshop.com.tw/goods/GoodsDetail.jsp?i_code=12810356,2026-10-06
B3605CCA,,,13362630,【ASUS 華碩】特仕款 16吋AI商務筆電(Expertbook B3605CCA/Ultra 7-255H/16G+32G/512G PCIe/W11P),66990,True,False,True,False,https://www.momoshop.com.tw/goods/GoodsDetail.jsp?i_code=13362630,2026-10-06
B3605CCA,,,TP00064080000818,【ASUS 華碩】特仕款 ExpertBook 16吋商用AI筆電 (B3605CCA/Ultra 7/16G/1T+512G/W11P),53990,False,False,True,False,https://www.momoshop.com.tw/TP/TP0006408/goodsDetail/TP00064080000818,2026-10-06
B3605CCA,,,TP00064080000830,【ASUS 華碩】特仕款ExpertBook16吋商用AI筆電(B3605CCA/Ultra 7/16+32G/1T+512G/W11P),70990,False,False,True,False,https://www.momoshop.com.tw/TP/TP0006408/goodsDetail/TP00064080000830,2026-10-06
B3605CCA,,,TP00064080000841,【ASUS 華碩】特仕款 ExpertBook 16吋商用AI筆電(B3605CCA/Ultra 7/16G+16G/升4TB/W11P),80990,False,False,True,False,https://www.momoshop.com.tw/TP/TP0006408/goodsDetail/TP00064080000841,2026-10-06
B3605CCA,,,TP00064080000784,【ASUS 華碩】特仕款 ExpertBook 16吋商用AI筆電 (B3605CCA/Ultra 5/16G+8G/1TB/W11P),51990,False,False,True,False,https://www.momoshop.com.tw/TP/TP0006408/goodsDetail/TP00064080000784,2026-10-06
B3605CCA,,,TP00064080000785,【ASUS 華碩】特仕款 ExpertBook 16吋商用AI筆電 (B3605CCA/Ultra 5/16G+16G/1TB/W11P),56990,False,False,True,False,https://www.momoshop.com.tw/TP/TP0006408/goodsDetail/TP00064080000785,2026-10-06
B3605CCA,,,TP00064080000788,【ASUS 華碩】特仕款 ExpertBook 16吋商用AI筆電 (B3605CCA/Ultra 5/16G/1TB+1TB/W11P),54990,False,False,True,False,https://www.momoshop.com.tw/TP/TP0006408/goodsDetail/TP00064080000788,2026-10-06
B3605CCA,,,TP00064080000789,【ASUS 華碩】特仕款 ExpertBook 16吋商用AI筆電 (B3605CCA/Ultra 5/16G/1TB+2TB/W11P),59990,False,False,True,False,https://www.momoshop.com.tw/TP/TP0006408/goodsDetail/TP00064080000789,2026-10-06
B3605CCA,,,TP00064080000790,【ASUS 華碩】特仕款 ExpertBook16吋商用AI筆電(B3605CCA/Ultra 5/16+8G/1T+512G/W11P),56990,False,False,True,False,https://www.momoshop.com.tw/TP/TP0006408/goodsDetail/TP00064080000790,2026-10-06
B3605CCA,,,TP00064080000791,【ASUS 華碩】特仕款 ExpertBook 16吋商用AI筆電 (B3605CCA/Ultra 5/16G/1T+512G/W11P),50990,False,False,True,False,https://www.momoshop.com.tw/TP/TP0006408/goodsDetail/TP00064080000791,2026-10-06
B3605CCA,,,TP00064080000792,【ASUS 華碩】特仕款 ExpertBook 16吋商用AI筆電 (B3605CCA/Ultra 5/16G+32G/1TB/W11P),62990,False,False,True,False,https://www.momoshop.com.tw/TP/TP0006408/goodsDetail/TP00064080000792,2026-10-06
B3605CCA,,,TP00064080000793,【ASUS 華碩】特仕款 ExpertBook16吋商用AI筆電(B3605CCA/Ultra 5/16+8G/1TB+1TB/W11P),60990,False,False,True,False,https://www.momoshop.com.tw/TP/TP0006408/goodsDetail/TP00064080000793,2026-10-06
B3605CCA,,,TP00064080000794,【ASUS 華碩】特仕款 ExpertBook16吋商用AI筆電(B3605CCA/Ultra 5/16+8G/1TB+2TB/W11P),65990,False,False,True,False,https://www.momoshop.com.tw/TP/TP0006408/goodsDetail/TP00064080000794,2026-10-06
B3605CCA,,,TP00064080000796,【ASUS 華碩】特仕款ExpertBook16吋商用AI筆電(B3605CCA/Ultra 5/16+16G/1T+512G/W11P),61990,False,False,True,False,https://www.momoshop.com.tw/TP/TP0006408/goodsDetail/TP00064080000796,2026-10-06
B3605CCA,,,TP00064080000797,【ASUS 華碩】特仕款 ExpertBook16吋商用AI筆電(B3605CCA/Ultra 5/16+8G/1TB+4TB/W11P),73990,False,False,True,False,https://www.momoshop.com.tw/TP/TP0006408/goodsDetail/TP00064080000797,2026-10-06
B3605CCA,,,TP00064080000799,【ASUS 華碩】特仕款ExpertBook16吋商用AI筆電(B3605CCA/Ultra 5/16+16G/1TB+2TB/W11P),70990,False,False,True,False,https://www.momoshop.com.tw/TP/TP0006408/goodsDetail/TP00064080000799,2026-10-06
B3605CCA,,,TP00064080000800,【ASUS 華碩】特仕款ExpertBook16吋商用AI筆電(B3605CCA/Ultra 5/16+16G/1TB+1TB/W11P),65990,False,False,True,False,https://www.momoshop.com.tw/TP/TP0006408/goodsDetail/TP00064080000800,2026-10-06
B3605CCA,,,TP00064080000802,【ASUS 華碩】特仕款ExpertBook16吋商用AI筆電(B3605CCA/Ultra 5/16+16G/1TB+4TB/W11P),78990,False,False,True,False,https://www.momoshop.com.tw/TP/TP0006408/goodsDetail/TP00064080000802,2026-10-06
B3605CCA,,,TP00064080000803,【ASUS 華碩】特仕款ExpertBook16吋商用AI筆電(B3605CCA/Ultra 5/16+32G/1T+512G/W11P),67990,False,False,True,False,https://www.momoshop.com.tw/TP/TP0006408/goodsDetail/TP00064080000803,2026-10-06
B3605CCA,,,TP00064080000804,【ASUS 華碩】特仕款ExpertBook16吋商用AI筆電(B3605CCA/Ultra 5/16+32G/1TB+1TB/W11P),71990,False,False,True,False,https://www.momoshop.com.tw/TP/TP0006408/goodsDetail/TP00064080000804,2026-10-06
B3605CCA,,,TP00064080000805,【ASUS 華碩】特仕款ExpertBook16吋商用AI筆電(B3605CCA/Ultra 5/16+32G/1TB+2TB/W11P),76990,False,False,True,False,https://www.momoshop.com.tw/TP/TP0006408/goodsDetail/TP00064080000805,2026-10-06
B3605CCA,,,TP00064080000806,【ASUS 華碩】特仕款ExpertBook16吋商用AI筆電(B3605CCA/Ultra 5/16+32G/1TB+4TB/W11P),84990,False,False,True,False,https://www.momoshop.com.tw/TP/TP0006408/goodsDetail/TP00064080000806,2026-10-06
B3605CCA,,,TP00064080000807,【ASUS 華碩】特仕款 ExpertBook 16吋商用AI筆電 (B3605CCA/Ultra 5/16GB/升2TB/W11P),58990,False,False,True,False,https://www.momoshop.com.tw/TP/TP0006408/goodsDetail/TP00064080000807,2026-10-06
B3605CCA,,,TP00064080000808,【ASUS 華碩】特仕款 ExpertBook 16吋商用AI筆電 (B3605CCA/Ultra 5/16GB/升4TB/W11P),66990,False,False,True,False,https://www.momoshop.com.tw/TP/TP0006408/goodsDetail/TP00064080000808,2026-10-06
B3605CCA,,,TP00064080000809,【ASUS 華碩】特仕款 ExpertBook 16吋商用AI筆電 (B3605CCA/Ultra 5/16G+8G/2TB/W11P),64990,False,False,True,False,https://www.momoshop.com.tw/TP/TP0006408/goodsDetail/TP00064080000809,2026-10-06
B3605CCA,,,TP00064080000810,【ASUS 華碩】特仕款 ExpertBook 16吋商用AI筆電 (B3605CCA/Ultra 5/16G+8G/升4TB/W11P),72990,False,False,True,False,https://www.momoshop.com.tw/TP/TP0006408/goodsDetail/TP00064080000810,2026-10-06
B3605CCA,,,TP00064080000811,【ASUS 華碩】特仕款 ExpertBook 16吋商用AI筆電 (B3605CCA/Ultra 5/16+16G/升2TB/W11P),69990,False,False,True,False,https://www.momoshop.com.tw/TP/TP0006408/goodsDetail/TP00064080000811,2026-10-06
B3605CCA,,,TP00064080000812,【ASUS 華碩】特仕款 ExpertBook 16吋商用AI筆電 (B3605CCA/Ultra 5/16+16G/升4TB/W11P),77990,False,False,True,False,https://www.momoshop.com.tw/TP/TP0006408/goodsDetail/TP00064080000812,2026-10-06
B3605CCA,,,TP00064080000813,【ASUS 華碩】特仕款 ExpertBook 16吋商用AI筆電 (B3605CCA/Ultra 5/16+32G/升2TB/W11P),75990,False,False,True,False,https://www.momoshop.com.tw/TP/TP0006408/goodsDetail/TP00064080000813,2026-10-06
B3605CCA,,,TP00064080000814,【ASUS 華碩】特仕款 ExpertBook 16吋商用AI筆電 (B3605CCA/Ultra 5/16+32G/升4TB/W11P),83990,False,False,True,False,https://www.momoshop.com.tw/TP/TP0006408/goodsDetail/TP00064080000814,2026-10-06
B3605CCA,,,TP00064080000815,【ASUS 華碩】特仕款 ExpertBook 16吋商用AI筆電 (B3605CCA/Ultra 7/16G+8G/1TB/W11P),54990,False,False,True,False,https://www.momoshop.com.tw/TP/TP0006408/goodsDetail/TP00064080000815,2026-10-06
B3605CCA,,,TP00064080000816,【ASUS 華碩】特仕款 ExpertBook 16吋商用AI筆電 (B3605CCA/Ultra 7/16G+16G/1TB/W11P),59990,False,False,True,False,https://www.momoshop.com.tw/TP/TP0006408/goodsDetail/TP00064080000816,2026-10-06
B3605CCA,,,TP00064080000817,【ASUS 華碩】特仕款 ExpertBook 16吋商用AI筆電 (B3605CCA/Ultra 7/16G+32G/1TB/W11P),65990,False,False,True,False,https://www.momoshop.com.tw/TP/TP0006408/goodsDetail/TP00064080000817,2026-10-06
B3605CCA,,,TP00064080000819,【ASUS 華碩】特仕款 ExpertBook 16吋商用AI筆電 (B3605CCA/Ultra 7/16G/1TB+1TB/W11P),57990,False,False,True,False,https://www.momoshop.com.tw/TP/TP0006408/goodsDetail/TP00064080000819,2026-10-06
B3605CCA,,,TP00064080000820,【ASUS 華碩】特仕款 ExpertBook 16吋商用AI筆電 (B3605CCA/Ultra 7/16G/1TB+2TB/W11P),62990,False,False,True,False,https://www.momoshop.com.tw/TP/TP0006408/goodsDetail/TP00064080000820,2026-10-06
B3605CCA,,,TP00064080000822,【ASUS 華碩】特仕款ExpertBook16吋商用AI筆電 (B3605CCA/Ultra 7/16+8G/1T+512G/W11P),59990,False,False,True,False,https://www.momoshop.com.tw/TP/TP0006408/goodsDetail/TP00064080000822,2026-10-06
B3605CCA,,,TP00064080000823,【ASUS 華碩】特仕款ExpertBook16吋商用AI筆電 (B3605CCA/Ultra 7/16+8G/1TB+1TB/W11P),63990,False,False,True,False,https://www.momoshop.com.tw/TP/TP0006408/goodsDetail/TP00064080000823,2026-10-06
B3605CCA,,,TP00064080000824,【ASUS 華碩】特仕款ExpertBook16吋商用AI筆電 (B3605CCA/Ultra 7/16+8G/1TB+2TB/W11P),68990,False,False,True,False,https://www.momoshop.com.tw/TP/TP0006408/goodsDetail/TP00064080000824,2026-10-06
B3605CCA,,,TP00064080000825,【ASUS 華碩】特仕款 ExpertBook 16吋商用AI筆電 (B3605CCA/Ultra 7/16+8G/1T+4T/W11P),76990,False,False,True,False,https://www.momoshop.com.tw/TP/TP0006408/goodsDetail/TP00064080000825,2026-10-06
B3605CCA,,,TP00064080000826,【ASUS 華碩】特仕款ExpertBook16吋商用AI筆電(B3605CCA/Ultra 7/16+16G/1T+512G/W11P),64990,False,False,True,False,https://www.momoshop.com.tw/TP/TP0006408/goodsDetail/TP00064080000826,2026-10-06
B3605CCA,,,TP00064080000827,【ASUS 華碩】特仕款ExpertBook16吋商用AI筆電(B3605CCA/Ultra 7/16+16G/1TB+1TB/W11P),68990,False,False,True,False,https://www.momoshop.com.tw/TP/TP0006408/goodsDetail/TP00064080000827,2026-10-06
B3605CCA,,,TP00064080000829,【ASUS 華碩】特仕款ExpertBook16吋AI商務筆電(B3605CCA/Ultra 7/16+16G/1TB+4TB/W11P),81990,False,False,True,False,https://www.momoshop.com.tw/TP/TP0006408/goodsDetail/TP00064080000829,2026-10-06
B3605CCA,,,TP00064080000831,【ASUS 華碩】特仕款ExpertBook16吋商用AI筆電(B3605CCA/Ultra 7/16+32G/1TB+1TB/W11P),74990,False,False,True,False,https://www.momoshop.com.tw/TP/TP0006408/goodsDetail/TP00064080000831,2026-10-06
B3605CCA,,,TP00064080000833,【ASUS 華碩】特仕款ExpertBook16吋商用AI筆電(B3605CCA/Ultra 7/16+32G/1TB+4TB/W11P),87990,False,False,True,False,https://www.momoshop.com.tw/TP/TP0006408/goodsDetail/TP00064080000833,2026-10-06
B3605CCA,,,TP00064080000834,【ASUS 華碩】特仕款 ExpertBook 16吋商用AI筆電 (B3605CCA/Ultra 7/16G/升2TB/W11P),61990,False,False,True,False,https://www.momoshop.com.tw/TP/TP0006408/goodsDetail/TP00064080000834,2026-10-06
B3605CCA,,,TP00064080000835,【ASUS 華碩】特仕款 ExpertBook 16吋 AI 商務筆電 (B3605CCA/Ultra 7/16G/升4TB/W11P),69990,False,False,True,False,https://www.momoshop.com.tw/TP/TP0006408/goodsDetail/TP00064080000835,2026-10-06
B3605CCA,,,12810360,【ASUS 華碩】特仕款 ExpertBook16吋商用AI筆電 (B3605CCA/Ultra 5/16B+8G/1TB+500G/W11P),54990,True,False,True,False,https://www.momoshop.com.tw/goods/GoodsDetail.jsp?i_code=12810360,2026-10-06
B3605CCA,,,TP00064080000836,【ASUS 華碩】特仕款 ExpertBook 16吋商用AI筆電 (B3605CCA/Ultra 7/16G+8G/升2TB/W11P),67990,False,False,True,False,https://www.momoshop.com.tw/TP/TP0006408/goodsDetail/TP00064080000836,2026-10-06
B3605CCA,,,13362631,【ASUS 華碩】特仕款 16吋AI商務筆電(Expertbook B3605CCA/Ultra 7-255H/16G+16G/1TB PCIe/W11P),60990,True,False,True,False,https://www.momoshop.com.tw/goods/GoodsDetail.jsp?i_code=13362631,2026-10-06
B3605CCA,,,TP00064080000837,【ASUS 華碩】特仕款ExpertBook16吋商用AI筆電(B3605CCA/Ultra 7/16+32G/1TB+2TB/W11P),79990,False,False,True,False,https://www.momoshop.com.tw/TP/TP0006408/goodsDetail/TP00064080000837,2026-10-06
B3605CCA,,,12810358,【ASUS 華碩】特仕款 ExpertBook 16吋商用AI筆電 (B3605CCA/Ultra 5/16GB/1TB+1TB/W11P),53990,True,False,True,False,https://www.momoshop.com.tw/goods/GoodsDetail.jsp?i_code=12810358,2026-10-06
B3605CCA,,,TP00064080000838,【ASUS 華碩】特仕款 ExpertBook 16吋商用AI筆電 (B3605CCA/Ultra 7/16G+8G/升4TB/W11P),75990,False,False,True,False,https://www.momoshop.com.tw/TP/TP0006408/goodsDetail/TP00064080000838,2026-10-06
B3605CCA,,,13305053,【ASUS 華碩】特仕款 ExpertBook 16吋商用AI筆電 (B3605CCA/Ultra 5/16GB/4TB/W11P),67990,True,False,True,False,https://www.momoshop.com.tw/goods/GoodsDetail.jsp?i_code=13305053,2026-10-06
B3605CCA,,,TP00064080000839,【ASUS 華碩】特仕款 ExpertBook 16吋商用AI筆電(B3605CCA/Ultra 7/16G+16G/升2TB/W11P),72990,False,False,True,False,https://www.momoshop.com.tw/TP/TP0006408/goodsDetail/TP00064080000839,2026-10-06
B3605CCA,,,12810364,【ASUS 華碩】特仕款 ExpertBook 16吋商用AI筆電 (B3605CCA/Ultra 5/16GB/1TB+4TB/W11P),68990,True,False,True,False,https://www.momoshop.com.tw/goods/GoodsDetail.jsp?i_code=12810364,2026-10-06
B3605CCA,,,TP00064080000840,【ASUS 華碩】特仕款ExpertBook16吋商用AI筆電(B3605CCA/Ultra 7/16+16G/1TB+2TB/W11P),73990,False,False,True,False,https://www.momoshop.com.tw/TP/TP0006408/goodsDetail/TP00064080000840,2026-10-06
B3605CCA,,,12913630,【ASUS 華碩】特仕款 ExpertBook 16吋商用AI筆電 (B3605CCA/Ultra 5/16G+32G/1TB+500G/W11P),66990,True,False,True,False,https://www.momoshop.com.tw/goods/GoodsDetail.jsp?i_code=12913630,2026-10-06
B3605CCA,,,TP00064080000842,【ASUS 華碩】特仕款 ExpertBook 16吋商用AI筆電(B3605CCA/Ultra 7/16G+32G/升2TB/W11P),78990,False,False,True,False,https://www.momoshop.com.tw/TP/TP0006408/goodsDetail/TP00064080000842,2026-10-06
B3605CCA,,,12913643,【ASUS 華碩】特仕款 ExpertBook 16吋商用AI筆電 (B3605CCA/Ultra 5/16G+8G/1TB+1TB/W11P),58990,True,False,True,False,https://www.momoshop.com.tw/goods/GoodsDetail.jsp?i_code=12913643,2026-10-06
B3605CCA,,,TP00064080000843,【ASUS 華碩】特仕款 ExpertBook 16吋商用AI筆電(B3605CCA/Ultra 7/16G+32G/升4TB/W11P),86990,False,False,True,False,https://www.momoshop.com.tw/TP/TP0006408/goodsDetail/TP00064080000843,2026-10-06
B3605CCA,,,13362623,【ASUS 華碩】特仕款 16吋AI商務筆電(Expertbook B3605CCA/Ultra 7-255H/16G+16G/1TB+1TB/W11P),67990,True,False,True,False,https://www.momoshop.com.tw/goods/GoodsDetail.jsp?i_code=13362623,2026-10-06
B3605CCA,,,13305054,【ASUS 華碩】特仕款 ExpertBook 16吋商用AI筆電 (B3605CCA/Ultra 5/16GB/2TB PCIe/W11P),56990,True,False,True,False,https://www.momoshop.com.tw/goods/GoodsDetail.jsp?i_code=13305054,2026-10-06
B3605CCA,,,13362638,【ASUS 華碩】特仕款 16吋AI商務筆電(Expertbook B3605CCA/Ultra 7-255H/16G+16G/1TB+512G/W11P),64990,True,False,True,False,https://www.momoshop.com.tw/goods/GoodsDetail.jsp?i_code=13362638,2026-10-06
B3605CCA,,,12810361,【ASUS 華碩】特仕款ExpertBook16吋商用AI筆電 (B3605CCA/Ultra 5/16G+16G/1TB+500G/W11P),58990,True,False,True,False,https://www.momoshop.com.tw/goods/GoodsDetail.jsp?i_code=12810361,2026-10-06
B3605CCA,,,12913644,【ASUS 華碩】特仕款 ExpertBook 16吋商用AI筆電 (B3605CCA/Ultra 5/16G+8G/1TB+2TB/W11P),62990,True,False,True,False,https://www.momoshop.com.tw/goods/GoodsDetail.jsp?i_code=12913644,2026-10-06
B3605CCA,,,13362624,【ASUS 華碩】特仕款 16吋AI商務筆電(Expertbook B3605CCA/Ultra 7-255H/16G+8G/1TB+1TB/W11P),62990,True,False,True,False,https://www.momoshop.com.tw/goods/GoodsDetail.jsp?i_code=13362624,2026-10-06
B3605CCA,,,12810359,【ASUS 華碩】特仕款 ExpertBook 16吋商用AI筆電 (B3605CCA/Ultra 5/16GB/1TB+2TB/W11P),57990,True,False,True,False,https://www.momoshop.com.tw/goods/GoodsDetail.jsp?i_code=12810359,2026-10-06
B3605CCA,,,13362637,【ASUS 華碩】特仕款 16吋AI商務筆電(Expertbook B3605CCA/Ultra 7-255H/16G+8G/1TB+500G/W11P),59990,True,False,True,False,https://www.momoshop.com.tw/goods/GoodsDetail.jsp?i_code=13362637,2026-10-06
B3605CCA,,,13305052,【ASUS 華碩】特仕款 ExpertBook 16吋商用AI筆電 (B3605CCA/Ultra 5/16G+32G/1TB+2TB/W11P),74990,True,False,True,False,https://www.momoshop.com.tw/goods/GoodsDetail.jsp?i_code=13305052,2026-10-06
B3606CCA,,,15381721,【ASUS 華碩】16吋Ultra 5商用AI筆電(B3606CCA/Ultra 5 225H/16GB/1TB/W11P),46900,True,False,False,False,https://www.momoshop.com.tw/goods/GoodsDetail.jsp?i_code=15381721,2026-10-06
B3606CCA,,,15249234,【ASUS 華碩】16 吋 Ultra 5 商用AI筆電(B3606CCA-0102A225H/Ultra 5 225H/16G/1TB SSD/W11PRO),46900,True,False,False,False,https://www.momoshop.com.tw/goods/GoodsDetail.jsp?i_code=15249234,2026-10-06
B3606CCA,,,15249233,【ASUS 華碩】16 吋 Ultra 7 商用AI筆電(B3606CCA-0112A255H/Ultra 7 255H/16G/1TB SSD/W11PRO),50900,True,False,False,False,https://www.momoshop.com.tw/goods/GoodsDetail.jsp?i_code=15249233,2026-10-06
B3606CCA,,,15381719,【ASUS 華碩】16吋Ultra 7商用AI筆電(B3606CCA/Ultra 7 255H/16GB/1TB/W11P),50900,True,False,False,False,https://www.momoshop.com.tw/goods/GoodsDetail.jsp?i_code=15381719,2026-10-06
B3608CCA,,,15396063,【ASUS 華碩】16吋Ultra 7 AI商用筆電(B3608CCA-0051A155H/Ultra 7-155H/16G/512G SSD/W11P),35999,True,False,False,False,https://www.momoshop.com.tw/goods/GoodsDetail.jsp?i_code=15396063,2026-10-06
B3608CCA,,,15415678,【ASUS 華碩】滑鼠組★16吋Ultra 5商用筆電(31N15-B3608CCA-0041A125H/Ultra 5 125H/16G/512G SSD/W11P),32999,True,True,False,False,https://www.momoshop.com.tw/goods/GoodsDetail.jsp?i_code=15415678,2026-10-06
B3608CCA,,,15441902,【ASUS 華碩】Office2024組★16吋Ultra 7 AI商用筆電(B3608CCA-0051A155H/Ultra 7-155H/16G/512G SSD/W11P),38999,True,True,False,False,https://www.momoshop.com.tw/goods/GoodsDetail.jsp?i_code=15441902,2026-10-06
B3608CCA,,,15394063,【ASUS 華碩】16吋Ultra 7商用筆電(B3608CCA-0051A155H/Ultra 7 155H/16G/512G SSD/W11P),35999,True,False,False,False,https://www.momoshop.com.tw/goods/GoodsDetail.jsp?i_code=15394063,2026-10-06
B3608CCA,,,15394060,【ASUS 華碩】16吋Ultra 5商用筆電(B3608CCA-0041A125H/Ultra 5 125H/16G/512G SSD/W11P),32999,True,False,False,False,https://www.momoshop.com.tw/goods/GoodsDetail.jsp?i_code=15394060,2026-10-06
B3608CCA,,,15545497,【ASUS 華碩】16G記憶體組★16吋Ultra 7 AI商用筆電(B3608CCA-0051A155H/Ultra 7-155H/16G/512G SSD/W11P),39999,True,True,False,False,https://www.momoshop.com.tw/goods/GoodsDetail.jsp?i_code=15545497,2026-10-06
B3608CCA,,,15415777,【ASUS 華碩】65W充電組★16吋Ultra 5商用筆電(31N15-B3608CCA-0041A125H/Ultra 5 125H/16G/512G SSD/W11P),32999,True,True,False,False,https://www.momoshop.com.tw/goods/GoodsDetail.jsp?i_code=15415777,2026-10-06
B3608CCA,,,15415999,【ASUS 華碩】滑鼠組★16吋Ultra 7 AI商用筆電(B3608CCA-0051A155H/Ultra 7-155H/16G/512G SSD/W11P),35999,True,True,False,False,https://www.momoshop.com.tw/goods/GoodsDetail.jsp?i_code=15415999,2026-10-06
B3608CCA,,,15415812,【ASUS 華碩】滑鼠組★16吋Ultra 7商用筆電(31N18-B3608CCA-0051A155H/Ultra 7 155H/16G/512G SSD/W11P),35999,True,True,False,False,https://www.momoshop.com.tw/goods/GoodsDetail.jsp?i_code=15415812,2026-10-06
B3608CCA,,,15416015,【ASUS 華碩】65W充電組★16吋Ultra 7 AI商用筆電(B3608CCA-0051A155H/Ultra 7-155H/16G/512G SSD/W11P),35999,True,True,False,False,https://www.momoshop.com.tw/goods/GoodsDetail.jsp?i_code=15416015,2026-10-06
B3608CCA,,,15441905,【ASUS 華碩】Office2024組★16吋Ultra7商用筆電(31N18-B3608CCA-0051A155H/Ultra7 155H/16G/512GSSD/W11P),38999,True,True,False,False,https://www.momoshop.com.tw/goods/GoodsDetail.jsp?i_code=15441905,2026-10-06
B3608CCA,,,15441898,【ASUS 華碩】Office2024組★16吋Ultra5商用筆電(31N15-B3608CCA-0041A125H/Ultra5 125H/16G/512GSSD/W11P),35999,True,True,False,False,https://www.momoshop.com.tw/goods/GoodsDetail.jsp?i_code=15441898,2026-10-06
B3608CCA,,,15409863,【ASUS 華碩】微軟M365組★16吋Ultra 7 AI商用筆電(B3608CCA-0051A155H/Ultra 7-155H/16G/512G SSD/W11P),36999,True,True,False,False,https://www.momoshop.com.tw/goods/GoodsDetail.jsp?i_code=15409863,2026-10-06
B3608CCA,,,15415813,【ASUS 華碩】65W充電組★16吋Ultra 7商用筆電(31N18-B3608CCA-0051A155H/Ultra 7 155H/16G/512G SSD/W11P),35999,True,True,False,False,https://www.momoshop.com.tw/goods/GoodsDetail.jsp?i_code=15415813,2026-10-06
B3608CCA,,,15409851,【ASUS 華碩】微軟M365組★16吋Ultra 5商用筆電(31N15-B3608CCA-0041A125H/Ultra 5 125H/16G/512G/W11P),33999,True,True,False,False,https://www.momoshop.com.tw/goods/GoodsDetail.jsp?i_code=15409851,2026-10-06
B3608CCA,,,15409853,【ASUS 華碩】微軟M365組★16吋Ultra 7商用筆電(31N18-B3608CCA-0051A155H/Ultra 7 155H/16G/512G/W11P),36999,True,True,False,False,https://www.momoshop.com.tw/goods/GoodsDetail.jsp?i_code=15409853,2026-10-06
B5405CAA,,,15381726,【ASUS 華碩】14吋 Ultra 7 AI商用筆電(B5405CAA-0081A7355/Ultra 7 355/16G/1TB SSD/W11PRO),56900,True,False,False,False,https://www.momoshop.com.tw/goods/GoodsDetail.jsp?i_code=15381726,2026-10-06
B5405CAA,,,15582267,【ASUS 華碩】14吋Ultra 7商用AI筆電(B5405CAA/Ultra 7 355/16GB/1TB SSD/W11P),56900,True,False,False,False,https://www.momoshop.com.tw/goods/GoodsDetail.jsp?i_code=15582267,2026-10-06
B5405CAA,,,15381727,【ASUS 華碩】14吋 Ultra 5 AI商用筆電(B5405CAA-0091A5325/Ultra 5 325/16G/1TB SSD/W11PRO),52900,True,False,False,False,https://www.momoshop.com.tw/goods/GoodsDetail.jsp?i_code=15381727,2026-10-06
B5405CAA,,,15582268,【ASUS 華碩】14吋Ultra 5商用AI筆電(B5405CAA/Ultra 5 325/16GB/1TB SSD/W11P),52900,True,False,False,False,https://www.momoshop.com.tw/goods/GoodsDetail.jsp?i_code=15582268,2026-10-06
B5405CCA,,,14656374,【ASUS 華碩】14吋Ultra 5十四核商用筆電(B5405CCA/Ultra 5 225H/16GB/1TB SSD/W11P),50900,True,False,False,False,https://www.momoshop.com.tw/goods/GoodsDetail.jsp?i_code=14656374,2026-10-06
B5405CCA,,,14656373,【ASUS 華碩】14吋Ultra 7十六核商用筆電(B5405CCA/Ultra 7 255H/16GB/1TB SSD/W11P),54900,True,False,False,False,https://www.momoshop.com.tw/goods/GoodsDetail.jsp?i_code=14656373,2026-10-06
B5405CCA,,,15496595,【ASUS 華碩】14吋 Ultra 7 AI商用筆電(B5405CCA-0071A255H/Ultra 7 255H/16G/1TB SSD/W11PRO),54900,True,False,False,False,https://www.momoshop.com.tw/goods/GoodsDetail.jsp?i_code=15496595,2026-10-06
B5405CCA,,,15496594,【ASUS 華碩】14吋 Ultra 5 AI商用筆電(B5405CCA-0191A225H/Ultra 5 225H/16G/1TB SSD/W11PRO),50900,True,False,False,False,https://www.momoshop.com.tw/goods/GoodsDetail.jsp?i_code=15496594,2026-10-06
B5405CCA,,,14503398,【ASUS 華碩】14吋 Ultra 5 AI商用筆電(B5405CCA-0911A225H/Ultra 5 225H/16G/1TB SSD/W11PRO),50900,True,False,False,False,https://www.momoshop.com.tw/goods/GoodsDetail.jsp?i_code=14503398,2026-10-06
B5405CCA,,,15086261,【ASUS 華碩】特仕款 14吋Ultra 7 商務筆電(Expertbook B5405CCA/U7-255H/16G+16G/1TB PCIe/W11P),63900,True,False,True,False,https://www.momoshop.com.tw/goods/GoodsDetail.jsp?i_code=15086261,2026-10-06
B5405CCA,,,15381712,【ASUS 華碩】14吋Ultra 7商用AI筆電(B5405CCA/Ultra 7 255H/16GB/1TB SSD/W11P),54900,True,False,False,False,https://www.momoshop.com.tw/goods/GoodsDetail.jsp?i_code=15381712,2026-10-06
B5405CCA,,,TP00064080001421,【ASUS 華碩】特仕款 14吋 AI 商務筆電(B5405CCA-0911A225H/CU5-225H/16+32G/1TB/W11P),64990,False,False,True,False,https://www.momoshop.com.tw/TP/TP0006408/goodsDetail/TP00064080001421,2026-10-06
B5405CCA,,,TP00064080001419,【ASUS 華碩】特仕款 14吋 AI 商務筆電 (B5405CCA-0911A225H/CU5-225H/16+8G/1TB/W11P),54990,False,False,True,False,https://www.momoshop.com.tw/TP/TP0006408/goodsDetail/TP00064080001419,2026-10-06
B5405CCA,,,TP00064080001420,【ASUS 華碩】特仕款 14吋 AI 商務筆電(B5405CCA-0911A225H/CU5-225H/16+16G/1TB/W11P),58990,False,False,True,False,https://www.momoshop.com.tw/TP/TP0006408/goodsDetail/TP00064080001420,2026-10-06
B5405CCA,,,TP00064080001422,【ASUS 華碩】特仕款 14吋 AI 商務筆電(B5405CCA-0911A225H/CU5-225H/32+32G/1TB/W11P),79990,False,False,True,False,https://www.momoshop.com.tw/TP/TP0006408/goodsDetail/TP00064080001422,2026-10-06
B5405CCA,,,TP00064080001423,【ASUS 華碩】特仕款14吋AI商務筆電(B5405CCA-0911A225H/CU5-225H/16+8G/1T+512G/W11P),58990,False,False,True,False,https://www.momoshop.com.tw/TP/TP0006408/goodsDetail/TP00064080001423,2026-10-06
B5405CCA,,,TP00064080001426,【ASUS 華碩】特仕款14吋AI商務筆電(B5405CCA-0911A225H/U5-225H/16+16G/1T+512G/W11P),62990,False,False,True,False,https://www.momoshop.com.tw/TP/TP0006408/goodsDetail/TP00064080001426,2026-10-06
B5405CCA,,,TP00064080001429,【ASUS 華碩】特仕款14吋AI商務筆電(B5405CCA-0911A225H/U5-225H/16+32G/1T+512G/W11P),68990,False,False,True,False,https://www.momoshop.com.tw/TP/TP0006408/goodsDetail/TP00064080001429,2026-10-06
B5405CCA,,,TP00064080001432,【ASUS 華碩】特仕款14吋AI商務筆電(B5405CCA-0911A225H/U5-225H/32+32G/1T+512G/W11P),83990,False,False,True,False,https://www.momoshop.com.tw/TP/TP0006408/goodsDetail/TP00064080001432,2026-10-06
B5405CCA,,,TP00064080001436,【ASUS 華碩】特仕款 14吋 AI商務筆電(B5405CCA-0911A225H/U5-225H/16GB/1T+512G/W11P),53990,False,False,True,False,https://www.momoshop.com.tw/TP/TP0006408/goodsDetail/TP00064080001436,2026-10-06
B5405CCA,,,TP00064080001439,【ASUS 華碩】特仕款 14吋 AI 商務筆電 (B5405CCA-0911A225H/CU5-225H/16GB/2TB/W11P),60990,False,False,True,False,https://www.momoshop.com.tw/TP/TP0006408/goodsDetail/TP00064080001439,2026-10-06
B5405CCA,,,TP00064080001440,【ASUS 華碩】特仕款 14吋 AI 商務筆電 (B5405CCA-0911A225H/CU5-225H/16GB/4TB/W11P),70990,False,False,True,False,https://www.momoshop.com.tw/TP/TP0006408/goodsDetail/TP00064080001440,2026-10-06
B5405CCA,,,TP00064080001441,【ASUS 華碩】特仕款 14吋 AI 商務筆電 (B5405CCA-0911A225H/CU5-225H/16+8G/2TB/W11P),65990,False,False,True,False,https://www.momoshop.com.tw/TP/TP0006408/goodsDetail/TP00064080001441,2026-10-06
B5405CCA,,,TP00064080001442,【ASUS 華碩】特仕款 14吋 AI 商務筆電 (B5405CCA-0911A225H/CU5-225H/16+8G/4TB/W11P),75990,False,False,True,False,https://www.momoshop.com.tw/TP/TP0006408/goodsDetail/TP00064080001442,2026-10-06
B5405CCA,,,TP00064080001443,【ASUS 華碩】特仕款 14吋 AI 商務筆電 (B5405CCA-0911A225H/CU5-225H/16+16G/2T/W11P),70990,False,False,True,False,https://www.momoshop.com.tw/TP/TP0006408/goodsDetail/TP00064080001443,2026-10-06
B5405CCA,,,TP00064080001444,【ASUS 華碩】特仕款 14吋 AI 商務筆電 (B5405CCA-0911A225H/CU5-225H/16+16G/4T/W11P),80990,False,False,True,False,https://www.momoshop.com.tw/TP/TP0006408/goodsDetail/TP00064080001444,2026-10-06
B5405CCA,,,TP00064080001445,【ASUS 華碩】特仕款 14吋 AI 商務筆電 (B5405CCA-0911A225H/CU5-225H/16+32G/2T/W11P),75990,False,False,True,False,https://www.momoshop.com.tw/TP/TP0006408/goodsDetail/TP00064080001445,2026-10-06
B5405CCA,,,TP00064080001446,【ASUS 華碩】特仕款 14吋 AI 商務筆電 (B5405CCA-0911A225H/CU5-225H/16+32G/4T/W11P),85990,False,False,True,False,https://www.momoshop.com.tw/TP/TP0006408/goodsDetail/TP00064080001446,2026-10-06
B5405CCA,,,TP00064080001448,【ASUS 華碩】特仕款 14吋 AI商務筆電 (B5405CCA-0911A225H/U5-225H/32G+32G/2TB/W11P),90990,False,False,True,False,https://www.momoshop.com.tw/TP/TP0006408/goodsDetail/TP00064080001448,2026-10-06
B5405CCA,,,TP00064080001456,【ASUS 華碩】特仕款 14吋 AI商務筆電 (B5405CCA-0911A225H/U5-225H/32G+32G/4TB/W11P),100990,False,False,True,False,https://www.momoshop.com.tw/TP/TP0006408/goodsDetail/TP00064080001456,2026-10-06
B5405CCA,,,TP00064080001457,【ASUS 華碩】特仕款 14吋 AI 商務筆電 (B5405CCA-0901A255H/CU7-255H/16+8G/1TB/W11P),59990,False,False,True,False,https://www.momoshop.com.tw/TP/TP0006408/goodsDetail/TP00064080001457,2026-10-06
B5405CCA,,,TP00064080001458,【ASUS 華碩】特仕款 14吋 AI 商務筆電(B5405CCA-0901A255H/CU7-255H/16+16G/1TB/W11P),63990,False,False,True,False,https://www.momoshop.com.tw/TP/TP0006408/goodsDetail/TP00064080001458,2026-10-06
B5405CCA,,,TP00064080001459,【ASUS 華碩】特仕款 14吋 AI 商務筆電(B5405CCA-0901A255H/CU7-255H/16+32G/1TB/W11P),69990,False,False,True,False,https://www.momoshop.com.tw/TP/TP0006408/goodsDetail/TP00064080001459,2026-10-06
B5405CCA,,,TP00064080001460,【ASUS 華碩】特仕款 14吋 AI 商務筆電(B5405CCA-0901A255H/CU7-255H/32+32G/1TB/W11P),84990,False,False,True,False,https://www.momoshop.com.tw/TP/TP0006408/goodsDetail/TP00064080001460,2026-10-06
B5405CCA,,,TP00064080001461,【ASUS 華碩】特仕款14吋AI商務筆電(B5405CCA-0901A255H/CU7-255H/16+8G/1T+512G/W11P),63990,False,False,True,False,https://www.momoshop.com.tw/TP/TP0006408/goodsDetail/TP00064080001461,2026-10-06
B5405CCA,,,TP00064080001464,【ASUS 華碩】特仕款14吋AI商務筆電(B5405CCA-0901A255H/U7-255H/16+16G/1T+512G/W11P),67990,False,False,True,False,https://www.momoshop.com.tw/TP/TP0006408/goodsDetail/TP00064080001464,2026-10-06
B5405CCA,,,TP00064080001467,【ASUS 華碩】特仕款14吋AI商務筆電(B5405CCA-0901A255H/U7-255H/16+32G/1T+512G/W11P),73990,False,False,True,False,https://www.momoshop.com.tw/TP/TP0006408/goodsDetail/TP00064080001467,2026-10-06
B5405CCA,,,TP00064080001470,【ASUS 華碩】特仕款14吋AI商務筆電(B5405CCA-0901A255H/U7-255H/32+32G/1T+512G/W11P),88990,False,False,True,False,https://www.momoshop.com.tw/TP/TP0006408/goodsDetail/TP00064080001470,2026-10-06
B5405CCA,,,TP00064080001473,【ASUS 華碩】特仕款 14吋 AI 商務筆電(B5405CCA-0901A255H/U7-255H/16G/1T+512G/W11P),58990,False,False,True,False,https://www.momoshop.com.tw/TP/TP0006408/goodsDetail/TP00064080001473,2026-10-06
B5405CCA,,,TP00064080001476,【ASUS 華碩】特仕款 14吋 AI 商務筆電 (B5405CCA-0901A255H/CU7-255H/16GB/2TB/W11P),65990,False,False,True,False,https://www.momoshop.com.tw/TP/TP0006408/goodsDetail/TP00064080001476,2026-10-06
B5405CCA,,,TP00064080001477,【ASUS 華碩】特仕款 14吋 AI 商務筆電 (B5405CCA-0901A255H/CU7-255H/16GB/4TB/W11P),75990,False,False,True,False,https://www.momoshop.com.tw/TP/TP0006408/goodsDetail/TP00064080001477,2026-10-06
B5405CCA,,,TP00064080001479,【ASUS 華碩】特仕款 14吋 AI 商務筆電 (B5405CCA-0901A255H/CU7-255H/16+8G/2TB/W11P),70990,False,False,True,False,https://www.momoshop.com.tw/TP/TP0006408/goodsDetail/TP00064080001479,2026-10-06
B5405CCA,,,15381713,【ASUS 華碩】14吋Ultra 5商用AI筆電(B5405CCA/Ultra 5 225H/16GB/1TB SSD/W11P),50900,True,False,False,False,https://www.momoshop.com.tw/goods/GoodsDetail.jsp?i_code=15381713,2026-10-06
B5405CCA,,,TP00064080001480,【ASUS 華碩】特仕款 14吋 AI 商務筆電 (B5405CCA-0901A255H/CU7-255H/16+8G/4TB/W11P),80990,False,False,True,False,https://www.momoshop.com.tw/TP/TP0006408/goodsDetail/TP00064080001480,2026-10-06
B5405CCA,,,TP00064080001481,【ASUS 華碩】特仕款 14吋 AI 商務筆電 (B5405CCA-0901A255H/U7-255H/16+16G/2TB/W11P),74990,False,False,True,False,https://www.momoshop.com.tw/TP/TP0006408/goodsDetail/TP00064080001481,2026-10-06
B5405CCA,,,12913636,【ASUS 華碩】特仕款 14吋 AI商務筆電(Expertbook B5405CCA/Ultra5-225H/16G+16G/1TB PCIe/W11P),59990,True,False,True,False,https://www.momoshop.com.tw/goods/GoodsDetail.jsp?i_code=12913636,2026-10-06
B5405CCA,,,TP00064080001482,【ASUS 華碩】特仕款 14吋 AI 商務筆電 (B5405CCA-0901A255H/U7-255H/16+16G/4TB/W11P),84990,False,False,True,False,https://www.momoshop.com.tw/TP/TP0006408/goodsDetail/TP00064080001482,2026-10-06
B5405CCA,,,12810347,【ASUS 華碩】特仕款 14吋 AI商務筆電(Expertbook B5405CCA/Ultra5-225H/16G+16G/1TB+512G/W11P),63990,True,False,True,False,https://www.momoshop.com.tw/goods/GoodsDetail.jsp?i_code=12810347,2026-10-06
B5405CCA,,,TP00064080001483,【ASUS 華碩】特仕款 14吋 AI 商務筆電 (B5405CCA-0901A255H/U7-255H/16+32G/2TB/W11P),80990,False,False,True,False,https://www.momoshop.com.tw/TP/TP0006408/goodsDetail/TP00064080001483,2026-10-06
B5405CCA,,,12810351,【ASUS 華碩】特仕款 14吋 AI商務筆電(Expertbook B5405CCA/Ultra5-225H/16G+16G/1TB+1TB/W11P),66990,True,False,True,False,https://www.momoshop.com.tw/goods/GoodsDetail.jsp?i_code=12810351,2026-10-06
B5405CCA,,,TP00064080001485,【ASUS 華碩】特仕款 14吋 AI 商務筆電 (B5405CCA-0901A255H/U7-255H/16+32G/4TB/W11P),90990,False,False,True,False,https://www.momoshop.com.tw/TP/TP0006408/goodsDetail/TP00064080001485,2026-10-06
B5405CCA,,,14275356,【ASUS 華碩】特仕款 14吋 Ultra7商務筆電(Expertbook B5405CCA/Ultra7-255H/16G+8G/1TB+1TB/W11P),66990,True,False,True,False,https://www.momoshop.com.tw/goods/GoodsDetail.jsp?i_code=14275356,2026-10-06
B5405CCA,,,TP00064080001486,【ASUS 華碩】特仕款 14吋 AI 商務筆電 (B5405CCA-0901A255H/U7-255H/32+32G/2TB/W11P),95990,False,False,True,False,https://www.momoshop.com.tw/TP/TP0006408/goodsDetail/TP00064080001486,2026-10-06
B5405CCA,,,14275355,【ASUS 華碩】特仕款 14吋 Ultra7商務筆電(Expertbook B5405CCA/Ultra7-255H/16G+16G/1TB+512G/W11P),67990,True,False,True,False,https://www.momoshop.com.tw/goods/GoodsDetail.jsp?i_code=14275355,2026-10-06
B5405CCA,,,TP00064080001487,【ASUS 華碩】特仕款 14吋 AI 商務筆電 (B5405CCA-0901A255H/U7-255H/32+32G/4TB/W11P),105990,False,False,True,False,https://www.momoshop.com.tw/TP/TP0006408/goodsDetail/TP00064080001487,2026-10-06
B5405CCA,,,12913640,【ASUS 華碩】特仕款 14吋 AI商務筆電(Expertbook B5405CCA/Ultra5-225H/16G+32G/2TB PCIe/W11P),76990,True,False,True,False,https://www.momoshop.com.tw/goods/GoodsDetail.jsp?i_code=12913640,2026-10-06
B5405CCA,,,14354454,【ASUS 華碩】特仕款 14吋 Ultra7商務筆電(Expertbook B5405CCA/Ultra7-255H/16G+16G/2TB PCIe/W11P),74990,True,False,True,False,https://www.momoshop.com.tw/goods/GoodsDetail.jsp?i_code=14354454,2026-10-06
B5405CCA,,,12810349,【ASUS 華碩】特仕款 14吋 AI商務筆電(Expertbook B5405CCA/Ultra5-225H/16G+32G/1TB+512G/W11P),69990,True,False,True,False,https://www.momoshop.com.tw/goods/GoodsDetail.jsp?i_code=12810349,2026-10-06
B5405CCA,,,14354444,【ASUS 華碩】特仕款 14吋 Ultra7商務筆電(Expertbook B5405CCA/Ultra7-255H/16G+32G/1TB+1TB/W11P),76990,True,False,True,False,https://www.momoshop.com.tw/goods/GoodsDetail.jsp?i_code=14354444,2026-10-06
B5405CCA,,,12913637,【ASUS 華碩】特仕款 14吋 AI商務筆電(Expertbook B5405CCA/Ultra5-225H/16G+32G/1TB PCIe/W11P),65990,True,False,True,False,https://www.momoshop.com.tw/goods/GoodsDetail.jsp?i_code=12913637,2026-10-06
B5405CCA,,,12810346,【ASUS 華碩】特仕款 14吋 AI商務筆電(Expertbook B5405CCA/Ultra5-225H/16G+8G/1TB+512G/W11P),59990,True,False,True,False,https://www.momoshop.com.tw/goods/GoodsDetail.jsp?i_code=12810346,2026-10-06
B5405CCA,,,14275354,【ASUS 華碩】特仕款 14吋 Ultra7商務筆電(Expertbook B5405CCA/Ultra7-255H/16G+8G/1TB+512G/W11P),63990,True,False,True,False,https://www.momoshop.com.tw/goods/GoodsDetail.jsp?i_code=14275354,2026-10-06
B5405CCA,,,14354452,【ASUS 華碩】特仕款 14吋 Ultra7商務筆電(Expertbook B5405CCA/Ultra7-255H/16GB/2TB PCIe/W11P),65990,True,False,True,False,https://www.momoshop.com.tw/goods/GoodsDetail.jsp?i_code=14354452,2026-10-06
B5405CCA,,,12810352,【ASUS 華碩】特仕款 14吋 AI商務筆電(Expertbook B5405CCA/Ultra5-225H/16G+32G/1TB+1TB/W11P),72990,True,False,True,False,https://www.momoshop.com.tw/goods/GoodsDetail.jsp?i_code=12810352,2026-10-06
B5405CCA,,,13964972,【ASUS 華碩】特仕款 14吋 AI商務筆電(Expertbook B5405CCA/Ultra5-225H/16G+8G/4TB PCIe/W11P),76990,True,False,True,False,https://www.momoshop.com.tw/goods/GoodsDetail.jsp?i_code=13964972,2026-10-06
B5405CCA,,,12913635,【ASUS 華碩】特仕款 14吋 AI商務筆電(Expertbook B5405CCA/Ultra5-225H/16G+8G/1TB PCIe/W11P),55990,True,False,True,False,https://www.momoshop.com.tw/goods/GoodsDetail.jsp?i_code=12913635,2026-10-06
B5405CCA,,,12913638,【ASUS 華碩】特仕款 14吋 AI商務筆電(Expertbook B5405CCA/Ultra5 -225H/16G+8G/2TB PCIe/W11P),66990,True,False,True,False,https://www.momoshop.com.tw/goods/GoodsDetail.jsp?i_code=12913638,2026-10-06
B5405CCA,,,14275357,【ASUS 華碩】特仕款 14吋 Ultra7商務筆電(Expertbook B5405CCA/Ultra7-255H/16G+16G/1TB+1TB/W11P),70990,True,False,True,False,https://www.momoshop.com.tw/goods/GoodsDetail.jsp?i_code=14275357,2026-10-06
B5405CCA,,,12913639,【ASUS 華碩】特仕款 14吋 AI商務筆電(Expertbook B5405CCA/Ultra5-225H/16G+16G/2TB PCIe/W11P),70990,True,False,True,False,https://www.momoshop.com.tw/goods/GoodsDetail.jsp?i_code=12913639,2026-10-06
B5405CCA,,,14354453,【ASUS 華碩】特仕款 14吋 Ultra7商務筆電(Expertbook B5405CCA/Ultra7-255H/16GB/4TB PCIe/W11P),75990,True,False,True,False,https://www.momoshop.com.tw/goods/GoodsDetail.jsp?i_code=14354453,2026-10-06
B5405CCA,,,12810350,【ASUS 華碩】特仕款 14吋 AI商務筆電(Expertbook B5405CCA/Ultra5-225H/16G+8G/1TB+1TB/W11P),62990,True,False,True,False,https://www.momoshop.com.tw/goods/GoodsDetail.jsp?i_code=12810350,2026-10-06
B5605CAA,,,15381728,【ASUS 華碩】16吋Ultra7 AI商用筆電(B5605CAA-0061A7355/Ultra 7 355/16G/1TB SSD/W11P),56900,True,False,False,False,https://www.momoshop.com.tw/goods/GoodsDetail.jsp?i_code=15381728,2026-10-06
B5605CAA,,,15582269,【ASUS 華碩】16吋Ultra 7商用AI筆電(B5605CAA/Ultra 7 355/16GB/1TB SSD/W11P),56900,True,False,False,False,https://www.momoshop.com.tw/goods/GoodsDetail.jsp?i_code=15582269,2026-10-06
B5605CAA,,,15582304,【ASUS 華碩】16吋Ultra 5商用AI筆電(B5605CAA/Ultra 5 325/16GB/1TB SSD/W11P),52900,True,False,False,False,https://www.momoshop.com.tw/goods/GoodsDetail.jsp?i_code=15582304,2026-10-06
B5605CAA,,,15381729,【ASUS 華碩】16吋Ultra5 AI商用筆電(B5605CAA-0051A5325/Ultra 5 325/16G/1TB SSD/W11P),52900,True,False,False,False,https://www.momoshop.com.tw/goods/GoodsDetail.jsp?i_code=15381729,2026-10-06
B5605CCA,,,15381714,【ASUS 華碩】16吋Ultra 7商用筆電(B5605CCA/Ultra 7 255H/16GB/1TB SSD/W11P),54900,True,False,False,False,https://www.momoshop.com.tw/goods/GoodsDetail.jsp?i_code=15381714,2026-10-06
B5605CCA,,,15496598,【ASUS 華碩】16吋 Ultra 5 AI商用筆電(B5605CCA-0311A225H/Ultra 5 225H/16G/1TB SSD/W11PRO),50900,True,False,False,False,https://www.momoshop.com.tw/goods/GoodsDetail.jsp?i_code=15496598,2026-10-06
B5605CCA,,,14503399,【ASUS 華碩】16吋 Ultra 7 AI商用筆電(B5605CCA-0151A255H/Ultra 7 255H/16G/1TB SSD/W11PRO),54900,True,False,False,False,https://www.momoshop.com.tw/goods/GoodsDetail.jsp?i_code=14503399,2026-10-06
B5605CCA,,,14656375,【ASUS 華碩】16吋Ultra7十六核商用筆電(B5605CCA/Ultra 7 255H/16GB/1TB SSD/W11P),54000,True,False,False,False,https://www.momoshop.com.tw/goods/GoodsDetail.jsp?i_code=14656375,2026-10-06
B5605CCA,,,14503400,【ASUS 華碩】16吋 Ultra 5 AI商用筆電(B5605CCA-0161A225H/Ultra 5 225H/16G/1TB SSD/W11PRO),50900,True,False,False,False,https://www.momoshop.com.tw/goods/GoodsDetail.jsp?i_code=14503400,2026-10-06
B5605CCA,,,15381715,【ASUS 華碩】16吋Ultra 5商用筆電(B5605CCA/Ultra 5 225H/16GB/1TB SSD/W11P),50900,True,False,False,False,https://www.momoshop.com.tw/goods/GoodsDetail.jsp?i_code=15381715,2026-10-06
B5605CCA,,,14656376,【ASUS 華碩】16吋Ultra5十四核商用筆電(B5605CCA/Ultra 5 225H/16GB/1TB SSD/W11P),50900,True,False,False,False,https://www.momoshop.com.tw/goods/GoodsDetail.jsp?i_code=14656376,2026-10-06
B5605CCA,,,12824826,【ASUS 華碩】特仕款 16吋Ultra7 商務筆電(Expertbook B5605CCA/U7-255H/16G+16G/1TB+512G/W11P),66990,True,False,True,False,https://www.momoshop.com.tw/goods/GoodsDetail.jsp?i_code=12824826,2026-10-06
B5605CCA,,,12824823,【ASUS 華碩】特仕款 16吋Ultra 7 商務筆電(Expertbook B5605CCA/U7-255H/16G+16G/1TB PCie/W11P),63990,True,False,True,False,https://www.momoshop.com.tw/goods/GoodsDetail.jsp?i_code=12824823,2026-10-06
B5605CCA,,,12824829,【ASUS 華碩】特仕款 16吋Ultra7 商務筆電(Expertbook B5605CCA/U7-255H/16G+16G/1TB+1TB/W11P),70990,True,False,True,False,https://www.momoshop.com.tw/goods/GoodsDetail.jsp?i_code=12824829,2026-10-06
B5605CCA,,,13362629,【ASUS 華碩】特仕款 16吋Ultra 7 商務筆電(Expertbook B5605CCA/U5-225H/16G+8G/1TB+512G/W11P),59990,True,False,True,False,https://www.momoshop.com.tw/goods/GoodsDetail.jsp?i_code=13362629,2026-10-06
B5605CCA,,,TP00064080001018,【ASUS 華碩】特仕款 ExpertBook 16吋 AI商務筆電 (B5605CCA/Ultra 5/16+16G/1TB/W11P),60990,False,False,True,False,https://www.momoshop.com.tw/TP/TP0006408/goodsDetail/TP00064080001018,2026-10-06
B5605CCA,,,TP00064080001016,【ASUS 華碩】特仕款 ExpertBook 16吋 AI商務筆電 (B5605CCA/Ultra 5/16G+8G/1TB/W11P),56990,False,False,True,False,https://www.momoshop.com.tw/TP/TP0006408/goodsDetail/TP00064080001016,2026-10-06
B5605CCA,,,TP00064080001019,【ASUS 華碩】特仕款 ExpertBook 16吋 AI商務筆電 (B5605CCA/Ultra 5/16+32G/1TB/W11P),67990,False,False,True,False,https://www.momoshop.com.tw/TP/TP0006408/goodsDetail/TP00064080001019,2026-10-06
B5605CCA,,,TP00064080001020,【ASUS 華碩】特仕款 ExpertBook 16吋 AI商務筆電(B5605CCA/Ultra 5/16G/1T+512G/W11P),55990,False,False,True,False,https://www.momoshop.com.tw/TP/TP0006408/goodsDetail/TP00064080001020,2026-10-06
B5605CCA,,,TP00064080001021,【ASUS 華碩】特仕款 ExpertBook 16吋 AI商務筆電(B5605CCA/Ultra 5/16G/1TB+1TB/W11P),59990,False,False,True,False,https://www.momoshop.com.tw/TP/TP0006408/goodsDetail/TP00064080001021,2026-10-06
B5605CCA,,,TP00064080001023,【ASUS 華碩】特仕款 ExpertBook 16吋 AI商務筆電(B5605CCA/Ultra 5/16G/1TB+2TB/W11P),64990,False,False,True,False,https://www.momoshop.com.tw/TP/TP0006408/goodsDetail/TP00064080001023,2026-10-06
B5605CCA,,,TP00064080001024,【ASUS 華碩】特仕款 ExpertBook 16吋AI商務筆電(B5605CCA/Ultra5/16+8G/1T+512G/W11P),61990,False,False,True,False,https://www.momoshop.com.tw/TP/TP0006408/goodsDetail/TP00064080001024,2026-10-06
B5605CCA,,,TP00064080001025,【ASUS 華碩】特仕款 ExpertBook 16吋AI商務筆電(B5605CCA/Ultra5/16+8G/1TB+1TB/W11P),65990,False,False,True,False,https://www.momoshop.com.tw/TP/TP0006408/goodsDetail/TP00064080001025,2026-10-06
B5605CCA,,,12824824,【ASUS 華碩】特仕款 16吋Ultra 7 商務筆電(Expertbook B5605CCA/U7-255H/16G+32G/1TB PCIe/W11P),71990,True,False,True,False,https://www.momoshop.com.tw/goods/GoodsDetail.jsp?i_code=12824824,2026-10-06
B5605CCA,,,TP00064080001027,【ASUS 華碩】特仕款 ExpertBook 16吋AI商務筆電(B5605CCA/Ultra5/16+8G/1TB+2TB/W11P),70990,False,False,True,False,https://www.momoshop.com.tw/TP/TP0006408/goodsDetail/TP00064080001027,2026-10-06
B5605CCA,,,13362634,【ASUS 華碩】特仕款 16吋Ultra5 商務筆電(Expertbook B5605CCA/U5-225H/16G+8G/1TB+1TB/W11P),62990,True,False,True,False,https://www.momoshop.com.tw/goods/GoodsDetail.jsp?i_code=13362634,2026-10-06
B5605CCA,,,TP00064080001028,【ASUS 華碩】特仕款 ExpertBook16吋AI商務筆電(B5605CCA/Ultra5/16+16G/1T+512G/W11P),65990,False,False,True,False,https://www.momoshop.com.tw/TP/TP0006408/goodsDetail/TP00064080001028,2026-10-06
B5605CCA,,,12824830,【ASUS 華碩】特仕款 16吋Ultra7 商務筆電(Expertbook B5605CCA/U7-255H/16G+32G/1TB+1TB/W11P),78990,True,False,True,False,https://www.momoshop.com.tw/goods/GoodsDetail.jsp?i_code=12824830,2026-10-06
B5605CCA,,,TP00064080001029,【ASUS 華碩】特仕款 ExpertBook16吋AI商務筆電(B5605CCA/Ultra5/16+16G/1TB+1TB/W11P),69990,False,False,True,False,https://www.momoshop.com.tw/TP/TP0006408/goodsDetail/TP00064080001029,2026-10-06
B5605CCA,,,12824825,【ASUS 華碩】特仕款 16吋Ultra 7 商務筆電(Expertbook B5605CCA/U7-255H/16G+8G/1TB+512G/W11P),63990,True,False,True,False,https://www.momoshop.com.tw/goods/GoodsDetail.jsp?i_code=12824825,2026-10-06
B5605CCA,,,TP00064080001030,【ASUS 華碩】特仕款 ExpertBook16吋AI商務筆電(B5605CCA/Ultra5/16+16G/1TB+2TB/W11P),74990,False,False,True,False,https://www.momoshop.com.tw/TP/TP0006408/goodsDetail/TP00064080001030,2026-10-06
B5605CCA,,,13170001,【ASUS 華碩】特仕款 16吋Ultra7 商務筆電(Expertbook B5605CCA/U7-255H/16G+32G/1TB+2TB/W11P),82990,True,False,True,False,https://www.momoshop.com.tw/goods/GoodsDetail.jsp?i_code=13170001,2026-10-06
B5605CCA,,,TP00064080001031,【ASUS 華碩】特仕款 ExpertBook16吋AI商務筆電(B5605CCA/Ultra5/16+32G/1T+512G/W11P),72990,False,False,True,False,https://www.momoshop.com.tw/TP/TP0006408/goodsDetail/TP00064080001031,2026-10-06
B5605CCA,,,13964970,【ASUS 華碩】特仕款 16吋Ultra5 商務筆電(Expertbook B5605CCA/U5-225H/16G+16G/1TB PCIe/W11P),59990,True,False,True,False,https://www.momoshop.com.tw/goods/GoodsDetail.jsp?i_code=13964970,2026-10-06
B5605CCA,,,TP00064080001032,【ASUS 華碩】特仕款 ExpertBook16吋AI商務筆電(B5605CCA/Ultra5/16+32G/1TB+1TB/W11P),76990,False,False,True,False,https://www.momoshop.com.tw/TP/TP0006408/goodsDetail/TP00064080001032,2026-10-06
B5605CCA,,,13170002,【ASUS 華碩】特仕款 16吋Ultra7 商務筆電(Expertbook B5605CCA/U7-255H/16GB/1TB+500G/W11P),57990,True,False,True,False,https://www.momoshop.com.tw/goods/GoodsDetail.jsp?i_code=13170002,2026-10-06
B5605CCA,,,TP00064080001033,【ASUS 華碩】特仕款 ExpertBook16吋AI商務筆電(B5605CCA/Ultra5/16+32G/1TB+2TB/W11P),81990,False,False,True,False,https://www.momoshop.com.tw/TP/TP0006408/goodsDetail/TP00064080001033,2026-10-06
B5605CCA,,,13362633,【ASUS 華碩】特仕款 16吋Ultra5 商務筆電(Expertbook B5605CCA/U5-225H/16G+32G/1TB+512G/W11P),69990,True,False,True,False,https://www.momoshop.com.tw/goods/GoodsDetail.jsp?i_code=13362633,2026-10-06
B5605CCA,,,13964969,【ASUS 華碩】特仕款 16吋Ultra5 商務筆電(Expertbook B5605CCA/U5-225H/16G+32G/1TB PCIe/W11P),65990,True,False,True,False,https://www.momoshop.com.tw/goods/GoodsDetail.jsp?i_code=13964969,2026-10-06
B5605CCA,,,12824828,【ASUS 華碩】特仕款 16吋Ultra7 商務筆電(Expertbook B5605CCA/U7-255H/16G+8G/1TB+1TB/W11P),66990,True,False,True,False,https://www.momoshop.com.tw/goods/GoodsDetail.jsp?i_code=12824828,2026-10-06
B5605CCA,,,13170003,【ASUS 華碩】特仕款 16吋Ultra7 商務筆電(Expertbook B5605CCA/U7-255H/16GB/1TB+1TB/W11P),61990,True,False,True,False,https://www.momoshop.com.tw/goods/GoodsDetail.jsp?i_code=13170003,2026-10-06
B5605CCA,,,13362635,【ASUS 華碩】特仕款 16吋Ultra5 商務筆電(Expertbook B5605CCA/U5-225H/16G+16G/1TB+1TB/W11P),66990,True,False,True,False,https://www.momoshop.com.tw/goods/GoodsDetail.jsp?i_code=13362635,2026-10-06
B5605CCA,,,12824827,【ASUS 華碩】特仕款 16吋Ultra7 商務筆電(Expertbook B5605CCA/U7-255H/16G+32G/1TB+500G/W11P),74990,True,False,True,False,https://www.momoshop.com.tw/goods/GoodsDetail.jsp?i_code=12824827,2026-10-06
B5605CCA,,,13362632,【ASUS 華碩】特仕款 16吋Ultra5 商務筆電(Expertbook B5605CCA/U5-225H/16G+16G/1TB+512G/W11P),63990,True,False,True,False,https://www.momoshop.com.tw/goods/GoodsDetail.jsp?i_code=13362632,2026-10-06
B5605CCA,,,13169999,【ASUS 華碩】特仕款 16吋Ultra7 商務筆電(Expertbook B5605CCA/U7-255H/16G+8G/1TB+2TB/W11P),70990,True,False,True,False,https://www.momoshop.com.tw/goods/GoodsDetail.jsp?i_code=13169999,2026-10-06
B5605CCA,,,13170004,【ASUS 華碩】特仕款 16吋Ultra7 商務筆電(Expertbook B5605CCA/U7-255H/16GB/1TB+2TB/W11P),65990,True,False,True,False,https://www.momoshop.com.tw/goods/GoodsDetail.jsp?i_code=13170004,2026-10-06
B5605CCA,,,13170000,【ASUS 華碩】特仕款 16吋Ultra7 商務筆電(Expertbook B5605CCA/U7-255H/16G+16G/1TB+2TB/W11P),74990,True,False,True,False,https://www.momoshop.com.tw/goods/GoodsDetail.jsp?i_code=13170000,2026-10-06
B5605CCA,,,13362636,【ASUS 華碩】特仕款 16吋Ultra5 商務筆電(Expertbook B5605CCA/U5-225H/16G+32G/1TB+1TB/W11P),72990,True,False,True,False,https://www.momoshop.com.tw/goods/GoodsDetail.jsp?i_code=13362636,2026-10-06
B9403CVAR,,,15283849,【ASUS 華碩】S+級福利品 14吋Core 5 商用筆電(B9403CVAR-3881A120U/Core 5-120U/16G/1TB SSD/W11P),37999,True,False,False,True,https://www.momoshop.com.tw/goods/GoodsDetail.jsp?i_code=15283849,2026-10-06
B9403CVAR,,,13951539,【ASUS 華碩】14吋Core 5十核商用筆電(B9403CVAR-3881A120U/Core5-120U/16G/1TB/W11P/OLED),47990,True,False,False,False,https://www.momoshop.com.tw/goods/GoodsDetail.jsp?i_code=13951539,2026-10-06
B9406CAA,,,15345550,【ASUS 華碩】14吋Ultra X7商用OLED觸控筆電(B9406CAA/Ultra X7 358H/64G/2TB SSD/W11P),129900,True,False,False,False,https://www.momoshop.com.tw/goods/GoodsDetail.jsp?i_code=15345550,2026-10-06
B9406CAA,,,15249248,【ASUS 華碩】14吋Ultra 7 商用筆電(B9406CAA-0261B7356H/Core Ultra 7 356H/32G/1TB SSD/W11P),88000,True,False,False,False,https://www.momoshop.com.tw/goods/GoodsDetail.jsp?i_code=15249248,2026-10-06
B9406CAA,,,15345551,【ASUS 華碩】14吋Ultra 7商用OLED觸控筆電(B9406CAA/Ultra 7 356H/32G/1TB SSD/W11P),88000,True,False,False,False,https://www.momoshop.com.tw/goods/GoodsDetail.jsp?i_code=15345551,2026-10-06
B9406CAA,,,15249249,【ASUS 華碩】14吋Ultra 5 商用筆電(B9406CAA-0251B5325/Core Ultra 5 325/16G/1TB SSD/W11P),69999,True,False,False,False,https://www.momoshop.com.tw/goods/GoodsDetail.jsp?i_code=15249249,2026-10-06
B9406CAA,,,15345552,【ASUS 華碩】14吋Ultra 5商用OLED觸控筆電(B9406CAA/Ultra 5 325/16G/1TB SSD/W11P),69999,True,False,False,False,https://www.momoshop.com.tw/goods/GoodsDetail.jsp?i_code=15345552,2026-10-06
BM1503CDA,,,15381732,【ASUS 華碩】15.6吋R5商用筆電(BM1503CDA-0211A150/R5-150/16G/1T SSD/W11P),33900,True,False,False,False,https://www.momoshop.com.tw/goods/GoodsDetail.jsp?i_code=15381732,2026-10-06
BM3406CHA,,,15466289,【ASUS 華碩】14吋R7八核商用筆電(BM3406CHA/Ryzen 7 260/16GB/1TB/W11P),39900,True,False,False,False,https://www.momoshop.com.tw/goods/GoodsDetail.jsp?i_code=15466289,2026-10-06
BM3406CHA,,,15496599,【ASUS 華碩】14吋AMD Ryzen7 商用筆電(BM3406CHA-0032A260/Ryzen 7 260/16G/1TB SSD/W11P),39900,True,False,False,False,https://www.momoshop.com.tw/goods/GoodsDetail.jsp?i_code=15496599,2026-10-06
E1504TA,,,15486281,【ASUS 華碩】15.6吋N150輕薄筆電(Vivobook Go 15/E1504TA/N150/8G/128G UFS 2.1/W11),15999,True,False,False,False,https://www.momoshop.com.tw/goods/GoodsDetail.jsp?i_code=15486281,2026-10-06
E1504TA,,,15631691,【ASUS 華碩】包鼠組★15.6吋N150輕薄筆電(Vivobook Go 15/E1504TA/N150/8G/128G UFS 2.1/W11),16499,True,True,False,False,https://www.momoshop.com.tw/goods/GoodsDetail.jsp?i_code=15631691,2026-10-06
E1504TA,,,15631418,【ASUS 華碩】Office2024組★15.6吋N150輕薄筆電(Vivobook Go 15/E1504TA/N150/8G/128G UFS 2.1/W11),20999,True,True,False,False,https://www.momoshop.com.tw/goods/GoodsDetail.jsp?i_code=15631418,2026-10-06
E1504TA,,,15631834,【ASUS 華碩】滑鼠組★15.6吋N150輕薄筆電(Vivobook Go 15/E1504TA/N150/8G/128G UFS 2.1/W11),16499,True,True,False,False,https://www.momoshop.com.tw/goods/GoodsDetail.jsp?i_code=15631834,2026-10-06
E1504TA,,,15631212,【ASUS 華碩】微軟M365組★15.6吋N150輕薄筆電(Vivobook Go 15/E1504TA/N150/8G/128G UFS 2.1/W11),18379,True,True,False,False,https://www.momoshop.com.tw/goods/GoodsDetail.jsp?i_code=15631212,2026-10-06
E410KA,,,TP00084190000301,【ASUS 華碩】VivoBook E410KA 8G 512G 14吋文書筆電 取代E410MA 可更換硬碟,10990,False,False,False,False,https://www.momoshop.com.tw/TP/TP0008419/goodsDetail/TP00084190000301,2026-10-06
FA401GM,,,14971100,【ASUS 華碩】14吋GeForce RTX 5060 Ryzen AI 9 電競筆電(FA401GM-0021A465H/465/16G*2/1TB/W11/御鐵灰),68999,True,False,False,False,https://www.momoshop.com.tw/goods/GoodsDetail.jsp?i_code=14971100,2026-10-06
FA401GM,,,15705878,【ASUS 華碩】螢幕組★14吋GeForce RTX5060 Ryzen AI 9電競筆電(FA401GM-0021A465H/465/16G*2/1TB/御鐵灰),69999,True,True,False,False,https://www.momoshop.com.tw/goods/GoodsDetail.jsp?i_code=15705878,2026-10-06
FA401GM,,,15011983,【ASUS 華碩】特仕版 14吋電競筆電(FA401GM-0021A465H/Ryzen AI 9 465/32G/1TB+1TB SSD/RTX5060/Win11),72999,True,False,True,False,https://www.momoshop.com.tw/goods/GoodsDetail.jsp?i_code=15011983,2026-10-06
FA401GM,,,15704622,【ASUS 華碩】手把組★14吋GeForce RTX5060 Ryzen AI 9電競筆電(FA401GM-0021A465H/465/16G*2/1TB/W11),68999,True,True,False,False,https://www.momoshop.com.tw/goods/GoodsDetail.jsp?i_code=15704622,2026-10-06
FA401GM,,,TP00027530004423,【ASUS 華碩】特仕版 TUF Gaming A14 FA401GM 14吋電競筆電（AI 9/32G/1T/RTX5060/W11）,68999,False,False,True,False,https://www.momoshop.com.tw/TP/TP0002753/goodsDetail/TP00027530004423,2026-10-06
FA401GM,,,TP00027350005765,【ASUS 華碩】特仕版14吋電競(TUF FA401GM/RAI 9 465/32G/1TB/RTX5060/W11/灰)多規,68999,False,False,True,False,https://www.momoshop.com.tw/TP/TP0002735/goodsDetail/TP00027350005765,2026-10-06
FA401GM,,,TP00027350005766,【ASUS 華碩】特仕版14吋電競(TUF FA401GM/RAI 9 465/32G/1TB+512G/RTX5060/W11/灰),71999,False,False,True,False,https://www.momoshop.com.tw/TP/TP0002735/goodsDetail/TP00027350005766,2026-10-06
FA401GM,,,TP00064080000854,【ASUS 華碩】特仕款 A14 RTX5060獨顯(FA401GM/Ryzen AI 9 465/16Gx2/1TB+1TB/W11)灰,77990,False,False,True,False,https://www.momoshop.com.tw/TP/TP0006408/goodsDetail/TP00064080000854,2026-10-06
FA401GM,,,TP00027350005767,【ASUS 華碩】特仕版14吋電競(TUF FA401GM/RAI 9 465/32G/1TB+1TB/RTX5060/W11/灰),73499,False,False,True,False,https://www.momoshop.com.tw/TP/TP0002735/goodsDetail/TP00027350005767,2026-10-06
FA401GM,,,TP00064080000855,【ASUS 華碩】特仕款 A14 RTX5060獨顯(FA401GM/Ryzen AI 9 465/16Gx2/1TB+2TB/W11)灰,82990,False,False,True,False,https://www.momoshop.com.tw/TP/TP0006408/goodsDetail/TP00064080000855,2026-10-06
FA401GM,,,TP00027350005768,【ASUS 華碩】特仕版14吋電競(TUF FA401GM/RAI 9 465/32G/1TB+2TB/RTX5060/W11/灰),76999,False,False,True,False,https://www.momoshop.com.tw/TP/TP0002735/goodsDetail/TP00027350005768,2026-10-06
FA401GM,,,TP00064080000856,【ASUS 華碩】特仕款 A14 RTX5060獨顯(FA401GM/Ryzen AI 9 465/16Gx2/1TB+4TB/W11)灰,90990,False,False,True,False,https://www.momoshop.com.tw/TP/TP0006408/goodsDetail/TP00064080000856,2026-10-06
FA401GM,,,TP00027350005770,【ASUS 華碩】特仕版14吋電競(TUF FA401GM/RAI 9 465/32G/1TB+4TB/RTX5060/W11/灰),86999,False,False,True,False,https://www.momoshop.com.tw/TP/TP0002735/goodsDetail/TP00027350005770,2026-10-06
FA401GM,,,TP00064080000857,【ASUS 華碩】特仕款 A14 RTX5060獨顯(FA401GM/Ryzen AI 9 465/16Gx2/1T+512G/W11)灰,73990,False,False,True,False,https://www.momoshop.com.tw/TP/TP0006408/goodsDetail/TP00064080000857,2026-10-06
FA401GM,,,TP00004400000585,【ASUS 華碩】特仕版 直升1.5T SSD FA401GM/AI 9 465/RTX5060/32G/512+1T SSD/W11/灰,71499,False,False,True,False,https://www.momoshop.com.tw/TP/TP0000440/goodsDetail/TP00004400000585,2026-10-06
FA401GM,,,TP00004400000586,【ASUS 華碩】特仕版 直升2T SSD FA401GM/AI 9 465/RTX5060/32G/1T SSD*2/W11/灰,73999,False,False,True,False,https://www.momoshop.com.tw/TP/TP0000440/goodsDetail/TP00004400000586,2026-10-06
FA506NCG,,,15582115,【ASUS 華碩】15.6吋 R7 GeForce RTX3050電競筆電(FA506NCG-0162B8845HS/R7-8845HS/16G/512G SSD/W11),34999,True,False,False,False,https://www.momoshop.com.tw/goods/GoodsDetail.jsp?i_code=15582115,2026-10-06
FA506NCG,,,15655725,【ASUS 華碩】特仕版 15.6吋電競筆電(TUF Gaming FA506NCG/R7-8845HS/16G+16G/512G+1TB SSD/RTX3050/W11),47499,True,False,True,False,https://www.momoshop.com.tw/goods/GoodsDetail.jsp?i_code=15655725,2026-10-06
FA506NCG,,,15655721,【ASUS 華碩】特仕版 15.6吋電競筆電(TUF Gaming FA506NCG/R7-8845HS/16G+16G/512G+512G SSD/RTX3050/W11),45499,True,False,True,False,https://www.momoshop.com.tw/goods/GoodsDetail.jsp?i_code=15655721,2026-10-06
FA506NCG,,,15655717,【ASUS 華碩】特仕版 15.6吋電競筆電(TUF Gaming FA506NCG/R7-8845HS/16G+16G/512G SSD/RTX3050/W11),42499,True,False,True,False,https://www.momoshop.com.tw/goods/GoodsDetail.jsp?i_code=15655717,2026-10-06
FA506NCG,,,15582425,【ASUS 華碩】特仕版 15.6吋電競筆電(FA506NCG-0162B8845HS/R7-8845HS/16G+16G/512G+512G SSD/RTX3050),43999,True,False,True,False,https://www.momoshop.com.tw/goods/GoodsDetail.jsp?i_code=15582425,2026-10-06
FA506NCG,,,TP00027350006939,【ASUS 華碩】特仕版15.6吋電競筆電(FA506NCG/R7-8845HS/16G/512G/RTX3050/W11)多規,34999,False,False,True,False,https://www.momoshop.com.tw/TP/TP0002735/goodsDetail/TP00027350006939,2026-10-06
FA506NCG,,,TP00064080001734,【ASUS 華碩】特仕款 3050獨顯 15.6吋電競筆電 (FA506NCG/R7-8845HS/16GB/512G+512G/W11),38990,False,False,True,False,https://www.momoshop.com.tw/TP/TP0006408/goodsDetail/TP00064080001734,2026-10-06
FA506NCG,,,TP00027350006940,【ASUS 華碩】特仕版15.6吋電競筆電(FA506NCG/R7-8845HS/16G+8G/512G/RTX3050/W11),39499,False,False,True,False,https://www.momoshop.com.tw/TP/TP0002735/goodsDetail/TP00027350006940,2026-10-06
FA506NCG,,,TP00027350006941,【ASUS 華碩】特仕版15.6吋電競筆電(FA506NCG/R7-8845HS/16G+16G/512G/RTX3050/W11),42499,False,False,True,False,https://www.momoshop.com.tw/TP/TP0002735/goodsDetail/TP00027350006941,2026-10-06
FA506NCG,,,TP00027350006944,【ASUS 華碩】特仕版15.6吋電競筆電(FA506NCG/R7-8845HS/16G+8G/1TB SSD/RTX3050/W11),42499,False,False,True,False,https://www.momoshop.com.tw/TP/TP0002735/goodsDetail/TP00027350006944,2026-10-06
FA506NCG,,,TP00027350006942,【ASUS 華碩】特仕版15.6吋電競筆電(FA506NCG/R7-8845HS/16G+32G/512G/RTX3050/W11),49999,False,False,True,False,https://www.momoshop.com.tw/TP/TP0002735/goodsDetail/TP00027350006942,2026-10-06
FA506NCG,,,TP00027350006943,【ASUS 華碩】特仕版15.6吋電競筆電(FA506NCG/R7-8845HS/32G+32G/512G/RTX3050/W11),63999,False,False,True,False,https://www.momoshop.com.tw/TP/TP0002735/goodsDetail/TP00027350006943,2026-10-06
FA506NCG,,,TP00027350006945,【ASUS 華碩】特仕版15.6吋電競筆電(FA506NCG/R7-8845HS/16G+16G/1TB SSD/RTX3050/W11),45499,False,False,True,False,https://www.momoshop.com.tw/TP/TP0002735/goodsDetail/TP00027350006945,2026-10-06
FA506NCG,,,TP00027350006946,【ASUS 華碩】特仕版15.6吋電競筆電(FA506NCG/R7-8845HS/16G+32G/1TB SSD/RTX3050/W11),52999,False,False,True,False,https://www.momoshop.com.tw/TP/TP0002735/goodsDetail/TP00027350006946,2026-10-06
FA506NCG,,,TP00027350006947,【ASUS 華碩】特仕版15.6吋電競筆電(FA506NCG/R7-8845HS/32G+32G/1TB SSD/RTX3050/W11),66999,False,False,True,False,https://www.momoshop.com.tw/TP/TP0002735/goodsDetail/TP00027350006947,2026-10-06
FA506NCG,,,TP00027350006948,【ASUS 華碩】特仕版15.6吋電競筆電(FA506NCG/R7-8845HS/16G+8G/1.5TB/RTX3050/W11),44499,False,False,True,False,https://www.momoshop.com.tw/TP/TP0002735/goodsDetail/TP00027350006948,2026-10-06
FA506NCG,,,TP00027350006949,【ASUS 華碩】特仕版15.6吋電競筆電(FA506NCG/R7-8845HS/16G+16G/1.5TB/RTX3050/W11),47499,False,False,True,False,https://www.momoshop.com.tw/TP/TP0002735/goodsDetail/TP00027350006949,2026-10-06
FA506NCG,,,TP00027350006950,【ASUS 華碩】特仕版15.6吋電競筆電(FA506NCG/R7-8845HS/16G+32G/1.5TB/RTX3050/W11),54999,False,False,True,False,https://www.momoshop.com.tw/TP/TP0002735/goodsDetail/TP00027350006950,2026-10-06
FA506NCG,,,TP00027350006951,【ASUS 華碩】特仕版15.6吋電競筆電(FA506NCG/R7-8845HS/32G+32G/1.5TB/RTX3050/W11),68999,False,False,True,False,https://www.momoshop.com.tw/TP/TP0002735/goodsDetail/TP00027350006951,2026-10-06
FA506NCG,,,TP00027350006952,【ASUS 華碩】特仕版15.6吋電競筆電(FA506NCG/R7-8845HS/16G+8G/2.5TB/RTX3050/W11),48499,False,False,True,False,https://www.momoshop.com.tw/TP/TP0002735/goodsDetail/TP00027350006952,2026-10-06
FA506NCG,,,TP00064080001719,【ASUS 華碩】特仕款 3050獨顯 15.6吋電競筆電(FA506NCG/R7-8845HS/16+32G/512+512G/W11),55990,False,False,True,False,https://www.momoshop.com.tw/TP/TP0006408/goodsDetail/TP00064080001719,2026-10-06
FA506NCG,,,TP00027350006953,【ASUS 華碩】特仕版15.6吋電競筆電(FA506NCG/R7-8845HS/16G+16G/2.5TB/RTX3050/W11),51499,False,False,True,False,https://www.momoshop.com.tw/TP/TP0002735/goodsDetail/TP00027350006953,2026-10-06
FA506NCG,,,TP00064080001720,【ASUS 華碩】特仕款 3050獨顯 15.6吋電競筆電(FA506NCG/R7-8845HS/16G+32G/512G+1T/W11),59990,False,False,True,False,https://www.momoshop.com.tw/TP/TP0006408/goodsDetail/TP00064080001720,2026-10-06
FA506NCG,,,TP00027350006954,【ASUS 華碩】特仕版15.6吋電競筆電(FA506NCG/R7-8845HS/16G+32G/2.5TB/RTX3050/W11),58999,False,False,True,False,https://www.momoshop.com.tw/TP/TP0002735/goodsDetail/TP00027350006954,2026-10-06
FA506NCG,,,TP00064080001725,【ASUS 華碩】特仕款 3050獨顯 15.6吋電競筆電(FA506NCG/R7-8845HS/16+32G/512G+2TB/W11),64990,False,False,True,False,https://www.momoshop.com.tw/TP/TP0006408/goodsDetail/TP00064080001725,2026-10-06
FA506NCG,,,TP00027350006955,【ASUS 華碩】特仕版15.6吋電競筆電(FA506NCG/R7-8845HS/32G+32G/2.5TB/RTX3050/W11),72999,False,False,True,False,https://www.momoshop.com.tw/TP/TP0002735/goodsDetail/TP00027350006955,2026-10-06
FA506NCG,,,TP00064080001726,【ASUS 華碩】特仕款 3050獨顯 15.6吋電競筆電(FA506NCG/R7-8845HS/16G+16G/512G+2T/W11),57990,False,False,True,False,https://www.momoshop.com.tw/TP/TP0006408/goodsDetail/TP00064080001726,2026-10-06
FA506NCG,,,TP00064080001727,【ASUS 華碩】特仕款 3050獨顯 15.6吋電競筆電(FA506NCG/R7-8845HS/16+16G/512G+1TB/W11),52990,False,False,True,False,https://www.momoshop.com.tw/TP/TP0006408/goodsDetail/TP00064080001727,2026-10-06
FA506NCG,,,TP00064080001728,【ASUS 華碩】特仕款 3050獨顯 15.6吋電競筆電(FA506NCG/R7-8845HS/16+16G/512+512G/W11),48990,False,False,True,False,https://www.momoshop.com.tw/TP/TP0006408/goodsDetail/TP00064080001728,2026-10-06
FA506NCG,,,TP00064080001729,【ASUS 華碩】特仕款 3050獨顯 15.6吋電競筆電(FA506NCG/R7-8845HS/16G+8G/512G+2TB/W11),53990,False,False,True,False,https://www.momoshop.com.tw/TP/TP0006408/goodsDetail/TP00064080001729,2026-10-06
FA506NCG,,,TP00064080001730,【ASUS 華碩】特仕款 3050獨顯 15.6吋電競筆電 (FA506NCG/R7-8845HS/16+8G/512G+1TB/W11),48990,False,False,True,False,https://www.momoshop.com.tw/TP/TP0006408/goodsDetail/TP00064080001730,2026-10-06
FA506NCG,,,TP00064080001731,【ASUS 華碩】特仕款 3050獨顯 15.6吋電競筆電(FA506NCG/R7-8845HS/16+8G/512G+512G/W11),44990,False,False,True,False,https://www.momoshop.com.tw/TP/TP0006408/goodsDetail/TP00064080001731,2026-10-06
FA506NCG,,,15746607,【ASUS 華碩】15.6吋 R7 GeForce RTX3050電競筆電(FA506NCG-0202B155H/R7-155/16G/512G SSD/W11),35999,True,False,False,False,https://www.momoshop.com.tw/goods/GoodsDetail.jsp?i_code=15746607,2026-10-06
FA506NCG,,,TP00064080001732,【ASUS 華碩】特仕款 3050獨顯 15.6吋電競筆電 (FA506NCG/R7-8845HS/16GB/512G+2TB/W11),47990,False,False,True,False,https://www.momoshop.com.tw/TP/TP0006408/goodsDetail/TP00064080001732,2026-10-06
FA506NCG,,,TP00027530005262,【ASUS 華碩】特仕版 TUF Gaming A15 FA506NCG 15.6吋電競筆電（R7/16G/512G/RTX3050）,35999,False,False,True,False,https://www.momoshop.com.tw/TP/TP0002753/goodsDetail/TP00027530005262,2026-10-06
FA506NCG,,,TP00064080001733,【ASUS 華碩】特仕款 3050獨顯 15.6吋電競筆電 (FA506NCG/R7-8845HS/16GB/512GB+1TB/W11),42990,False,False,True,False,https://www.momoshop.com.tw/TP/TP0006408/goodsDetail/TP00064080001733,2026-10-06
FA506NCG,,,TP00064080001735,【ASUS 華碩】特仕款 3050獨顯 15.6吋電競筆電 (FA506NCG/R7-8845HS/16G+32G/512GB/W11),50990,False,False,True,False,https://www.momoshop.com.tw/TP/TP0006408/goodsDetail/TP00064080001735,2026-10-06
FA506NCG,,,TP00064080001736,【ASUS 華碩】特仕款 3050獨顯 15.6吋電競筆電 (FA506NCG/R7-8845HS/16G+16G/512GB/W11),43990,False,False,True,False,https://www.momoshop.com.tw/TP/TP0006408/goodsDetail/TP00064080001736,2026-10-06
FA506NCG,,,15582554,【ASUS 華碩】特仕版 15.6吋電競筆電(FA506NCG-0162B8845HS/R7-8845HS/16G+16G/512G SSD/RTX3050/Win11),40999,True,False,True,False,https://www.momoshop.com.tw/goods/GoodsDetail.jsp?i_code=15582554,2026-10-06
FA506NCG,,,TP00064080001737,【ASUS 華碩】特仕款 3050獨顯 15.6吋電競筆電 (FA506NCG/R7-8845HS/16G+8G/512GB/W11),39990,False,False,True,False,https://www.momoshop.com.tw/TP/TP0006408/goodsDetail/TP00064080001737,2026-10-06
FA506NCG,,,TP00014390007483,【ASUS 華碩】TUF FA506NCG-0202B155H 15.6吋 R7 RTX3050 電競筆電 黑色,35999,False,False,False,False,https://www.momoshop.com.tw/TP/TP0001439/goodsDetail/TP00014390007483,2026-10-06
FA506NCG,,,TP00064080001739,【ASUS 華碩】特仕款 3050獨顯 15.6吋電競筆電 (FA506NCG/R7-8845HS/16GB/512G+4TB/W11),55990,False,False,True,False,https://www.momoshop.com.tw/TP/TP0006408/goodsDetail/TP00064080001739,2026-10-06
FA506NCG,,,TP00004400000497,【ASUS 華碩】特仕版 直升1T SSD FA506NCG/R7-8845HS/RTX3050/16G/512G SSD*2/W11/黑,37899,False,False,True,False,https://www.momoshop.com.tw/TP/TP0000440/goodsDetail/TP00004400000497,2026-10-06
FA506NCG,,,TP00004400000466,【ASUS 華碩】特仕版 直升32G 1T SSD FA506NCG/R7-8845HS/32G/512G SSD*2/W11/黑,45499,False,False,True,False,https://www.momoshop.com.tw/TP/TP0000440/goodsDetail/TP00004400000466,2026-10-06
FA506NCQ,,,15299932,【ASUS 華碩】15.6吋 R7 RTX3050電競筆電(FA506NCQ-0032B170H/R7-170/16G/512G SSD/W11),34999,True,False,False,False,https://www.momoshop.com.tw/goods/GoodsDetail.jsp?i_code=15299932,2026-10-06
FA506NCQ,,,15411492,【ASUS 華碩】包鼠組★15.6吋 R7 RTX3050電競筆電(FA506NCQ-0032B170H/R7-170/16G/512G SSD/W11),35999,True,True,False,False,https://www.momoshop.com.tw/goods/GoodsDetail.jsp?i_code=15411492,2026-10-06
FA506NCQ,,,15411488,【ASUS 華碩】TUF耳機組★15.6吋 R7 RTX3050電競筆電(FA506NCQ-0032B170H/R7-170/16G/512G SSD/W11),35999,True,True,False,False,https://www.momoshop.com.tw/goods/GoodsDetail.jsp?i_code=15411488,2026-10-06
FA506NCQ,,,15173414,【ASUS 華碩】特仕版 15.6吋筆電(TUF Gaming FA506NCQ/Ryzen 7 170/16G+16G/512G SSD/RTX3050/W11),42499,True,False,True,False,https://www.momoshop.com.tw/goods/GoodsDetail.jsp?i_code=15173414,2026-10-06
FA506NCQ,,,15173429,【ASUS 華碩】特仕版 15.6吋筆電(TUF Gaming FA506NCQ/Ryzen 7 170/16G+16G/512G+512G/RTX3050/W11),45499,True,False,True,False,https://www.momoshop.com.tw/goods/GoodsDetail.jsp?i_code=15173429,2026-10-06
FA506NCQ,,,15078401,【ASUS 華碩】特仕版 15.6吋電競筆電(FA506NCQ-0032B170H/R7-170/16G+16G/512G SSD/RTX3050),40999,True,False,True,False,https://www.momoshop.com.tw/goods/GoodsDetail.jsp?i_code=15078401,2026-10-06
FA506NCQ,,,15411555,【ASUS 華碩】升級16G組★15.6吋 R7 RTX3050電競筆電(FA506NCQ-0032B170H/R7-170/16G/512G SSD/W11),40999,True,True,False,False,https://www.momoshop.com.tw/goods/GoodsDetail.jsp?i_code=15411555,2026-10-06
FA506NCQ,,,15078400,【ASUS 華碩】特仕版 15.6吋電競筆電(FA506NCQ-0032B170H/R7-170/16G+16G/512G+1TB SSD/RTX3050),45999,True,False,True,False,https://www.momoshop.com.tw/goods/GoodsDetail.jsp?i_code=15078400,2026-10-06
FA506NCQ,,,15704637,【ASUS 華碩】27型電競螢幕組★15.6吋 R7 RTX3050電競筆電(FA506NCQ-0032B170H/R7-170/16G/512G SSD/W11),36999,True,True,False,False,https://www.momoshop.com.tw/goods/GoodsDetail.jsp?i_code=15704637,2026-10-06
FA506NCQ,,,TP00056340007446,"【ASUS 華碩】 TUF Gaming A15 FA506NCQ-0032B170H 曜石黑(無包/15.6""/AM",34999,False,False,False,False,https://www.momoshop.com.tw/TP/TP0005634/goodsDetail/TP00056340007446,2026-10-06
FA506NCQ,,,TP00064080000979,【ASUS 華碩】特仕款 3050獨顯 15.6吋 R7電競筆電(FA506NCQ/R7-170/16G/512G+512G/W11),38990,False,False,True,False,https://www.momoshop.com.tw/TP/TP0006408/goodsDetail/TP00064080000979,2026-10-06
FA506NCQ,,,TP00064080000981,【ASUS 華碩】特仕款 3050獨顯 15.6吋 R7電競筆電(FA506NCQ/R7-170/16G+8G/512GB/W11),39990,False,False,True,False,https://www.momoshop.com.tw/TP/TP0006408/goodsDetail/TP00064080000981,2026-10-06
FA506NCQ,,,TP00064080000984,【ASUS 華碩】特仕款 3050獨顯 15.6吋 R7電競筆電(FA506NCQ/R7-170/16G+8G/512+512G/W11),44990,False,False,True,False,https://www.momoshop.com.tw/TP/TP0006408/goodsDetail/TP00064080000984,2026-10-06
FA506NCQ,,,TP00064080000971,【ASUS 華碩】特仕款 3050獨顯 15.6吋 R7電競筆電(FA506NCQ/R7-170/16G/512G+1TB/W11),42990,False,False,True,False,https://www.momoshop.com.tw/TP/TP0006408/goodsDetail/TP00064080000971,2026-10-06
FA506NCQ,,,TP00064080000978,【ASUS 華碩】特仕款 3050獨顯 15.6吋 R7電競筆電(FA506NCQ/R7-170/16G/512G+2TB/W11),47990,False,False,True,False,https://www.momoshop.com.tw/TP/TP0006408/goodsDetail/TP00064080000978,2026-10-06
FA506NCQ,,,TP00064080000982,【ASUS 華碩】特仕款 3050獨顯 15.6吋 R7電競筆電(FA506NCQ/R7-170/16G+8G/512G+1TB/W11),48990,False,False,True,False,https://www.momoshop.com.tw/TP/TP0006408/goodsDetail/TP00064080000982,2026-10-06
FA506NCQ,,,TP00064080000983,【ASUS 華碩】特仕款 3050獨顯 15.6吋 R7電競筆電(FA506NCQ/R7-170/16G+8G/512G+2TB/W11),53990,False,False,True,False,https://www.momoshop.com.tw/TP/TP0006408/goodsDetail/TP00064080000983,2026-10-06
FA506NCQ,,,TP00064080000985,【ASUS 華碩】特仕款 3050獨顯 15.6吋 R7電競筆電(FA506NCQ/R7-170/16G+16G/512GB/W11),43990,False,False,True,False,https://www.momoshop.com.tw/TP/TP0006408/goodsDetail/TP00064080000985,2026-10-06
FA506NCQ,,,TP00064080000986,【ASUS 華碩】特仕款 3050獨顯 15.6吋 R7電競筆電(FA506NCQ/R7-170/16+16G/512G+1TB/W11),52990,False,False,True,False,https://www.momoshop.com.tw/TP/TP0006408/goodsDetail/TP00064080000986,2026-10-06
FA506NCQ,,,TP00064080000987,【ASUS 華碩】特仕款 3050獨顯 15.6吋 R7電競筆電(FA506NCQ/R7-170/16+16G/512G+2TB/W11),57990,False,False,True,False,https://www.momoshop.com.tw/TP/TP0006408/goodsDetail/TP00064080000987,2026-10-06
FA506NCQ,,,TP00064080000988,【ASUS 華碩】特仕款 3050獨顯 15.6吋 R7電競筆電(FA506NCQ/R7-170/16+16G/512+512G/W11),48990,False,False,True,False,https://www.momoshop.com.tw/TP/TP0006408/goodsDetail/TP00064080000988,2026-10-06
FA506NCQ,,,TP00064080000989,【ASUS 華碩】特仕款 3050獨顯 15.6吋 R7電競筆電(FA506NCQ/R7-170/16G+32G/512GB/W11),50990,False,False,True,False,https://www.momoshop.com.tw/TP/TP0006408/goodsDetail/TP00064080000989,2026-10-06
FA506NCQ,,,15173446,【ASUS 華碩】特仕版 15.6吋筆電(TUF Gaming FA506NCQ/Ryzen 7 170/16G+16G/512G+1TB SSD/RTX3050/W11),47499,True,False,True,False,https://www.momoshop.com.tw/goods/GoodsDetail.jsp?i_code=15173446,2026-10-06
FA506NCQ,,,TP00064080000990,【ASUS 華碩】特仕款 3050獨顯 15.6吋 R7電競筆電(FA506NCQ/R7-170/16+32G/512G+1TB/W11),59990,False,False,True,False,https://www.momoshop.com.tw/TP/TP0006408/goodsDetail/TP00064080000990,2026-10-06
FA506NCQ,,,15411550,【ASUS 華碩】升級16G組★15.6吋 R7 RTX3050電競筆電(FA506NCQ-0032B170H/R7-170/16G/512G SSD/W11),40999,True,True,False,False,https://www.momoshop.com.tw/goods/GoodsDetail.jsp?i_code=15411550,2026-10-06
FA506NCQ,,,TP00064080000991,【ASUS 華碩】特仕款 3050獨顯 15.6吋 R7電競筆電(FA506NCQ/R7-170/16+32G/512G+2TB/W11),64990,False,False,True,False,https://www.momoshop.com.tw/TP/TP0006408/goodsDetail/TP00064080000991,2026-10-06
FA506NCQ,,,TP00064080000992,【ASUS 華碩】特仕款 3050獨顯 15.6吋 R7電競筆電(FA506NCQ/R7-170/16+32G/512+512G/W11),55990,False,False,True,False,https://www.momoshop.com.tw/TP/TP0006408/goodsDetail/TP00064080000992,2026-10-06
FA506NCQ,,,TP00064080000993,【ASUS 華碩】特仕款 3050獨顯 15.6吋 R7電競筆電(FA506NCQ/R7-170/32G+32G/512GB/W11),67990,False,False,True,False,https://www.momoshop.com.tw/TP/TP0006408/goodsDetail/TP00064080000993,2026-10-06
FA506NCQ,,,TP00064080000994,【ASUS 華碩】特仕款 3050獨顯 15.6吋 R7電競筆電(FA506NCQ/R7-170/32+32G/512G+1TB/W11),76990,False,False,True,False,https://www.momoshop.com.tw/TP/TP0006408/goodsDetail/TP00064080000994,2026-10-06
FA506NCQ,,,TP00064080000995,【ASUS 華碩】特仕款 3050獨顯 15.6吋 R7電競筆電(FA506NCQ/R7-170/32+32G/512G+2TB/W11),81990,False,False,True,False,https://www.momoshop.com.tw/TP/TP0006408/goodsDetail/TP00064080000995,2026-10-06
FA506NCQ,,,TP00064080000996,【ASUS 華碩】特仕款 3050獨顯 15.6吋 R7電競筆電(FA506NCQ/R7-170/32+32G/512+512G/W11),72990,False,False,True,False,https://www.momoshop.com.tw/TP/TP0006408/goodsDetail/TP00064080000996,2026-10-06
FA607NUG,,,TP00056340006512,【ASUS 華碩】 TUF Gaming A16 電競筆電 FA607NUG-0083A7445HS 無包 (福利品),36999,False,False,False,True,https://www.momoshop.com.tw/TP/TP0005634/goodsDetail/TP00056340006512,2026-10-06
FA607NUQ,,,15307997,【ASUS 華碩】16吋Ryzen7 RTX4050電競筆電(FA607NUQ-0093A170H/Ryzen 7 170/16G/512G SSD/W11),37999,True,False,False,False,https://www.momoshop.com.tw/goods/GoodsDetail.jsp?i_code=15307997,2026-10-06
FA607NUQ,,,15411581,【ASUS 華碩】包鼠組★16吋Ryzen7 RTX4050電競筆電(FA607NUQ-0093A170H/Ryzen 7 170/16G/512G SSD/W11),38999,True,True,False,False,https://www.momoshop.com.tw/goods/GoodsDetail.jsp?i_code=15411581,2026-10-06
FA607NUQ,,,15411571,【ASUS 華碩】TUF耳機組★16吋Ryzen7 RTX4050電競筆電(FA607NUQ-0093A170H/Ryzen 7 170/16G/512G/W11),38999,True,True,False,False,https://www.momoshop.com.tw/goods/GoodsDetail.jsp?i_code=15411571,2026-10-06
FA607NUQ,,,15411698,【ASUS 華碩】升級16G組★16吋Ryzen7 RTX4050電競筆電(FA607NUQ-0093A170H/Ryzen 7 170/16G/512G SSD/W11),43999,True,True,False,False,https://www.momoshop.com.tw/goods/GoodsDetail.jsp?i_code=15411698,2026-10-06
FA607NUQ,,,15701050,【ASUS 華碩】遊戲手把組★16吋Ryzen7 RTX4050電競筆電(FA607NUQ-0093A170H/Ryzen 7 170/16G/512G SSD/W11),38999,True,True,False,False,https://www.momoshop.com.tw/goods/GoodsDetail.jsp?i_code=15701050,2026-10-06
FA607NUQ,,,15704870,【ASUS 華碩】27型電競螢幕組★16吋Ryzen7 RTX4050電競筆電(FA607NUQ-0093A170H/Ryzen 7 170/16G/512G/W11),39999,True,True,False,False,https://www.momoshop.com.tw/goods/GoodsDetail.jsp?i_code=15704870,2026-10-06
FA607NUQ,,,15173613,【ASUS 華碩】特仕版 16吋筆電(TUF Gaming FA607NUQ/Ryzen 7 170/16G+16G/512G/RTX4050/W11),45499,True,False,True,False,https://www.momoshop.com.tw/goods/GoodsDetail.jsp?i_code=15173613,2026-10-06
FA607NUQ,,,15411593,【ASUS 華碩】升級16G組★16吋Ryzen7 RTX4050電競筆電(FA607NUQ-0093A170H/Ryzen 7 170/16G/512G SSD/W11),43999,True,True,False,False,https://www.momoshop.com.tw/goods/GoodsDetail.jsp?i_code=15411593,2026-10-06
FA608PP,,,14858151,【ASUS 華碩】16吋GeForce RTX 5070 R9電競筆電(FA608PP-0071A8940HX/R9-8940HX/16G/512GB/W11),59999,True,False,False,False,https://www.momoshop.com.tw/goods/GoodsDetail.jsp?i_code=14858151,2026-10-06
FA608PP,,,15582420,【ASUS 華碩】特仕版 16吋電競筆電(FA608PP-0071A8940HX/R9-8940HX/32G/512G+512G SSD/RTX5070/Win11),69999,True,False,True,False,https://www.momoshop.com.tw/goods/GoodsDetail.jsp?i_code=15582420,2026-10-06
FA608PP,,,14354417,【ASUS 華碩】特仕版 16吋電競筆電(FA608PP-0071A8940HX/R9-8940HX/64G/512G+2TB SSD/GeForce RTX5070/W11),89999,True,False,True,False,https://www.momoshop.com.tw/goods/GoodsDetail.jsp?i_code=14354417,2026-10-06
FA608PP,,,14354416,【ASUS 華碩】特仕版 16吋電競筆電(FA608PP-0071A8940HX/R9-8940HX/32G/512G+1TB/GeForce RTX5070/Win11),71999,True,False,True,False,https://www.momoshop.com.tw/goods/GoodsDetail.jsp?i_code=14354416,2026-10-06
FA608PP,,,14402081,【ASUS 華碩】特仕版 16吋筆電(TUF Gaming FA608PP/R9-8940HX/16G+16G/512G/RTX5070/W11),67499,True,False,True,False,https://www.momoshop.com.tw/goods/GoodsDetail.jsp?i_code=14402081,2026-10-06
FA608PP,,,TP00027530003751,【ASUS 華碩】特仕版 TUF Gaming A16 FA608PP 16吋電競筆電（R9/16G/512G/RTX5070/W11）,66999,False,False,True,False,https://www.momoshop.com.tw/TP/TP0002753/goodsDetail/TP00027530003751,2026-10-06
FA608PP,,,TP00027530003753,【ASUS 華碩】特仕版 TUF Gaming A16 FA608PP 16吋電競筆電（R9/32G/1T/RTX5070/W11）,69999,False,False,True,False,https://www.momoshop.com.tw/TP/TP0002753/goodsDetail/TP00027530003753,2026-10-06
FA608PP,,,TP00027530003754,【ASUS 華碩】特仕版 TUF Gaming A16 FA608PP 16吋電競筆電（R9/32G/1.5T/RTX5070/W11）,71999,False,False,True,False,https://www.momoshop.com.tw/TP/TP0002753/goodsDetail/TP00027530003754,2026-10-06
FA608PP,,,14288797,【ASUS 華碩】16吋GeForce RTX 5070 R9電競筆電(FA608PP-0071A8940HX/R9-8940HX/16G/512GB/W11),59999,True,False,False,False,https://www.momoshop.com.tw/goods/GoodsDetail.jsp?i_code=14288797,2026-10-06
FA608PP,,,TP00027530003755,【ASUS 華碩】特仕版 TUF Gaming A16 FA608PP 16吋電競筆電（R9/32G/2.5T/RTX5070/W11）,75999,False,False,True,False,https://www.momoshop.com.tw/TP/TP0002753/goodsDetail/TP00027530003755,2026-10-06
FA608PP,,,TP00064080001589,【ASUS 華碩】特仕款 A16 RTX5070獨顯 (FA608PP/R9-8940HX/16G/512G+1TB PCIe/W11),66990,False,False,True,False,https://www.momoshop.com.tw/TP/TP0006408/goodsDetail/TP00064080001589,2026-10-06
FA608PP,,,TP00064080001593,【ASUS 華碩】特仕款 A16 RTX5070獨顯 (FA608PP/R9-8940HX/16G/512G+512G PCIe/W11),62990,False,False,True,False,https://www.momoshop.com.tw/TP/TP0006408/goodsDetail/TP00064080001593,2026-10-06
FA608PP,,,TP00002230002592,【ASUS 華碩】特規✨TUF Gaming A16 FA608PP 電競筆電/R9/RTX5070/16吋,61299,False,False,False,False,https://www.momoshop.com.tw/TP/TP0000223/goodsDetail/TP00002230002592,2026-10-06
FA608PP,,,TP00064080001597,【ASUS 華碩】特仕款 A16 RTX5070獨顯 (FA608PP/R9-8940HX/16G+8G/512G PCIe/W11),63990,False,False,True,False,https://www.momoshop.com.tw/TP/TP0006408/goodsDetail/TP00064080001597,2026-10-06
FA608PP,,,TP00064080001618,【ASUS 華碩】特仕款 A16 RTX5070 (FA608PP/R9-8940HX/16G+32G/512G PCIe/W11),74990,False,False,True,False,https://www.momoshop.com.tw/TP/TP0006408/goodsDetail/TP00064080001618,2026-10-06
FA608PP,,,TP00064080001620,【ASUS 華碩】特仕款A16 RTX5070 (FA608PP/R9-8940HX/16G+32G/512G+512GPCIe/W11),79990,False,False,True,False,https://www.momoshop.com.tw/TP/TP0006408/goodsDetail/TP00064080001620,2026-10-06
FA608PP,,,TP00064080001595,【ASUS 華碩】特仕款 A16 RTX5070獨顯 (FA608PP/R9-8940HX/16G/512G+2TB PCIe/W11),71990,False,False,True,False,https://www.momoshop.com.tw/TP/TP0006408/goodsDetail/TP00064080001595,2026-10-06
FA608PP,,,TP00064080001598,【ASUS 華碩】特仕款 A16 RTX5070獨顯 (FA608PP/R9-8940HX/16G+16G/512G PCIe/W11),67990,False,False,True,False,https://www.momoshop.com.tw/TP/TP0006408/goodsDetail/TP00064080001598,2026-10-06
FA608PP,,,TP00027350004400,【ASUS 華碩】特仕版16吋電競(TUF Gaming FA608PP/R9-8940HX/32G/1TB/RTX5070/W11),70499,False,False,True,False,https://www.momoshop.com.tw/TP/TP0002735/goodsDetail/TP00027350004400,2026-10-06
FA608PP,,,TP00064080001599,【ASUS 華碩】特仕款 A16 RTX5070 (FA608PP/R9-8940HX/16G+8G/512G+1TB PCIe/W11),72990,False,False,True,False,https://www.momoshop.com.tw/TP/TP0006408/goodsDetail/TP00064080001599,2026-10-06
FA608PP,,,TP00064080001600,【ASUS 華碩】特仕款 A16 RTX5070 (FA608PP/R9-8940HX/16G+8G/512G+2TB PCIe/W11),77990,False,False,True,False,https://www.momoshop.com.tw/TP/TP0006408/goodsDetail/TP00064080001600,2026-10-06
FA608PP,,,TP00064080001601,【ASUS 華碩】特仕款 A16 RTX5070 (FA608PP/R9-8940HX/16G+8G/512G+512GPCIe/W11),68990,False,False,True,False,https://www.momoshop.com.tw/TP/TP0006408/goodsDetail/TP00064080001601,2026-10-06
FA608PP,,,TP00064080001602,【ASUS 華碩】特仕款 A16 RTX5070(FA608PP/R9-8940HX/16G+16G/512G+512GPCIe/W11),72990,False,False,True,False,https://www.momoshop.com.tw/TP/TP0006408/goodsDetail/TP00064080001602,2026-10-06
FA608PP,,,TP00064080001613,【ASUS 華碩】特仕款A16 RTX5070 (FA608PP/R9-8940HX/16G+16G/512G+1TB PCIe/W11),76990,False,False,True,False,https://www.momoshop.com.tw/TP/TP0006408/goodsDetail/TP00064080001613,2026-10-06
FA608PP,,,TP00064080001614,【ASUS 華碩】特仕款A16 RTX5070 (FA608PP/R9-8940HX/16G+16G/512G+2TB PCIe/W11),81990,False,False,True,False,https://www.momoshop.com.tw/TP/TP0006408/goodsDetail/TP00064080001614,2026-10-06
FA608PP,,,TP00064080001616,【ASUS 華碩】特仕款 A16 RTX5070 (FA608PP/R9-8940HX/16G+32G/512G+1T PCIe/W11),83990,False,False,True,False,https://www.momoshop.com.tw/TP/TP0006408/goodsDetail/TP00064080001616,2026-10-06
FA608PP,,,TP00014390006886,【ASUS 華碩】FA608PP-0071A8940HX 16吋 R9 RTX5070 電競筆電,59999,False,False,False,False,https://www.momoshop.com.tw/TP/TP0001439/goodsDetail/TP00014390006886,2026-10-06
FA608PP,,,TP00064080001621,【ASUS 華碩】特仕款 A16 RTX5070 (FA608PP/R9-8940HX/16G+32G/512G+2T PCIe/W11),88990,False,False,True,False,https://www.momoshop.com.tw/TP/TP0006408/goodsDetail/TP00064080001621,2026-10-06
FA608PP,,,TP00027530003752,【ASUS 華碩】特仕版 TUF Gaming A16 FA608PP 16吋電競筆電（R9/32G/512G/RTX5070/W11）,66999,False,False,True,False,https://www.momoshop.com.tw/TP/TP0002753/goodsDetail/TP00027530003752,2026-10-06
FA608PP,,,TP00027530003765,【ASUS 華碩】特仕版 TUF Gaming A16 FA608PP 16吋電競筆電（R9/64G/2.5T/RTX5070/W11）,89499,False,False,True,False,https://www.momoshop.com.tw/TP/TP0002753/goodsDetail/TP00027530003765,2026-10-06
FA608PP,,,TP00027530003766,【ASUS 華碩】特仕版 TUF Gaming A16 FA608PP 16吋電競筆電（R9/64G/4.5T/RTX5070/W11）,98999,False,False,True,False,https://www.momoshop.com.tw/TP/TP0002753/goodsDetail/TP00027530003766,2026-10-06
FA608PP,,,TP00056340007571,【ASUS 華碩】TUF GAMING A16 FA608PP-0071A8940HX 御鐵灰,61999,False,False,False,False,https://www.momoshop.com.tw/TP/TP0005634/goodsDetail/TP00056340007571,2026-10-06
FA608PP,,,TP00027350004274,【ASUS 華碩】特仕版16吋電競(TUF FA608PP/R9-8940HX/16G/512G/RTX5070/W11)多規,59999,False,False,True,False,https://www.momoshop.com.tw/TP/TP0002735/goodsDetail/TP00027350004274,2026-10-06
FA608PP,,,TP00027350004355,【ASUS 華碩】特仕版16吋電競(TUF Gaming FA608PP/R9-8940HX/24G/512G/RTX5070/W11),64499,False,False,True,False,https://www.momoshop.com.tw/TP/TP0002735/goodsDetail/TP00027350004355,2026-10-06
FA608PP,,,TP00027350004390,【ASUS 華碩】特仕版16吋電競(TUF Gaming FA608PP/R9-8940HX/32G/512G/RTX5070/W11),67499,False,False,True,False,https://www.momoshop.com.tw/TP/TP0002735/goodsDetail/TP00027350004390,2026-10-06
FA608PP,,,TP00027350004393,【ASUS 華碩】特仕版16吋電競(TUF Gaming FA608PP/R9-8940HX/32G/1.5T/RTX5070/W11),72499,False,False,True,False,https://www.momoshop.com.tw/TP/TP0002735/goodsDetail/TP00027350004393,2026-10-06
FA608PP,,,TP00027350004397,【ASUS 華碩】特仕版16吋電競(TUF Gaming FA608PP/R9-8940HX/32G/2.5T/RTX5070/W11),76499,False,False,True,False,https://www.momoshop.com.tw/TP/TP0002735/goodsDetail/TP00027350004397,2026-10-06
FA608PP,,,TP00027350004398,【ASUS 華碩】特仕版16吋電競(TUF Gaming FA608PP/R9-8940HX/48G/2.5T/RTX5070/W11),83999,False,False,True,False,https://www.momoshop.com.tw/TP/TP0002735/goodsDetail/TP00027350004398,2026-10-06
FA608PP,,,TP00027530003756,【ASUS 華碩】特仕版 TUF Gaming A16 FA608PP 16吋電競筆電（R9/32G/4.5T/RTX5070/W11）,84999,False,False,True,False,https://www.momoshop.com.tw/TP/TP0002753/goodsDetail/TP00027530003756,2026-10-06
FA608PP,,,TP00027350004401,【ASUS 華碩】特仕版16吋電競(TUF Gaming FA608PP/R9-8940HX/24G/1TB/RTX5070/W11),67499,False,False,True,False,https://www.momoshop.com.tw/TP/TP0002735/goodsDetail/TP00027350004401,2026-10-06
FA608PP,,,TP00027530003757,【ASUS 華碩】特仕版 TUF Gaming A16 FA608PP 16吋電競筆電（R9/48G/512G/RTX5070/W11）,72999,False,False,True,False,https://www.momoshop.com.tw/TP/TP0002753/goodsDetail/TP00027530003757,2026-10-06
FA608PP,,,TP00027350004402,【ASUS 華碩】特仕版16吋電競(TUF Gaming FA608PP/R9-8940HX/48G/1TB/RTX5070/W11),77999,False,False,True,False,https://www.momoshop.com.tw/TP/TP0002735/goodsDetail/TP00027350004402,2026-10-06
FA608PP,,,TP00027530003758,【ASUS 華碩】特仕版 TUF Gaming A16 FA608PP 16吋電競筆電（R9/48G/1T/RTX5070/W11）,76499,False,False,True,False,https://www.momoshop.com.tw/TP/TP0002753/goodsDetail/TP00027530003758,2026-10-06
FA608PP,,,TP00027530003759,【ASUS 華碩】特仕版 TUF Gaming A16 FA608PP 16吋電競筆電（R9/48G/1.5T/RTX5070/W11）,78499,False,False,True,False,https://www.momoshop.com.tw/TP/TP0002753/goodsDetail/TP00027530003759,2026-10-06
FA608PP,,,TP00027530003760,【ASUS 華碩】特仕版 TUF Gaming A16 FA608PP 16吋電競筆電（R9/48G/2.5T/RTX5070/W11）,82999,False,False,True,False,https://www.momoshop.com.tw/TP/TP0002753/goodsDetail/TP00027530003760,2026-10-06
FA608PP,,,TP00027530003761,【ASUS 華碩】特仕版 TUF Gaming A16 FA608PP 16吋電競筆電（R9/48G/4.5T/RTX5070/W11）,92399,False,False,True,False,https://www.momoshop.com.tw/TP/TP0002753/goodsDetail/TP00027530003761,2026-10-06
FA608PP,,,TP00027530003762,【ASUS 華碩】特仕版 TUF Gaming A16 FA608PP 16吋電競筆電（R9/64G/512G/RTX5070/W11）,81599,False,False,True,False,https://www.momoshop.com.tw/TP/TP0002753/goodsDetail/TP00027530003762,2026-10-06
FA608PP,,,TP00027530003763,【ASUS 華碩】特仕版 TUF Gaming A16 FA608PP 16吋電競筆電（R9/64G/1T/RTX5070/W11）,82999,False,False,True,False,https://www.momoshop.com.tw/TP/TP0002753/goodsDetail/TP00027530003763,2026-10-06
FA608PP,,,TP00027530003764,【ASUS 華碩】特仕版 TUF Gaming A16 FA608PP 16吋電競筆電（R9/64G/1.5T/RTX5070/W11）,86499,False,False,True,False,https://www.momoshop.com.tw/TP/TP0002753/goodsDetail/TP00027530003764,2026-10-06
FA608PP,,,TP00027350004356,【ASUS 華碩】特仕版16吋電競(TUF Gaming FA608PP/R9-8940HX/24G/1.5T/RTX5070/W11),69499,False,False,True,False,https://www.momoshop.com.tw/TP/TP0002735/goodsDetail/TP00027350004356,2026-10-06
FA608PP,,,14945643,【ASUS 華碩】升級16G組★16吋GeForce RTX 5070 R9電競筆電(FA608PP-0071A8940HX/R9-8940HX/16G/512GB/W11),65999,True,True,False,False,https://www.momoshop.com.tw/goods/GoodsDetail.jsp?i_code=14945643,2026-10-06
FA608PP,,,TP00027350004391,【ASUS 華碩】特仕版16吋電競(TUF Gaming FA608PP/R9-8940HX/48G/512G/RTX5070/W11),74999,False,False,True,False,https://www.momoshop.com.tw/TP/TP0002735/goodsDetail/TP00027350004391,2026-10-06
FA608PP,,,15412135,【ASUS 華碩】TUF耳機組★16吋GeForce RTX 5070 R9電競筆電(FA608PP-0071A8940HX/R9-8940HX/16G/512GB/W11),60999,True,True,False,False,https://www.momoshop.com.tw/goods/GoodsDetail.jsp?i_code=15412135,2026-10-06
FA608PP,,,TP00027350004392,【ASUS 華碩】特仕版16吋電競(TUF Gaming FA608PP/R9-8940HX/64G/512G/RTX5070/W11),88999,False,False,True,False,https://www.momoshop.com.tw/TP/TP0002735/goodsDetail/TP00027350004392,2026-10-06
FA608PP,,,15412138,【ASUS 華碩】包鼠組★16吋GeForce RTX 5070 R9電競筆電(FA608PP-0071A8940HX/R9-8940HX/16G/512GB/W11),60999,True,True,False,False,https://www.momoshop.com.tw/goods/GoodsDetail.jsp?i_code=15412138,2026-10-06
FA608PP,,,TP00027350004394,【ASUS 華碩】特仕版16吋電競(TUF Gaming FA608PP/R9-8940HX/48G/1.5T/RTX5070/W11),79999,False,False,True,False,https://www.momoshop.com.tw/TP/TP0002735/goodsDetail/TP00027350004394,2026-10-06
FA608PP,,,14947156,【ASUS 華碩】升級16G組★16吋GeForce RTX 5070 R9電競筆電(FA608PP-0071A8940HX/R9-8940HX/16G/512GB/W11),65999,True,True,False,False,https://www.momoshop.com.tw/goods/GoodsDetail.jsp?i_code=14947156,2026-10-06
FA608PP,,,TP00027350004395,【ASUS 華碩】特仕版16吋電競(TUF Gaming FA608PP/R9-8940HX/64G/1.5T/RTX5070/W11),93999,False,False,True,False,https://www.momoshop.com.tw/TP/TP0002735/goodsDetail/TP00027350004395,2026-10-06
FA608PP,,,TP00027350004399,【ASUS 華碩】特仕版16吋電競(TUF Gaming FA608PP/R9-8940HX/64G/2.5T/RTX5070/W11),97999,False,False,True,False,https://www.momoshop.com.tw/TP/TP0002735/goodsDetail/TP00027350004399,2026-10-06
FA608PP,,,15701064,【ASUS 華碩】遊戲手把組★16吋GeForce RTX 5070 R9電競筆電(FA608PP-0071A8940HX/R9-8940HX/16G/512G/W11),61999,True,True,False,False,https://www.momoshop.com.tw/goods/GoodsDetail.jsp?i_code=15701064,2026-10-06
FA608PP,,,TP00027350004403,【ASUS 華碩】特仕版16吋電競(TUF Gaming FA608PP/R9-8940HX/64G/1TB/RTX5070/W11),91999,False,False,True,False,https://www.momoshop.com.tw/TP/TP0002735/goodsDetail/TP00027350004403,2026-10-06
FA608PP,,,15705125,【ASUS 華碩】27型電競螢幕組★16吋GeForce RTX 5070 R9電競筆電(FA608PP-0071A8940HX/R9-8940HX/16G/512G),62999,True,True,False,False,https://www.momoshop.com.tw/goods/GoodsDetail.jsp?i_code=15705125,2026-10-06
FA608PP,,,TP00004400000549,【ASUS 華碩】特仕版 升級1T FA608PP/R9-8940HX/RTX5070 8G/16G/512G SSD*2/W11,62899,False,False,True,False,https://www.momoshop.com.tw/TP/TP0000440/goodsDetail/TP00004400000549,2026-10-06
FA608PP,,,TP00004400000550,【ASUS 華碩】特仕版 升級32G 1T FA608PP/R9-8940HX/RTX5070 8G/32G/512G SSD*2,70999,False,False,True,False,https://www.momoshop.com.tw/TP/TP0000440/goodsDetail/TP00004400000550,2026-10-06
FA608PP,,,TP00004400000551,【ASUS 華碩】特仕版 升級1.5T FA608PP/R9-8940HX/RTX5070 8G/16G/512G+1T/W11,64999,False,False,True,False,https://www.momoshop.com.tw/TP/TP0000440/goodsDetail/TP00004400000551,2026-10-06
FA608PP,,,TP00004400000552,【ASUS 華碩】特仕版 升級32G 1.5T FA608PP/R9-8940HX/RTX5070 8G/32G/512G+1T/W11,73499,False,False,True,False,https://www.momoshop.com.tw/TP/TP0000440/goodsDetail/TP00004400000552,2026-10-06
FA608UH,,,TP00027350003995,【ASUS 華碩】特仕版16吋電競(TUF Gaming FA608UH/R7/16G/512G/RTX5050/W11)多規,47999,False,False,True,False,https://www.momoshop.com.tw/TP/TP0002735/goodsDetail/TP00027350003995,2026-10-06
FA608UH,,,TP00027350004157,【ASUS 華碩】特仕版16吋電競(TUF Gaming FA608UH/R7/24G/1TB/RTX5050/W11),54499,False,False,True,False,https://www.momoshop.com.tw/TP/TP0002735/goodsDetail/TP00027350004157,2026-10-06
FA608UH,,,TP00027350004179,【ASUS 華碩】特仕版16吋電競(TUF Gaming FA608UH/R7/32G/1TB/RTX5050/W11),57499,False,False,True,False,https://www.momoshop.com.tw/TP/TP0002735/goodsDetail/TP00027350004179,2026-10-06
FA608UH,,,TP00027350004182,【ASUS 華碩】特仕版16吋電競(TUF Gaming FA608UH/R7/24G/1.5TB/RTX5050/W11),55999,False,False,True,False,https://www.momoshop.com.tw/TP/TP0002735/goodsDetail/TP00027350004182,2026-10-06
FA608UH,,,TP00027350004183,【ASUS 華碩】特仕版16吋電競(TUF Gaming FA608UH/R7/32G/1.5TB/RTX5050/W11),58999,False,False,True,False,https://www.momoshop.com.tw/TP/TP0002735/goodsDetail/TP00027350004183,2026-10-06
FA608UH,,,TP00027350004187,【ASUS 華碩】特仕版16吋電競(TUF Gaming FA608UH/R7/32G/2.5TB/RTX5050/W11),62499,False,False,True,False,https://www.momoshop.com.tw/TP/TP0002735/goodsDetail/TP00027350004187,2026-10-06
FA608UH,,,TP00027350004156,【ASUS 華碩】特仕版16吋電競(TUF Gaming FA608UH/R7/24G/512G/RTX5050/W11),51499,False,False,True,False,https://www.momoshop.com.tw/TP/TP0002735/goodsDetail/TP00027350004156,2026-10-06
FA608UH,,,TP00027350004176,【ASUS 華碩】特仕版16吋電競(TUF Gaming FA608UH/R7/32G/512G/RTX5050/W11),54499,False,False,True,False,https://www.momoshop.com.tw/TP/TP0002735/goodsDetail/TP00027350004176,2026-10-06
FA608UH,,,TP00027350004177,【ASUS 華碩】特仕版16吋電競(TUF Gaming FA608UH/R7/48G/512G/RTX5050/W11),59999,False,False,True,False,https://www.momoshop.com.tw/TP/TP0002735/goodsDetail/TP00027350004177,2026-10-06
FA608UH,,,TP00027350004178,【ASUS 華碩】特仕版16吋電競(TUF Gaming FA608UH/R7/64G/512G/RTX5050/W11),71999,False,False,True,False,https://www.momoshop.com.tw/TP/TP0002735/goodsDetail/TP00027350004178,2026-10-06
FA608UH,,,TP00027350004180,【ASUS 華碩】特仕版16吋電競(TUF Gaming FA608UH/R7/48G/1TB/RTX5050/W11),62999,False,False,True,False,https://www.momoshop.com.tw/TP/TP0002735/goodsDetail/TP00027350004180,2026-10-06
FA608UH,,,TP00027350004181,【ASUS 華碩】特仕版16吋電競(TUF Gaming FA608UH/R7/64G/1TB/RTX5050/W11),74999,False,False,True,False,https://www.momoshop.com.tw/TP/TP0002735/goodsDetail/TP00027350004181,2026-10-06
FA608UH,,,TP00027350004184,【ASUS 華碩】特仕版16吋電競(TUF Gaming FA608UH/R7/48G/1.5TB/RTX5050/W11),64499,False,False,True,False,https://www.momoshop.com.tw/TP/TP0002735/goodsDetail/TP00027350004184,2026-10-06
FA608UH,,,TP00027350004185,【ASUS 華碩】特仕版16吋電競(TUF Gaming FA608UH/R7/64G/1.5TB/RTX5050/W11),76499,False,False,True,False,https://www.momoshop.com.tw/TP/TP0002735/goodsDetail/TP00027350004185,2026-10-06
FA608UH,,,TP00027350004186,【ASUS 華碩】特仕版16吋電競(TUF Gaming FA608UH/R7/24G/2.5TB/RTX5050/W11),59499,False,False,True,False,https://www.momoshop.com.tw/TP/TP0002735/goodsDetail/TP00027350004186,2026-10-06
FA608UH,,,TP00027350004188,【ASUS 華碩】特仕版16吋電競(TUF Gaming FA608UH/R7/48G/2.5TB/RTX5050/W11),67999,False,False,True,False,https://www.momoshop.com.tw/TP/TP0002735/goodsDetail/TP00027350004188,2026-10-06
FA608UH,,,TP00027350004189,【ASUS 華碩】特仕版16吋電競(TUF Gaming FA608UH/R7/64G/2.5TB/RTX5050/W11),79999,False,False,True,False,https://www.momoshop.com.tw/TP/TP0002735/goodsDetail/TP00027350004189,2026-10-06
FA608UHI,,,15607791,【ASUS 華碩】16吋GeForce RTX 5050 R7電競筆電(FA608UHI-0061A260H/R7-260/16G/512GB/W11),44999,True,False,False,False,https://www.momoshop.com.tw/goods/GoodsDetail.jsp?i_code=15607791,2026-10-06
FA608UHI,,,15631968,【ASUS 華碩】包鼠組★16吋GeForce RTX 5050 R7電競筆電(FA608UHI-0061A260H/R7-260/16G/512GB/W11),45999,True,True,False,False,https://www.momoshop.com.tw/goods/GoodsDetail.jsp?i_code=15631968,2026-10-06
FA608UHI,,,15440847,【ASUS 華碩】特仕版 16吋電競筆電(TUF Gaming FA608UHI/R7-260/16G+16G/512G+1TB/RTX5050/W11),57499,True,False,True,False,https://www.momoshop.com.tw/goods/GoodsDetail.jsp?i_code=15440847,2026-10-06
FA608UHI,,,15631971,【ASUS 華碩】TUF耳機組★16吋GeForce RTX 5050 R7電競筆電(FA608UHI-0061A260H/R7-260/16G/512GB/W11),45999,True,True,False,False,https://www.momoshop.com.tw/goods/GoodsDetail.jsp?i_code=15631971,2026-10-06
FA608UHI,,,15404001,【ASUS 華碩】特仕版 16吋電競筆電(FA608UHI-0061A260H/R7-260/16G+16G/512G+512G SSD/RTX5050/Win11),53999,True,False,True,False,https://www.momoshop.com.tw/goods/GoodsDetail.jsp?i_code=15404001,2026-10-06
FA608UHI,,,15404002,【ASUS 華碩】特仕版 16吋電競筆電(FA608UHI-0061A260H/R7-260/16G+16G/512G SSD/RTX5050/Win11),50999,True,False,True,False,https://www.momoshop.com.tw/goods/GoodsDetail.jsp?i_code=15404002,2026-10-06
FA608UHI,,,15440843,【ASUS 華碩】特仕版 16吋電競筆電(TUF Gaming FA608UHI/R7-260/16G+16G/512G+512G/RTX5050/W11),55499,True,False,True,False,https://www.momoshop.com.tw/goods/GoodsDetail.jsp?i_code=15440843,2026-10-06
FA608UHI,,,TP00027530004765,【ASUS 華碩】特仕版 TUF Gaming A16 FA608UHI 16吋電競筆電（R7/16G/512G/RTX5050/W11）,44999,False,False,True,False,https://www.momoshop.com.tw/TP/TP0002753/goodsDetail/TP00027530004765,2026-10-06
FA608UHI,,,15631977,【ASUS 華碩】16G記憶體組★16吋GeForce RTX 5050 R7電競筆電(FA608UHI-0061A260H/R7-260/16G/512GB/W11),50999,True,True,False,False,https://www.momoshop.com.tw/goods/GoodsDetail.jsp?i_code=15631977,2026-10-06
FA608UHI,,,15404000,【ASUS 華碩】特仕版 16吋電競筆電(FA608UHI-0061A260H/R7-260/16G+16G/512G+1TB SSD/RTX5050/Win11),55999,True,False,True,False,https://www.momoshop.com.tw/goods/GoodsDetail.jsp?i_code=15404000,2026-10-06
FA608UHI,,,15440839,【ASUS 華碩】特仕版 16吋電競筆電(TUF Gaming FA608UHI/R7-260/16G+16G/512G/RTX5050/W11),52499,True,False,True,False,https://www.momoshop.com.tw/goods/GoodsDetail.jsp?i_code=15440839,2026-10-06
FA608UHI,,,TP00056340007820,【ASUS 華碩】TUF Gaming A16 電競筆電 16吋(FA608UHI-0061A260H/RTX5050/Win11),44999,False,False,False,False,https://www.momoshop.com.tw/TP/TP0005634/goodsDetail/TP00056340007820,2026-10-06
FA608UHI,,,15440851,【ASUS 華碩】特仕版 16吋電競筆電(TUF Gaming FA608UHI/R7-260/16G+16G/512G+2TB/RTX5050/W11),61499,True,False,True,False,https://www.momoshop.com.tw/goods/GoodsDetail.jsp?i_code=15440851,2026-10-06
FA608UHI,,,TP00027530004807,【ASUS 華碩】特仕版 TUF Gaming A16 FA608UHI 16吋電競筆電（R7/32G/1T/RTX5050/W11）,54999,False,False,True,False,https://www.momoshop.com.tw/TP/TP0002753/goodsDetail/TP00027530004807,2026-10-06
FA608UHI,,,15701056,【ASUS 華碩】遊戲手把組★16吋GeForce RTX 5050 R7電競筆電(FA608UHI-0061A260H/R7-260/16G/512GB/W11),46999,True,True,False,False,https://www.momoshop.com.tw/goods/GoodsDetail.jsp?i_code=15701056,2026-10-06
FA608UHI,,,TP00064080001675,【ASUS 華碩】特仕款 A16 RTX5050電競筆電(FA608UHI/R7-260/16+16G/512+512G SSD/W11),58990,False,False,True,False,https://www.momoshop.com.tw/TP/TP0006408/goodsDetail/TP00064080001675,2026-10-06
FA608UHI,,,TP00064080001681,【ASUS 華碩】特仕款 A16 RTX5050 電競筆電 (FA608UHI/R7-260/16G+16G/512G/W11),53990,False,False,True,False,https://www.momoshop.com.tw/TP/TP0006408/goodsDetail/TP00064080001681,2026-10-06
FA608UHI,,,TP00027350006535,【ASUS 華碩】特仕版16吋筆電(FA608UHI/R7-260/16G/512G/RTX5050/W11)多規,44999,False,False,True,False,https://www.momoshop.com.tw/TP/TP0002735/goodsDetail/TP00027350006535,2026-10-06
FA608UHI,,,TP00027530004806,【ASUS 華碩】特仕版 TUF Gaming A16 FA608UHI 16吋電競筆電（R7/32G/512G/RTX5050/W11）,51999,False,False,True,False,https://www.momoshop.com.tw/TP/TP0002753/goodsDetail/TP00027530004806,2026-10-06
FA608UHI,,,TP00064080001667,【ASUS 華碩】特仕款 A16 RTX5050 電競筆電 (FA608UHI/R7-260/16G+8G/512G PCIe/W11),49990,False,False,True,False,https://www.momoshop.com.tw/TP/TP0006408/goodsDetail/TP00064080001667,2026-10-06
FA608UHI,,,TP00064080001668,【ASUS 華碩】特仕款 A16 RTX5050 電競筆電(FA608UHI/R7-260/16G/512G+512G PCIe/W11),48990,False,False,True,False,https://www.momoshop.com.tw/TP/TP0006408/goodsDetail/TP00064080001668,2026-10-06
FA608UHI,,,TP00064080001669,【ASUS 華碩】特仕款 A16 RTX5050 電競筆電 (FA608UHI/R7-260/16G/512G+1TB PCIe/W11),52990,False,False,True,False,https://www.momoshop.com.tw/TP/TP0006408/goodsDetail/TP00064080001669,2026-10-06
FA608UHI,,,TP00064080001670,【ASUS 華碩】特仕款 A16 RTX5050 電競筆電 (FA608UHI/R7-260/16G/512G+2TB PCIe/W11),57990,False,False,True,False,https://www.momoshop.com.tw/TP/TP0006408/goodsDetail/TP00064080001670,2026-10-06
FA608UHI,,,TP00064080001671,【ASUS 華碩】特仕款 A16 RTX5050電競筆電(FA608UHI/R7-260/16+8G/512+512G PCIe/W11),54990,False,False,True,False,https://www.momoshop.com.tw/TP/TP0006408/goodsDetail/TP00064080001671,2026-10-06
FA608UHI,,,TP00064080001672,【ASUS 華碩】特仕款 A16 RTX5050電競筆電(FA608UHI/R7-260/16+8G/512G+1TB PCIe/W11),58990,False,False,True,False,https://www.momoshop.com.tw/TP/TP0006408/goodsDetail/TP00064080001672,2026-10-06
FA608UHI,,,TP00064080001673,【ASUS 華碩】特仕款 A16 RTX5050 電競筆電(FA608UHI/R7-260/16+8G/512+2TB PCIe/W11),63990,False,False,True,False,https://www.momoshop.com.tw/TP/TP0006408/goodsDetail/TP00064080001673,2026-10-06
FA608UHI,,,TP00064080001676,【ASUS 華碩】特仕款 A16 RTX5050電競筆電(FA608UHI/R7-260/16+16G/512+1TB PCIe/W11),62990,False,False,True,False,https://www.momoshop.com.tw/TP/TP0006408/goodsDetail/TP00064080001676,2026-10-06
FA608UHI,,,TP00064080001677,【ASUS 華碩】特仕款 A16 RTX5050電競筆電(FA608UHI/R7-260/16+32G/512+512G SSD/W11),65990,False,False,True,False,https://www.momoshop.com.tw/TP/TP0006408/goodsDetail/TP00064080001677,2026-10-06
FA608UHI,,,TP00064080001678,【ASUS 華碩】特仕款 A16 RTX5050電競筆電(FA608UHI/R7-260/16+16G/512+2TB PCIe/W11),67990,False,False,True,False,https://www.momoshop.com.tw/TP/TP0006408/goodsDetail/TP00064080001678,2026-10-06
FA608UHI,,,TP00027530005258,【ASUS 華碩】特仕版 TUF Gaming A16 FA608UHI 16吋電競筆電（R7/32G/1T/RTX5050/W11）單換,56499,False,False,True,False,https://www.momoshop.com.tw/TP/TP0002753/goodsDetail/TP00027530005258,2026-10-06
FA608UHI,,,TP00064080001679,【ASUS 華碩】特仕款 A16 RTX5050電競筆電(FA608UHI/R7-260/16+32G/512+1TB PCIe/W11),69990,False,False,True,False,https://www.momoshop.com.tw/TP/TP0006408/goodsDetail/TP00064080001679,2026-10-06
FA608UHI,,,TP00064080001680,【ASUS 華碩】特仕款 A16 RTX5050電競筆電(FA608UHI/R7-260/16+32G/512G+2T PCIe/W11),74990,False,False,True,False,https://www.momoshop.com.tw/TP/TP0006408/goodsDetail/TP00064080001680,2026-10-06
FA608UHI,,,TP00064080001682,【ASUS 華碩】特仕款 A16 RTX5050 電競筆電 (FA608UHI/R7-260/16G+32G/512G/W11),60990,False,False,True,False,https://www.momoshop.com.tw/TP/TP0006408/goodsDetail/TP00064080001682,2026-10-06
FA608UHI,,,TP00027530004808,【ASUS 華碩】特仕版 TUF Gaming A16 FA608UHI 16吋電競筆電（R7/32G/1.5T/RTX5050/W11）,56999,False,False,True,False,https://www.momoshop.com.tw/TP/TP0002753/goodsDetail/TP00027530004808,2026-10-06
FA608UHI,,,TP00027530004809,【ASUS 華碩】特仕版 TUF Gaming A16 FA608UHI 16吋電競筆電（R7/32G/2.5T/RTX5050/W11）,60999,False,False,True,False,https://www.momoshop.com.tw/TP/TP0002753/goodsDetail/TP00027530004809,2026-10-06
FA608UHI,,,TP00027530004811,【ASUS 華碩】特仕版 TUF Gaming A16 FA608UHI 16吋電競筆電（R7/48G/512G/RTX5050/W11）,58599,False,False,True,False,https://www.momoshop.com.tw/TP/TP0002753/goodsDetail/TP00027530004811,2026-10-06
FA608UHI,,,TP00027530004813,【ASUS 華碩】特仕版 TUF Gaming A16 FA608UHI 16吋電競筆電（R7/48G/1.5T/RTX5050/W11）,63699,False,False,True,False,https://www.momoshop.com.tw/TP/TP0002753/goodsDetail/TP00027530004813,2026-10-06
FA608UHI,,,TP00027350006534,【ASUS 華碩】特仕版16吋筆電(FA608UHI/R7-260/16G+8G/512G/RTX5050/W11),49499,False,False,True,False,https://www.momoshop.com.tw/TP/TP0002735/goodsDetail/TP00027350006534,2026-10-06
FA608UHI,,,TP00027350006536,【ASUS 華碩】特仕版16吋筆電(FA608UHI/R7-260/16G+16G/512G/RTX5050/W11),52499,False,False,True,False,https://www.momoshop.com.tw/TP/TP0002735/goodsDetail/TP00027350006536,2026-10-06
FA608UHI,,,TP00027350006537,【ASUS 華碩】特仕版16吋筆電(FA608UHI/R7-260/16G+32G/512G/RTX5050/W11),57999,False,False,True,False,https://www.momoshop.com.tw/TP/TP0002735/goodsDetail/TP00027350006537,2026-10-06
FA608UHI,,,TP00027350006538,【ASUS 華碩】特仕版16吋筆電(FA608UHI/R7-260/32G+32G/512G/RTX5050/W11),69999,False,False,True,False,https://www.momoshop.com.tw/TP/TP0002735/goodsDetail/TP00027350006538,2026-10-06
FA608UHI,,,TP00027350006539,【ASUS 華碩】特仕版16吋筆電(FA608UHI/R7-260/16G+8G/512G+512G/RTX5050/W11),52499,False,False,True,False,https://www.momoshop.com.tw/TP/TP0002735/goodsDetail/TP00027350006539,2026-10-06
FA608UHI,,,TP00027350006540,【ASUS 華碩】特仕版16吋筆電(FA608UHI/R7-260/16G+16G/512G+512G/RTX5050/W11),55499,False,False,True,False,https://www.momoshop.com.tw/TP/TP0002735/goodsDetail/TP00027350006540,2026-10-06
FA608UHI,,,TP00027530004810,【ASUS 華碩】特仕版 TUF Gaming A16 FA608UHI 16吋電競筆電（R7/32G/4.5T/RTX5050/W11）,70799,False,False,True,False,https://www.momoshop.com.tw/TP/TP0002753/goodsDetail/TP00027530004810,2026-10-06
FA608UHI,,,TP00027350006543,【ASUS 華碩】特仕版16吋筆電(FA608UHI/R7-260/16G+8G/512G+1TB/RTX5050/W11),54499,False,False,True,False,https://www.momoshop.com.tw/TP/TP0002735/goodsDetail/TP00027350006543,2026-10-06
FA608UHI,,,TP00027530004812,【ASUS 華碩】特仕版 TUF Gaming A16 FA608UHI 16吋電競筆電（R7/48G/1T/RTX5050/W11）,61799,False,False,True,False,https://www.momoshop.com.tw/TP/TP0002753/goodsDetail/TP00027530004812,2026-10-06
FA608UHI,,,TP00027350006544,【ASUS 華碩】特仕版16吋筆電(FA608UHI/R7-260/16G+16G/512G+1TB/RTX5050/W11),57499,False,False,True,False,https://www.momoshop.com.tw/TP/TP0002735/goodsDetail/TP00027350006544,2026-10-06
FA608UHI,,,TP00027530004814,【ASUS 華碩】特仕版 TUF Gaming A16 FA608UHI 16吋電競筆電（R7/48G/2.5T/RTX5050/W11）,67999,False,False,True,False,https://www.momoshop.com.tw/TP/TP0002753/goodsDetail/TP00027530004814,2026-10-06
FA608UHI,,,TP00027350006545,【ASUS 華碩】特仕版16吋筆電(FA608UHI/R7-260/16G+32G/512G+1TB/RTX5050/W11),62999,False,False,True,False,https://www.momoshop.com.tw/TP/TP0002735/goodsDetail/TP00027350006545,2026-10-06
FA608UHI,,,TP00027530004815,【ASUS 華碩】特仕版 TUF Gaming A16 FA608UHI 16吋電競筆電（R7/48G/4.5T/RTX5050/W11）,76999,False,False,True,False,https://www.momoshop.com.tw/TP/TP0002753/goodsDetail/TP00027530004815,2026-10-06
FA608UHI,,,TP00027530004816,【ASUS 華碩】特仕版 TUF Gaming A16 FA608UHI 16吋電競筆電（R7/64G/512G/RTX5050/W11）,66999,False,False,True,False,https://www.momoshop.com.tw/TP/TP0002753/goodsDetail/TP00027530004816,2026-10-06
FA608UHI,,,TP00027530004817,【ASUS 華碩】特仕版 TUF Gaming A16 FA608UHI 16吋電競筆電（R7/64G/1T/RTX5050/W11）,68399,False,False,True,False,https://www.momoshop.com.tw/TP/TP0002753/goodsDetail/TP00027530004817,2026-10-06
FA608UHI,,,TP00027530004818,【ASUS 華碩】特仕版 TUF Gaming A16 FA608UHI 16吋電競筆電（R7/64G/1.5T/RTX5050/W11）,71999,False,False,True,False,https://www.momoshop.com.tw/TP/TP0002753/goodsDetail/TP00027530004818,2026-10-06
FA608UHI,,,TP00027530004819,【ASUS 華碩】特仕版 TUF Gaming A16 FA608UHI 16吋電競筆電（R7/64G/2.5T/RTX5050/W11）,74599,False,False,True,False,https://www.momoshop.com.tw/TP/TP0002753/goodsDetail/TP00027530004819,2026-10-06
FA608UHI,,,TP00027530004820,【ASUS 華碩】特仕版 TUF Gaming A16 FA608UHI 16吋電競筆電（R7/64G/4.5T/RTX5050/W11）,83999,False,False,True,False,https://www.momoshop.com.tw/TP/TP0002753/goodsDetail/TP00027530004820,2026-10-06
FA608UHI,,,15704934,【ASUS 華碩】27型電競螢幕組★16吋GeForce RTX 5050 R7電競筆電(FA608UHI-0061A260H/R7-260/16G/512G/W11),47999,True,True,False,False,https://www.momoshop.com.tw/goods/GoodsDetail.jsp?i_code=15704934,2026-10-06
FA608UHI,,,TP00027350006541,【ASUS 華碩】特仕版16吋筆電(FA608UHI/R7-260/16G+32G/512G+512G/RTX5050/W11),60999,False,False,True,False,https://www.momoshop.com.tw/TP/TP0002735/goodsDetail/TP00027350006541,2026-10-06
FA608UHI,,,TP00027350006542,【ASUS 華碩】特仕版16吋筆電(FA608UHI/R7-260/32G+32G/512G+512G/RTX5050/W11),72999,False,False,True,False,https://www.momoshop.com.tw/TP/TP0002735/goodsDetail/TP00027350006542,2026-10-06
FA608UHI,,,TP00027350006546,【ASUS 華碩】特仕版16吋筆電(FA608UHI/R7-260/32G+32G/512G+1TB/RTX5050/W11),74999,False,False,True,False,https://www.momoshop.com.tw/TP/TP0002735/goodsDetail/TP00027350006546,2026-10-06
FA608UHI,,,TP00027350006547,【ASUS 華碩】特仕版16吋筆電(FA608UHI/R7-260/16G+8G/512G+2TB/RTX5050/W11),58499,False,False,True,False,https://www.momoshop.com.tw/TP/TP0002735/goodsDetail/TP00027350006547,2026-10-06
FA608UHI,,,TP00027350006548,【ASUS 華碩】特仕版16吋筆電(FA608UHI/R7-260/16G+16G/512G+2TB/RTX5050/W11),61499,False,False,True,False,https://www.momoshop.com.tw/TP/TP0002735/goodsDetail/TP00027350006548,2026-10-06
FA608UHI,,,TP00027350006549,【ASUS 華碩】特仕版16吋筆電(FA608UHI/R7-260/16G+32G/512G+2TB/RTX5050/W11),66999,False,False,True,False,https://www.momoshop.com.tw/TP/TP0002735/goodsDetail/TP00027350006549,2026-10-06
FA608UHI,,,TP00027350006550,【ASUS 華碩】特仕版16吋筆電(FA608UHI/R7-260/32G+32G/512G+2TB/RTX5050/W11),78999,False,False,True,False,https://www.momoshop.com.tw/TP/TP0002735/goodsDetail/TP00027350006550,2026-10-06
FA608UHI,,,TP00004400000634,【ASUS 華碩】特仕版 升級1T FA608UHI/R7-260/RTX5050 8G/16G/512G SSD*2/W11,47999,False,False,True,False,https://www.momoshop.com.tw/TP/TP0000440/goodsDetail/TP00004400000634,2026-10-06
FA608UHI,,,TP00004400000635,【ASUS 華碩】特仕版 升級32G 1T FA608UHI/R7-260/RTX5050 8G/32G/512G SSD*2/W11,55999,False,False,True,False,https://www.momoshop.com.tw/TP/TP0000440/goodsDetail/TP00004400000635,2026-10-06
FA608UHI,,,TP00004400000636,【ASUS 華碩】特仕版 升級1.5T FA608UHI/R7-260/RTX5050 8G/16G/512G+1T SSD/W11,49999,False,False,True,False,https://www.momoshop.com.tw/TP/TP0000440/goodsDetail/TP00004400000636,2026-10-06
FA608UHI,,,TP00004400000637,【ASUS 華碩】特仕版 升級32G 1.5T FA608UHI/R7-260/RTX5050 8G/32G/512G+1T/W11,58499,False,False,True,False,https://www.momoshop.com.tw/TP/TP0000440/goodsDetail/TP00004400000637,2026-10-06
FA608UHI,,,TP00004400000638,【ASUS 華碩】特仕版 升級32G FA608UHI/R7-260/RTX5050 8G/32G/512G SSD/W11,52999,False,False,True,False,https://www.momoshop.com.tw/TP/TP0000440/goodsDetail/TP00004400000638,2026-10-06
FA608UMI,,,15607846,【ASUS 華碩】16吋GeForce RTX 5060 R7電競筆電(FA608UMI/R7-260/16G/512GB/W11),48999,True,False,False,False,https://www.momoshop.com.tw/goods/GoodsDetail.jsp?i_code=15607846,2026-10-06
FA608UMI,,,15631981,【ASUS 華碩】包鼠組★16吋GeForce RTX 5060 R7電競筆電(FA608UMI/R7-260/16G/512GB/W11),49999,True,True,False,False,https://www.momoshop.com.tw/goods/GoodsDetail.jsp?i_code=15631981,2026-10-06
FA608UMI,,,15631983,【ASUS 華碩】TUF耳機組★16吋GeForce RTX 5060 R7電競筆電(FA608UMI/R7-260/16G/512GB/W11),49999,True,True,False,False,https://www.momoshop.com.tw/goods/GoodsDetail.jsp?i_code=15631983,2026-10-06
FA608UMI,,,15631988,【ASUS 華碩】16G記憶體組★16吋GeForce RTX 5060 R7電競筆電(FA608UMI/R7-260/16G/512GB/W11),54999,True,True,False,False,https://www.momoshop.com.tw/goods/GoodsDetail.jsp?i_code=15631988,2026-10-06
FA608UMI,,,15307998,【ASUS 華碩】16吋GeForce RTX 5060 R7電競筆電(FA608UMI-0091A260H/R7-260/16G/512GB/W11),48999,True,False,False,False,https://www.momoshop.com.tw/goods/GoodsDetail.jsp?i_code=15307998,2026-10-06
FA608UMI,,,15404008,【ASUS 華碩】特仕版 16吋電競筆電(FA608UMI-0091A260H/R7-260/16G+16G/512G SSD/RTX5060/Win11),54999,True,False,True,False,https://www.momoshop.com.tw/goods/GoodsDetail.jsp?i_code=15404008,2026-10-06
FA608UMI,,,15298232,【ASUS 華碩】16吋GeForce RTX 5060 R7電競筆電(FA608UMI-0091A260H/R7-260/16G/512GB/W11),48999,True,False,False,False,https://www.momoshop.com.tw/goods/GoodsDetail.jsp?i_code=15298232,2026-10-06
FA608UMI,,,TP00027530004766,【ASUS 華碩】特仕版 TUF Gaming A16 FA608UMI 御鐵灰 16吋電競筆電（R7/16G/512G/RTX5060）,48999,False,False,True,False,https://www.momoshop.com.tw/TP/TP0002753/goodsDetail/TP00027530004766,2026-10-06
FA608UMI,,,15704939,【ASUS 華碩】27型電競螢幕組★16吋GeForce RTX 5060 R7電競筆電(FA608UMI/R7-260/16G/512GB/W11),50999,True,True,False,False,https://www.momoshop.com.tw/goods/GoodsDetail.jsp?i_code=15704939,2026-10-06
FA608UMI,,,15440949,【ASUS 華碩】特仕版 16吋電競筆電(TUF Gaming FA608UMI/R7-260/16G+16G/512G/RTX5060/W11),56499,True,False,True,False,https://www.momoshop.com.tw/goods/GoodsDetail.jsp?i_code=15440949,2026-10-06
FA608UMI,,,15440881,【ASUS 華碩】特仕版 16吋電競筆電(TUF Gaming FA608UMI/R7-260/16G+16G/512G/RTX5060/W11),56499,True,False,True,False,https://www.momoshop.com.tw/goods/GoodsDetail.jsp?i_code=15440881,2026-10-06
FA608UMI,,,TP00027530004823,【ASUS 華碩】特仕版 TUF Gaming A16 FA608UMI 御鐵灰 16吋電競筆電（R7/32G/1.5T/RTX5060）,60999,False,False,True,False,https://www.momoshop.com.tw/TP/TP0002753/goodsDetail/TP00027530004823,2026-10-06
FA608UMI,,,15440891,【ASUS 華碩】特仕版 16吋電競筆電(TUF Gaming FA608UMI/R7-260/16G+16G/512G+1TB/RTX5060/W11),61499,True,False,True,False,https://www.momoshop.com.tw/goods/GoodsDetail.jsp?i_code=15440891,2026-10-06
FA608UMI,,,TP00027350006496,【ASUS 華碩】特仕版16吋筆電(FA608UMI/R7-260/16G/512G/RTX5060/W11)多規,48999,False,False,True,False,https://www.momoshop.com.tw/TP/TP0002735/goodsDetail/TP00027350006496,2026-10-06
FA608UMI,,,15701057,【ASUS 華碩】遊戲手把組★16吋GeForce RTX 5060 R7電競筆電(FA608UMI/R7-260/16G/512GB/W11),49999,True,True,False,False,https://www.momoshop.com.tw/goods/GoodsDetail.jsp?i_code=15701057,2026-10-06
FA608UMI,,,15440945,【ASUS 華碩】特仕版 16吋電競筆電(TUF Gaming FA608UMI/R7-260/16G+16G/512G+2TB/RTX5060/W11),65499,True,False,True,False,https://www.momoshop.com.tw/goods/GoodsDetail.jsp?i_code=15440945,2026-10-06
FA608UMI,,,TP00027350006511,【ASUS 華碩】特仕版16吋筆電(FA608UMI/R7-260/16G+8G/512G+2TB/RTX5060/W11),62499,False,False,True,False,https://www.momoshop.com.tw/TP/TP0002735/goodsDetail/TP00027350006511,2026-10-06
FA608UMI,,,TP00064080001683,【ASUS 華碩】特仕款 A16 RTX5060 電競筆電 (FA608UMI/R7-260/16G/512G+1TB PCIe/W11),56990,False,False,True,False,https://www.momoshop.com.tw/TP/TP0006408/goodsDetail/TP00064080001683,2026-10-06
FA608UMI,,,TP00064080001684,【ASUS 華碩】特仕款 A16 RTX5060 電競筆電(FA608UMI/R7-260/16G/512G+512G PCIe/W11),52990,False,False,True,False,https://www.momoshop.com.tw/TP/TP0006408/goodsDetail/TP00064080001684,2026-10-06
FA608UMI,,,TP00064080001696,【ASUS 華碩】特仕款 A16 RTX5060 電競筆電 (FA608UMI/R7-260/16G+8G/512G PCIe/W11),53990,False,False,True,False,https://www.momoshop.com.tw/TP/TP0006408/goodsDetail/TP00064080001696,2026-10-06
FA608UMI,,,TP00027530004821,【ASUS 華碩】特仕版 TUF Gaming A16 FA608UMI 御鐵灰 16吋電競筆電（R7/32G/512G/RTX5060）,55999,False,False,True,False,https://www.momoshop.com.tw/TP/TP0002753/goodsDetail/TP00027530004821,2026-10-06
FA608UMI,,,TP00027350006512,【ASUS 華碩】特仕版16吋筆電(FA608UMI/R7-260/16G+32G/512G+2TB/RTX5060/W11),70999,False,False,True,False,https://www.momoshop.com.tw/TP/TP0002735/goodsDetail/TP00027350006512,2026-10-06
FA608UMI,,,TP00064080001685,【ASUS 華碩】特仕款 A16 RTX5060 電競筆電 (FA608UMI/R7-260/16G/512G+2TB PCIe/W11),61990,False,False,True,False,https://www.momoshop.com.tw/TP/TP0006408/goodsDetail/TP00064080001685,2026-10-06
FA608UMI,,,TP00064080001686,【ASUS 華碩】特仕款 A16 RTX5060電競筆電(FA608UMI/R7-260/16+8G/512+512G PCIe/W11),58990,False,False,True,False,https://www.momoshop.com.tw/TP/TP0006408/goodsDetail/TP00064080001686,2026-10-06
FA608UMI,,,TP00064080001687,【ASUS 華碩】特仕款 A16 RTX5060電競筆電(FA608UMI/R7-260/16+8G/512G+1TB PCIe/W11),62990,False,False,True,False,https://www.momoshop.com.tw/TP/TP0006408/goodsDetail/TP00064080001687,2026-10-06
FA608UMI,,,TP00064080001688,【ASUS 華碩】特仕款 A16 RTX5060電競筆電 (FA608UMI/R7-260/16+8G/512G+2T PCIe/W11),67990,False,False,True,False,https://www.momoshop.com.tw/TP/TP0006408/goodsDetail/TP00064080001688,2026-10-06
FA608UMI,,,TP00064080001689,【ASUS 華碩】特仕款 A16 RTX5060電競 (FA608UMI/R7-260/16+16G/512+512G PCIe/W11),62990,False,False,True,False,https://www.momoshop.com.tw/TP/TP0006408/goodsDetail/TP00064080001689,2026-10-06
FA608UMI,,,TP00064080001690,【ASUS 華碩】特仕款 A16 RTX5060電競筆電(FA608UMI/R7-260/16+16G/512G+1T PCIe/W11),66990,False,False,True,False,https://www.momoshop.com.tw/TP/TP0006408/goodsDetail/TP00064080001690,2026-10-06
FA608UMI,,,TP00064080001691,【ASUS 華碩】特仕款 A16 RTX5060電競筆電(FA608UMI/R7-260/16+16G/512G+2T PCIe/W11),71990,False,False,True,False,https://www.momoshop.com.tw/TP/TP0006408/goodsDetail/TP00064080001691,2026-10-06
FA608UMI,,,TP00064080001693,【ASUS 華碩】特仕款 A16RTX5060電競筆電(FA608UMI/R7-260/16+32G/512+512G PCIe/W11),69990,False,False,True,False,https://www.momoshop.com.tw/TP/TP0006408/goodsDetail/TP00064080001693,2026-10-06
FA608UMI,,,TP00064080001694,【ASUS 華碩】特仕款 A16 RTX5060電競筆電(FA608UMI/R7-260/16+32G/512G+1T PCIe/W11),73990,False,False,True,False,https://www.momoshop.com.tw/TP/TP0006408/goodsDetail/TP00064080001694,2026-10-06
FA608UMI,,,TP00064080001695,【ASUS 華碩】特仕款 A16 RTX5060電競筆電(FA608UMI/R7-260/16+32G/512G+2T PCIe/W11),78990,False,False,True,False,https://www.momoshop.com.tw/TP/TP0006408/goodsDetail/TP00064080001695,2026-10-06
FA608UMI,,,TP00064080001697,【ASUS 華碩】特仕款 A16 RTX5060 電競筆電 (FA608UMI/R7-260/16G+16G/512G PCIe/W11),57990,False,False,True,False,https://www.momoshop.com.tw/TP/TP0006408/goodsDetail/TP00064080001697,2026-10-06
FA608UMI,,,TP00064080001698,【ASUS 華碩】特仕款 A16 RTX5060 電競筆電 (FA608UMI/R7-260/16G+32G/512G PCIe/W11),64990,False,False,True,False,https://www.momoshop.com.tw/TP/TP0006408/goodsDetail/TP00064080001698,2026-10-06
FA608UMI,,,TP00027350006492,【ASUS 華碩】特仕版16吋筆電(FA608UMI/R7-260/16G+16G/512G/RTX5060/W11),56499,False,False,True,False,https://www.momoshop.com.tw/TP/TP0002735/goodsDetail/TP00027350006492,2026-10-06
FA608UMI,,,TP00027350006498,【ASUS 華碩】特仕版16吋筆電(FA608UMI/R7-260/16G+8G/512G+512G/RTX5060/W11),56499,False,False,True,False,https://www.momoshop.com.tw/TP/TP0002735/goodsDetail/TP00027350006498,2026-10-06
FA608UMI,,,TP00027530004824,【ASUS 華碩】特仕版 TUF Gaming A16 FA608UMI 御鐵灰 16吋電競筆電（R7/32G/2.5T/RTX5060）,64999,False,False,True,False,https://www.momoshop.com.tw/TP/TP0002753/goodsDetail/TP00027530004824,2026-10-06
FA608UMI,,,TP00027350006499,【ASUS 華碩】特仕版16吋筆電(FA608UMI/R7-260/16G+16G/512G+512G/RTX5060/W11),59499,False,False,True,False,https://www.momoshop.com.tw/TP/TP0002735/goodsDetail/TP00027350006499,2026-10-06
FA608UMI,,,TP00027530004825,【ASUS 華碩】特仕版 TUF Gaming A16 FA608UMI 御鐵灰 16吋電競筆電（R7/32G/4.5T/RTX5060）,73999,False,False,True,False,https://www.momoshop.com.tw/TP/TP0002753/goodsDetail/TP00027530004825,2026-10-06
FA608UMI,,,TP00027350006502,【ASUS 華碩】特仕版16吋筆電(FA608UMI/R7-260/16G+8G/512G+1TB/RTX5060/W11),58499,False,False,True,False,https://www.momoshop.com.tw/TP/TP0002735/goodsDetail/TP00027350006502,2026-10-06
FA608UMI,,,TP00027530004826,【ASUS 華碩】特仕版 TUF Gaming A16 FA608UMI 御鐵灰 16吋電競筆電（R7/48G/512G/RTX5060）,61999,False,False,True,False,https://www.momoshop.com.tw/TP/TP0002753/goodsDetail/TP00027530004826,2026-10-06
FA608UMI,,,TP00004400000640,【ASUS 華碩】特仕版 升級32G 1T FA608UMI/R7-260/RTX5060 8G/32G/512G SSD*2/W11,59999,False,False,True,False,https://www.momoshop.com.tw/TP/TP0000440/goodsDetail/TP00004400000640,2026-10-06
FA608UMI,,,TP00027530004827,【ASUS 華碩】特仕版 TUF Gaming A16 FA608UMI 御鐵灰 16吋電競筆電（R7/48G/1T/RTX5060）,63599,False,False,True,False,https://www.momoshop.com.tw/TP/TP0002753/goodsDetail/TP00027530004827,2026-10-06
FA608UMI,,,TP00027530004828,【ASUS 華碩】特仕版 TUF Gaming A16 FA608UMI 御鐵灰 16吋電競筆電（R7/48G/1.5T/RTX5060）,66999,False,False,True,False,https://www.momoshop.com.tw/TP/TP0002753/goodsDetail/TP00027530004828,2026-10-06
FA608UMI,,,TP00027530004829,【ASUS 華碩】特仕版 TUF Gaming A16 FA608UMI 御鐵灰 16吋電競筆電（R7/48G/2.5T/RTX5060）,69999,False,False,True,False,https://www.momoshop.com.tw/TP/TP0002753/goodsDetail/TP00027530004829,2026-10-06
FA608UMI,,,TP00027530004830,【ASUS 華碩】特仕版 TUF Gaming A16 FA608UMI 御鐵灰 16吋電競筆電（R7/48G/4.5T/RTX5060）,78999,False,False,True,False,https://www.momoshop.com.tw/TP/TP0002753/goodsDetail/TP00027530004830,2026-10-06
FA608UMI,,,TP00027530004831,【ASUS 華碩】特仕版 TUF Gaming A16 FA608UMI 御鐵灰 16吋電競筆電（R7/64G/512G/RTX5060）,70999,False,False,True,False,https://www.momoshop.com.tw/TP/TP0002753/goodsDetail/TP00027530004831,2026-10-06
FA608UMI,,,TP00027530004832,【ASUS 華碩】特仕版 TUF Gaming A16 FA608UMI 御鐵灰 16吋電競筆電（R7/64G/1T/RTX5060）,72399,False,False,True,False,https://www.momoshop.com.tw/TP/TP0002753/goodsDetail/TP00027530004832,2026-10-06
FA608UMI,,,TP00027530004833,【ASUS 華碩】特仕版 TUF Gaming A16 FA608UMI 御鐵灰 16吋電競筆電（R7/64G/1.5T/RTX5060）,75999,False,False,True,False,https://www.momoshop.com.tw/TP/TP0002753/goodsDetail/TP00027530004833,2026-10-06
FA608UMI,,,TP00027530004834,【ASUS 華碩】特仕版 TUF Gaming A16 FA608UMI 御鐵灰 16吋電競筆電（R7/64G/2.5T/RTX5060）,78599,False,False,True,False,https://www.momoshop.com.tw/TP/TP0002753/goodsDetail/TP00027530004834,2026-10-06
FA608UMI,,,TP00027530004835,【ASUS 華碩】特仕版 TUF Gaming A16 FA608UMI 御鐵灰 16吋電競筆電（R7/64G/4.5T/RTX5060）,87999,False,False,True,False,https://www.momoshop.com.tw/TP/TP0002753/goodsDetail/TP00027530004835,2026-10-06
FA608UMI,,,TP00027350006491,【ASUS 華碩】特仕版16吋筆電(FA608UMI/R7-260/16G+8G/512G/RTX5060/W11),53499,False,False,True,False,https://www.momoshop.com.tw/TP/TP0002735/goodsDetail/TP00027350006491,2026-10-06
FA608UMI,,,TP00027350006495,【ASUS 華碩】特仕版16吋筆電(FA608UMI/R7-260/32G+32G/512G/RTX5060/W11),73999,False,False,True,False,https://www.momoshop.com.tw/TP/TP0002735/goodsDetail/TP00027350006495,2026-10-06
FA608UMI,,,TP00027350006497,【ASUS 華碩】特仕版16吋筆電(FA608UMI/R7-260/16G+32G/512G/RTX5060/W11),61999,False,False,True,False,https://www.momoshop.com.tw/TP/TP0002735/goodsDetail/TP00027350006497,2026-10-06
FA608UMI,,,15404013,【ASUS 華碩】特仕版 16吋電競筆電(FA608UMI-0121C260H/R7-260/16G+16G/512G+512G SSD/RTX5060/Win11),57999,True,False,True,False,https://www.momoshop.com.tw/goods/GoodsDetail.jsp?i_code=15404013,2026-10-06
FA608UMI,,,TP00027350006500,【ASUS 華碩】特仕版16吋筆電(FA608UMI/R7-260/16G+32G/512G+512G/RTX5060/W11),64999,False,False,True,False,https://www.momoshop.com.tw/TP/TP0002735/goodsDetail/TP00027350006500,2026-10-06
FA608UMI,,,15412667,【ASUS 華碩】包鼠組★16吋GeForce RTX 5060 R7電競筆電(FA608UMI-0091A260H/R7-260/16G/512GB/W11),49999,True,True,False,False,https://www.momoshop.com.tw/goods/GoodsDetail.jsp?i_code=15412667,2026-10-06
FA608UMI,,,TP00027350006501,【ASUS 華碩】特仕版16吋筆電(FA608UMI/R7-260/32G+32G/512G+512G/RTX5060/W11),76999,False,False,True,False,https://www.momoshop.com.tw/TP/TP0002735/goodsDetail/TP00027350006501,2026-10-06
FA608UMI,,,15412664,【ASUS 華碩】TUF耳機組★16吋GeForce RTX 5060 R7電競筆電(FA608UMI-0091A260H/R7-260/16G/512GB/W11),49999,True,True,False,False,https://www.momoshop.com.tw/goods/GoodsDetail.jsp?i_code=15412664,2026-10-06
FA608UMI,,,TP00027350006503,【ASUS 華碩】特仕版16吋筆電(FA608UMI/R7-260/16G+16G/512G+1TB/RTX5060/W11),61499,False,False,True,False,https://www.momoshop.com.tw/TP/TP0002735/goodsDetail/TP00027350006503,2026-10-06
FA608UMI,,,15412750,【ASUS 華碩】16G組★16吋GeForce RTX 5060 R7電競筆電(FA608UMI-0091A260H/R7-260/16G/512GB/W11),54999,True,True,False,False,https://www.momoshop.com.tw/goods/GoodsDetail.jsp?i_code=15412750,2026-10-06
FA608UMI,,,TP00027350006504,【ASUS 華碩】特仕版16吋筆電(FA608UMI/R7-260/16G+32G/512G+1TB/RTX5060/W11),66999,False,False,True,False,https://www.momoshop.com.tw/TP/TP0002735/goodsDetail/TP00027350006504,2026-10-06
FA608UMI,,,15412744,【ASUS 華碩】16G組★16吋GeForce RTX 5060 R7電競筆電(FA608UMI-0091A260H/R7-260/16G/512GB/W11),54999,True,True,False,False,https://www.momoshop.com.tw/goods/GoodsDetail.jsp?i_code=15412744,2026-10-06
FA608UMI,,,TP00027350006507,【ASUS 華碩】特仕版16吋筆電(FA608UMI/R7-260/16G+16G/512G+2TB/RTX5060/W11),65499,False,False,True,False,https://www.momoshop.com.tw/TP/TP0002735/goodsDetail/TP00027350006507,2026-10-06
FA608UMI,,,TP00027350006509,【ASUS 華碩】特仕版16吋筆電(FA608UMI/R7-260/32G+32G/512G+2TB/RTX5060/W11),82999,False,False,True,False,https://www.momoshop.com.tw/TP/TP0002735/goodsDetail/TP00027350006509,2026-10-06
FA608UMI,,,TP00027350006510,【ASUS 華碩】特仕版16吋筆電(FA608UMI/R7-260/32G+32G/512G+1TB/RTX5060/W11),78999,False,False,True,False,https://www.momoshop.com.tw/TP/TP0002735/goodsDetail/TP00027350006510,2026-10-06
FA608UMI,,,TP00004400000639,【ASUS 華碩】特仕版 升級32G FA608UMI/R7-260/RTX5060 8G/32G/512G SSD/W11,56999,False,False,True,False,https://www.momoshop.com.tw/TP/TP0000440/goodsDetail/TP00004400000639,2026-10-06
FA608UMI,,,TP00004400000641,【ASUS 華碩】特仕版 升級1T FA608UMI/R7-260/RTX5060 8G/16G/512G SSD*2/W11,52299,False,False,True,False,https://www.momoshop.com.tw/TP/TP0000440/goodsDetail/TP00004400000641,2026-10-06
FA608UMI,,,TP00004400000642,【ASUS 華碩】特仕版 升級32G 1.5T FA608UMI/R7-260/RTX5060 8G/32G/512G+1T/W11,62499,False,False,True,False,https://www.momoshop.com.tw/TP/TP0000440/goodsDetail/TP00004400000642,2026-10-06
FA608UMI,,,TP00004400000643,【ASUS 華碩】特仕版 升級1.5T FA608UMI/R7-260/RTX5060 8G/16G/512G+1T/W11,53999,False,False,True,False,https://www.momoshop.com.tw/TP/TP0000440/goodsDetail/TP00004400000643,2026-10-06
FA617NT,,,13950097,【ASUS 華碩】16吋R7 RX7700S電競筆電(FA617NT-0022C7735HS/R7-7735HS/16G/512G/W11),42999,True,False,False,False,https://www.momoshop.com.tw/goods/GoodsDetail.jsp?i_code=13950097,2026-10-06
FA617NT,,,14705132,【ASUS】升級1TB組★16吋R7 RX7700S電競筆電(FA617NT-0022C7735HS/R7-7735HS/16G/512G/W11),46699,True,True,False,False,https://www.momoshop.com.tw/goods/GoodsDetail.jsp?i_code=14705132,2026-10-06
FA617NT,,,TP00027350003061,【ASUS 華碩】特仕版 16吋電競筆電(TUF Gaming FA617NT/R7-7735HS/32G/512G/RX7700S/Win11),50499,False,False,True,False,https://www.momoshop.com.tw/TP/TP0002735/goodsDetail/TP00027350003061,2026-10-06
FA617NT,,,TP00027350003074,【ASUS 華碩】特仕版 16吋電競筆電(TUF Gaming FA617NT/R7-7735HS/48G/2.5TB/RX7700S/Win11),66999,False,False,True,False,https://www.momoshop.com.tw/TP/TP0002735/goodsDetail/TP00027350003074,2026-10-06
FA617NT,,,TP00027350003063,【ASUS 華碩】特仕版 16吋電競筆電(TUF Gaming FA617NT/R7-7735HS/64G/512G/RX7700S/Win11),71999,False,False,True,False,https://www.momoshop.com.tw/TP/TP0002735/goodsDetail/TP00027350003063,2026-10-06
FA617NT,,,TP00027350003069,【ASUS 華碩】特仕版 16吋電競筆電(TUF Gaming FA617NT/R7-7735HS/32G/1.5TB/RX7700S/Win11),55499,False,False,True,False,https://www.momoshop.com.tw/TP/TP0002735/goodsDetail/TP00027350003069,2026-10-06
FA617NT,,,TP00027350003075,【ASUS 華碩】特仕版 16吋電競筆電(TUF Gaming FA617NT/R7-7735HS/64G/2.5TB/RX7700S/Win11),80999,False,False,True,False,https://www.momoshop.com.tw/TP/TP0002735/goodsDetail/TP00027350003075,2026-10-06
FA617NT,,,TP00027350003115,【ASUS 華碩】特仕版16吋電競筆電(TUF Gaming FA617NT/R7-7735HS/16G/512G/RX7700S/Win11)多規,42999,False,False,True,False,https://www.momoshop.com.tw/TP/TP0002735/goodsDetail/TP00027350003115,2026-10-06
FA617NT,,,TP00027350003060,【ASUS 華碩】特仕版 16吋電競筆電(TUF Gaming FA617NT/R7-7735HS/24G/512G/RX7700S/Win11),47499,False,False,True,False,https://www.momoshop.com.tw/TP/TP0002735/goodsDetail/TP00027350003060,2026-10-06
FA617NT,,,TP00027350003062,【ASUS 華碩】特仕版 16吋電競筆電(TUF Gaming FA617NT/R7-7735HS/48G/512G/RX7700S/Win11),57999,False,False,True,False,https://www.momoshop.com.tw/TP/TP0002735/goodsDetail/TP00027350003062,2026-10-06
FA617NT,,,TP00027350003064,【ASUS 華碩】特仕版 16吋電競筆電(TUF Gaming FA617NT/R7-7735HS/24G/1TB/RX7700S/Win11),50499,False,False,True,False,https://www.momoshop.com.tw/TP/TP0002735/goodsDetail/TP00027350003064,2026-10-06
FA617NT,,,TP00027350003065,【ASUS 華碩】特仕版 16吋電競筆電(TUF Gaming FA617NT/R7-7735HS/32G/1TB/RX7700S/Win11),53499,False,False,True,False,https://www.momoshop.com.tw/TP/TP0002735/goodsDetail/TP00027350003065,2026-10-06
FA617NT,,,TP00027350003066,【ASUS 華碩】特仕版 16吋電競筆電(TUF Gaming FA617NT/R7-7735HS/48G/1TB/RX7700S/Win11),60999,False,False,True,False,https://www.momoshop.com.tw/TP/TP0002735/goodsDetail/TP00027350003066,2026-10-06
FA617NT,,,TP00027350003067,【ASUS 華碩】特仕版16吋電競筆電(TUF Gaming FA617NT/R7-7735HS/64G/1TB/RX7700S/W11),74999,False,False,True,False,https://www.momoshop.com.tw/TP/TP0002735/goodsDetail/TP00027350003067,2026-10-06
FA617NT,,,TP00027350003068,【ASUS 華碩】特仕版 16吋電競筆電TUF Gaming FA617NT/R7-7735HS/24G/1.5TB/RX7700S/Win11),52499,False,False,True,False,https://www.momoshop.com.tw/TP/TP0002735/goodsDetail/TP00027350003068,2026-10-06
FA617NT,,,TP00027350003070,【ASUS 華碩】特仕版 16吋電競筆電(TUF Gaming FA617NT/R7-7735HS/48G/1.5TB/RX7700S/Win11),62999,False,False,True,False,https://www.momoshop.com.tw/TP/TP0002735/goodsDetail/TP00027350003070,2026-10-06
FA617NT,,,TP00027350003071,【ASUS 華碩】特仕版 16吋電競筆電(TUF Gaming FA617NT/R7-7735HS/64G/1.5TB/RX7700S/Win11),76999,False,False,True,False,https://www.momoshop.com.tw/TP/TP0002735/goodsDetail/TP00027350003071,2026-10-06
FA617NT,,,TP00027350003072,【ASUS 華碩】特仕版 16吋電競筆電(TUF Gaming FA617NT/R7-7735HS/24G/2.5TB/RX7700S/Win11),56499,False,False,True,False,https://www.momoshop.com.tw/TP/TP0002735/goodsDetail/TP00027350003072,2026-10-06
FA617NT,,,TP00027350003073,【ASUS 華碩】特仕版 16吋電競筆電(TUF Gaming FA617NT/R7-7735HS/32G/2.5TB/RX7700S/Win11),59499,False,False,True,False,https://www.momoshop.com.tw/TP/TP0002735/goodsDetail/TP00027350003073,2026-10-06
FA706NFR,,,14280399,【ASUS 華碩】 17.3吋R7 RTX2050電競筆電(FA706NFR-0042B7435HS/R7-7435HS/16G/512G/W11)盒損福利品,24499,True,False,False,True,https://www.momoshop.com.tw/goods/GoodsDetail.jsp?i_code=14280399,2026-10-06
FA707NUQ,,,TP00027530005151,【ASUS 華碩】特仕版 TUF Gaming A17 FA707NUQ 17.3吋電競筆電（R7/16G/512G/RTX4050）,38999,False,False,True,False,https://www.momoshop.com.tw/TP/TP0002753/goodsDetail/TP00027530005151,2026-10-06
FA707NUQ,,,TP00014390007366,【ASUS 華碩】FA707NUQ-0042A170H 17.3吋 R7 RTX4050 電競筆電,38999,False,False,False,False,https://www.momoshop.com.tw/TP/TP0001439/goodsDetail/TP00014390007366,2026-10-06
FA707NUQ,,,15712250,【ASUS 華碩】特仕版 17.3吋電競筆電(TUF Gaming FA707NUQ/R7-170/16G+16G/512G SSD/RTX4050/W11),46499,True,False,True,False,https://www.momoshop.com.tw/goods/GoodsDetail.jsp?i_code=15712250,2026-10-06
FA707NUQ,,,TP00027530005169,【ASUS 華碩】特仕版 TUF Gaming A17 FA707NUQ 17.3吋電競筆電（R7/32G/512G/RTX4050）,46999,False,False,True,False,https://www.momoshop.com.tw/TP/TP0002753/goodsDetail/TP00027530005169,2026-10-06
FA707NUQ,,,15712252,【ASUS 華碩】特仕版 17.3吋電競筆電(TUF Gaming FA707NUQ/R7-170/16G+16G/512G+512G SSD/RTX4050/W11),49499,True,False,True,False,https://www.momoshop.com.tw/goods/GoodsDetail.jsp?i_code=15712252,2026-10-06
FA707NUQ,,,TP00027530005170,【ASUS 華碩】特仕版 TUF Gaming A17 FA707NUQ 17.3吋電競筆電（R7/32G/1T/RTX4050）,48999,False,False,True,False,https://www.momoshop.com.tw/TP/TP0002753/goodsDetail/TP00027530005170,2026-10-06
FA707NUQ,,,15712254,【ASUS 華碩】特仕版 17.3吋電競筆電(TUF Gaming FA707NUQ/R7-170/16G+16G/512G+1TB SSD/RTX4050/W11),51499,True,False,True,False,https://www.momoshop.com.tw/goods/GoodsDetail.jsp?i_code=15712254,2026-10-06
FA707NUQ,,,TP00027350007118,【ASUS 華碩】特仕版17.3吋電競筆電(FA707NUQ/R7-170/16G/512G/RTX4050/W11)多規,38999,False,False,True,False,https://www.momoshop.com.tw/TP/TP0002735/goodsDetail/TP00027350007118,2026-10-06
FA707NUQ,,,TP00027530005171,【ASUS 華碩】特仕版 TUF Gaming A17 FA707NUQ 17.3吋電競筆電（R7/32G/1.5T/RTX4050）,51999,False,False,True,False,https://www.momoshop.com.tw/TP/TP0002753/goodsDetail/TP00027530005171,2026-10-06
FA707NUQ,,,TP00027530005177,【ASUS 華碩】特仕版 TUF Gaming A17 FA707NUQ 17.3吋電競筆電（R7/48G/2.5T/RTX4050）,61999,False,False,True,False,https://www.momoshop.com.tw/TP/TP0002753/goodsDetail/TP00027530005177,2026-10-06
FA707NUQ,,,TP00027530005180,【ASUS 華碩】特仕版 TUF Gaming A17 FA707NUQ 17.3吋電競筆電（R7/64G/1T/RTX4050）,63399,False,False,True,False,https://www.momoshop.com.tw/TP/TP0002753/goodsDetail/TP00027530005180,2026-10-06
FA707NUQ,,,TP00027350007120,【ASUS 華碩】特仕版17.3吋電競筆電(FA707NUQ/R7-170/16G+16G/512G/RTX4050/W11),46499,False,False,True,False,https://www.momoshop.com.tw/TP/TP0002735/goodsDetail/TP00027350007120,2026-10-06
FA707NUQ,,,TP00027350007123,【ASUS 華碩】特仕版17.3吋電競筆電(FA707NUQ/R7-170/16G+16G/1TB/RTX4050/W11),49499,False,False,True,False,https://www.momoshop.com.tw/TP/TP0002735/goodsDetail/TP00027350007123,2026-10-06
FA707NUQ,,,TP00027530005172,【ASUS 華碩】特仕版 TUF Gaming A17 FA707NUQ 17.3吋電競筆電（R7/32G/2.5T/RTX4050）,55399,False,False,True,False,https://www.momoshop.com.tw/TP/TP0002753/goodsDetail/TP00027530005172,2026-10-06
FA707NUQ,,,TP00027530005173,【ASUS 華碩】特仕版 TUF Gaming A17 FA707NUQ 17.3吋電競筆電（R7/32G/4.5T/RTX4050）,64799,False,False,True,False,https://www.momoshop.com.tw/TP/TP0002753/goodsDetail/TP00027530005173,2026-10-06
FA707NUQ,,,TP00027530005174,【ASUS 華碩】特仕版 TUF Gaming A17 FA707NUQ 17.3吋電競筆電（R7/48G/512G/RTX4050）,52599,False,False,True,False,https://www.momoshop.com.tw/TP/TP0002753/goodsDetail/TP00027530005174,2026-10-06
FA707NUQ,,,TP00027530005175,【ASUS 華碩】特仕版 TUF Gaming A17 FA707NUQ 17.3吋電競筆電（R7/48G/1T/RTX4050）,55799,False,False,True,False,https://www.momoshop.com.tw/TP/TP0002753/goodsDetail/TP00027530005175,2026-10-06
FA707NUQ,,,TP00027530005176,【ASUS 華碩】特仕版 TUF Gaming A17 FA707NUQ 17.3吋電競筆電（R7/48G/1.5T/RTX4050）,57699,False,False,True,False,https://www.momoshop.com.tw/TP/TP0002753/goodsDetail/TP00027530005176,2026-10-06
FA707NUQ,,,TP00027530005178,【ASUS 華碩】特仕版 TUF Gaming A17 FA707NUQ 17.3吋電競筆電（R7/48G/4.5T/RTX4050）,71399,False,False,True,False,https://www.momoshop.com.tw/TP/TP0002753/goodsDetail/TP00027530005178,2026-10-06
FA707NUQ,,,TP00027530005179,【ASUS 華碩】特仕版 TUF Gaming A17 FA707NUQ 17.3吋電競筆電（R7/64G/512G/RTX4050）,61999,False,False,True,False,https://www.momoshop.com.tw/TP/TP0002753/goodsDetail/TP00027530005179,2026-10-06
FA707NUQ,,,TP00027530005181,【ASUS 華碩】特仕版 TUF Gaming A17 FA707NUQ 17.3吋電競筆電（R7/64G/1.5T/RTX4050）,66999,False,False,True,False,https://www.momoshop.com.tw/TP/TP0002753/goodsDetail/TP00027530005181,2026-10-06
FA707NUQ,,,TP00027530005182,【ASUS 華碩】特仕版 TUF Gaming A17 FA707NUQ 17.3吋電競筆電（R7/64G/2.5T/RTX4050）,69599,False,False,True,False,https://www.momoshop.com.tw/TP/TP0002753/goodsDetail/TP00027530005182,2026-10-06
FA707NUQ,,,TP00027530005183,【ASUS 華碩】特仕版 TUF Gaming A17 FA707NUQ 17.3吋電競筆電（R7/64G/4.5T/RTX4050）,78999,False,False,True,False,https://www.momoshop.com.tw/TP/TP0002753/goodsDetail/TP00027530005183,2026-10-06
FA707NUQ,,,15710242,【ASUS 華碩】包鼠組★17吋Ryzen7 RTX4050電競筆電(FA707NUQ-0042A170H/Ryzen 7 170/16G/512G SSD/W11),39999,True,True,False,False,https://www.momoshop.com.tw/goods/GoodsDetail.jsp?i_code=15710242,2026-10-06
FA707NUQ,,,15678468,【ASUS 華碩】17吋Ryzen7 RTX4050電競筆電(FA707NUQ-0042A170H/Ryzen 7 170/16G/512G SSD/W11),38999,True,False,False,False,https://www.momoshop.com.tw/goods/GoodsDetail.jsp?i_code=15678468,2026-10-06
FA707NUQ,,,TP00027350007119,【ASUS 華碩】特仕版17.3吋電競筆電(FA707NUQ/R7-170/16G+8G/512G/RTX4050/W11),43499,False,False,True,False,https://www.momoshop.com.tw/TP/TP0002735/goodsDetail/TP00027350007119,2026-10-06
FA707NUQ,,,15711096,【ASUS 華碩】TUF耳機組★17吋Ryzen7 RTX4050電競筆電(FA707NUQ-0042A170H/Ryzen 7 170/16G/512G SSD/W11),39999,True,True,False,False,https://www.momoshop.com.tw/goods/GoodsDetail.jsp?i_code=15711096,2026-10-06
FA707NUQ,,,TP00027350007121,【ASUS 華碩】特仕版17.3吋電競筆電(FA707NUQ/R7-170/16G+32G/512G/RTX4050/W11),53999,False,False,True,False,https://www.momoshop.com.tw/TP/TP0002735/goodsDetail/TP00027350007121,2026-10-06
FA707NUQ,,,15711102,【ASUS 華碩】手把組★17吋Ryzen7 RTX4050電競筆電(FA707NUQ-0042A170H/Ryzen 7 170/16G/512G SSD/W11),39999,True,True,False,False,https://www.momoshop.com.tw/goods/GoodsDetail.jsp?i_code=15711102,2026-10-06
FA707NUQ,,,TP00027350007122,【ASUS 華碩】特仕版17.3吋電競筆電(FA707NUQ/R7-170/16G+8G/1TB/RTX4050/W11),46499,False,False,True,False,https://www.momoshop.com.tw/TP/TP0002735/goodsDetail/TP00027350007122,2026-10-06
FA707NUQ,,,15711100,【ASUS 華碩】16G記憶體組★17吋Ryzen7 RTX4050電競筆電(FA707NUQ-0042A170H/Ryzen 7 170/16G/512G/W11),44999,True,True,False,False,https://www.momoshop.com.tw/goods/GoodsDetail.jsp?i_code=15711100,2026-10-06
FA707NUQ,,,TP00027350007124,【ASUS 華碩】特仕版17.3吋電競筆電(FA707NUQ/R7-170/16G+32G/1TB/RTX4050/W11),56999,False,False,True,False,https://www.momoshop.com.tw/TP/TP0002735/goodsDetail/TP00027350007124,2026-10-06
FA707NUQ,,,15711104,【ASUS 華碩】27型電競螢幕組★17吋Ryzen7 RTX4050電競筆電(FA707NUQ-0042A170H/Ryzen 7 170/16G/512G/W11),40999,True,True,False,False,https://www.momoshop.com.tw/goods/GoodsDetail.jsp?i_code=15711104,2026-10-06
FA707NUQ,,,TP00027350007125,【ASUS 華碩】特仕版17.3吋電競筆電(FA707NUQ/R7-170/16G+8G/1.5TB/RTX4050/W11),48499,False,False,True,False,https://www.momoshop.com.tw/TP/TP0002735/goodsDetail/TP00027350007125,2026-10-06
FA707NUQ,,,TP00027350007126,【ASUS 華碩】特仕版17.3吋電競筆電(FA707NUQ/R7-170/16G+16G/1.5TB/RTX4050/W11),51499,False,False,True,False,https://www.momoshop.com.tw/TP/TP0002735/goodsDetail/TP00027350007126,2026-10-06
FA707NUQ,,,TP00027350007127,【ASUS 華碩】特仕版17.3吋電競筆電(FA707NUQ/R7-170/16G+32G/1.5TB/RTX4050/W11),58999,False,False,True,False,https://www.momoshop.com.tw/TP/TP0002735/goodsDetail/TP00027350007127,2026-10-06
FA707NUQ,,,TP00027350007128,【ASUS 華碩】特仕版17.3吋電競筆電(FA707NUQ/R7-170/16G+8G/2.5TB/RTX4050/W11),52499,False,False,True,False,https://www.momoshop.com.tw/TP/TP0002735/goodsDetail/TP00027350007128,2026-10-06
FA707NUQ,,,TP00027350007129,【ASUS 華碩】特仕版17.3吋電競筆電(FA707NUQ/R7-170/16G+16G/2.5TB/RTX4050/W11),55499,False,False,True,False,https://www.momoshop.com.tw/TP/TP0002735/goodsDetail/TP00027350007129,2026-10-06
FA707NUQ,,,TP00027350007130,【ASUS 華碩】特仕版17.3吋電競筆電(FA707NUQ/R7-170/16G+32G/2.5TB/RTX4050/W11),62999,False,False,True,False,https://www.momoshop.com.tw/TP/TP0002735/goodsDetail/TP00027350007130,2026-10-06
FA808UH,,,14138311,【ASUS 華碩】18吋GeForce RTX 5050 R7-260電競筆電(FA808UH-0021A260H/R7-260/16G/512G/W11),49999,True,False,False,False,https://www.momoshop.com.tw/goods/GoodsDetail.jsp?i_code=14138311,2026-10-06
FA808UH,,,15381743,【ASUS 華碩】18吋GeForce RTX 5050 R7-260電競筆電(FA808UH-0021A260H/R7-260/16G/512G/W11),49999,True,False,False,False,https://www.momoshop.com.tw/goods/GoodsDetail.jsp?i_code=15381743,2026-10-06
FA808UH,,,14185717,【ASUS 華碩】特仕版 18吋筆電(TUF Gaming FA808UH/Ryzen 7 260/16G+16G/512G/GeForce RTX5050/W11),57499,True,False,True,False,https://www.momoshop.com.tw/goods/GoodsDetail.jsp?i_code=14185717,2026-10-06
FA808UH,,,14169431,【ASUS 華碩】特仕版 18吋電競筆電(FA808UH-0021A260H/R7-260/16G+16G/512G SSD/GeForce RTX5050/Win11),56999,True,False,True,False,https://www.momoshop.com.tw/goods/GoodsDetail.jsp?i_code=14169431,2026-10-06
FA808UH,,,14185722,【ASUS 華碩】特仕版 18吋筆電(TUF Gaming FA808UH/Ryzen 7 260/16G+16G/512G+512G/GeForce RTX5050/W11),60499,True,False,True,False,https://www.momoshop.com.tw/goods/GoodsDetail.jsp?i_code=14185722,2026-10-06
FA808UH,,,14185728,【ASUS 華碩】特仕版 18吋筆電(TUF Gaming FA808UH/Ryzen 7 260/16G+16G/512G+2TB/GeForce RTX5050/W11),66499,True,False,True,False,https://www.momoshop.com.tw/goods/GoodsDetail.jsp?i_code=14185728,2026-10-06
FA808UH,,,14185725,【ASUS 華碩】特仕版 18吋筆電(TUF Gaming FA808UH/Ryzen 7 260/16G+16G/512G+1TB/GeForce RTX5050/W11),62499,True,False,True,False,https://www.momoshop.com.tw/goods/GoodsDetail.jsp?i_code=14185725,2026-10-06
FA808UH,,,TP00002230002610,【ASUS 華碩】特規✨TUF Gaming A18 FA808UH 電競AI筆電/Ryzen 7-260/RTX5050/18吋,51299,False,False,False,False,https://www.momoshop.com.tw/TP/TP0000223/goodsDetail/TP00002230002610,2026-10-06
FA808UH,,,14169430,【ASUS 華碩】特仕版 18吋電競筆電(FA808UH-0021A260H/R7-260/32G/512G+1TB/GeForce RTX5050/Win11),62499,True,False,True,False,https://www.momoshop.com.tw/goods/GoodsDetail.jsp?i_code=14169430,2026-10-06
FA808UH,,,14705013,【ASUS】升級1TB組★18吋 R7-260 GeForce RTX 5050 電競筆電(FA808UH-0021A260H/R7-260/16G/512G/W11),56999,True,True,False,False,https://www.momoshop.com.tw/goods/GoodsDetail.jsp?i_code=14705013,2026-10-06
FA808UH,,,15411957,【ASUS 華碩】包鼠組★18吋GeForce RTX 5050 R7-260電競筆電(FA808UH-0021A260H/R7-260/16G/512G/W11),50999,True,True,False,False,https://www.momoshop.com.tw/goods/GoodsDetail.jsp?i_code=15411957,2026-10-06
FA808UH,,,15412096,【ASUS 華碩】升級16G組★18吋GeForce RTX 5050 R7-260電競筆電(FA808UH-0021A260H/R7-260/16G/512G/W11),55999,True,True,False,False,https://www.momoshop.com.tw/goods/GoodsDetail.jsp?i_code=15412096,2026-10-06
FA808UH,,,15411955,【ASUS 華碩】TUF耳機組★18吋GeForce RTX 5050 R7-260電競筆電(FA808UH-0021A260H/R7-260/16G/512G/W11),50999,True,True,False,False,https://www.momoshop.com.tw/goods/GoodsDetail.jsp?i_code=15411955,2026-10-06
FA808UH,,,15701053,【ASUS 華碩】遊戲手把組★18吋 R7-260 GeForce RTX 5050電競筆電(FA808UH-0021A260H/R7-260/16G/512G/W11),51999,True,True,False,False,https://www.momoshop.com.tw/goods/GoodsDetail.jsp?i_code=15701053,2026-10-06
FA808UH,,,TP00027530003489,【ASUS 華碩】特仕版 FA808UH 18吋電競筆電（Ryzen 7 260/16G/512G/RTX5050/W11）,49999,False,False,True,False,https://www.momoshop.com.tw/TP/TP0002753/goodsDetail/TP00027530003489,2026-10-06
FA808UH,,,15701054,【ASUS 華碩】遊戲手把組★18吋GeForce RTX 5050 R7-260電競筆電(FA808UH-0021A260H/R7-260/16G/512G/W11),55399,True,True,False,False,https://www.momoshop.com.tw/goods/GoodsDetail.jsp?i_code=15701054,2026-10-06
FA808UH,,,15704911,【ASUS 華碩】27型電競螢幕組★18吋 R7-260 GeForce RTX 5050電競筆電(FA808UH-0021A260H/R7-260/16G/512G),52999,True,True,False,False,https://www.momoshop.com.tw/goods/GoodsDetail.jsp?i_code=15704911,2026-10-06
FA808UH,,,TP00027350003860,【ASUS 華碩】特仕版18吋電競(TUF Gaming FA808UH/R7/16G/512G/RTX5050/W11)多規,49999,False,False,True,False,https://www.momoshop.com.tw/TP/TP0002735/goodsDetail/TP00027350003860,2026-10-06
FA808UH,,,TP00027350003903,【ASUS 華碩】特仕版18吋電競(TUF Gaming FA808UH/R7/24G/512G/RTX5050/W11),54499,False,False,True,False,https://www.momoshop.com.tw/TP/TP0002735/goodsDetail/TP00027350003903,2026-10-06
FA808UH,,,TP00027530003490,【ASUS 華碩】特仕版 FA808UH 18吋電競筆電（Ryzen 7 260/16G+16G/512G/RTX5050/W11）,56999,False,False,True,False,https://www.momoshop.com.tw/TP/TP0002753/goodsDetail/TP00027530003490,2026-10-06
FA808UH,,,TP00027350003913,【ASUS 華碩】特仕版18吋電競(TUF Gaming FA808UH/R7/32G/512G/RTX5050/W11),57499,False,False,True,False,https://www.momoshop.com.tw/TP/TP0002735/goodsDetail/TP00027350003913,2026-10-06
FA808UH,,,TP00027530003491,【ASUS 華碩】特仕版 FA808UH 18吋電競筆電（Ryzen 7 260/16G+16G/1T/RTX5050/W11）,59999,False,False,True,False,https://www.momoshop.com.tw/TP/TP0002753/goodsDetail/TP00027530003491,2026-10-06
FA808UH,,,TP00027350003931,【ASUS 華碩】特仕版18吋電競(TUF Gaming FA808UH/R7/48G/1.5T/RTX5050/W11),69999,False,False,True,False,https://www.momoshop.com.tw/TP/TP0002735/goodsDetail/TP00027350003931,2026-10-06
FA808UH,,,TP00027530003492,【ASUS 華碩】特仕版 FA808UH 18吋電競筆電（Ryzen 7 260/16G+16G/512G+1T/RTX5050/W11）,62099,False,False,True,False,https://www.momoshop.com.tw/TP/TP0002753/goodsDetail/TP00027530003492,2026-10-06
FA808UH,,,TP00027530003493,【ASUS 華碩】特仕版 FA808UH 18吋電競筆電（Ryzen 7 260/16G+16G/512G+2T/RTX5050/W11）,65999,False,False,True,False,https://www.momoshop.com.tw/TP/TP0002753/goodsDetail/TP00027530003493,2026-10-06
FA808UH,,,TP00027530003494,【ASUS 華碩】特仕版 FA808UH 18吋電競筆電（Ryzen 7 260/16G+16G/512G+4T/RTX5050/W11）,74999,False,False,True,False,https://www.momoshop.com.tw/TP/TP0002753/goodsDetail/TP00027530003494,2026-10-06
FA808UH,,,TP00027530003495,【ASUS 華碩】特仕版 FA808UH 18吋電競筆電（Ryzen 7 260/16G+32G/512G/RTX5050/W11）,63599,False,False,True,False,https://www.momoshop.com.tw/TP/TP0002753/goodsDetail/TP00027530003495,2026-10-06
FA808UH,,,TP00027530003496,【ASUS 華碩】特仕版 FA808UH 18吋電競筆電（Ryzen 7 260/16G+32G/1T/RTX5050/W11）,66799,False,False,True,False,https://www.momoshop.com.tw/TP/TP0002753/goodsDetail/TP00027530003496,2026-10-06
FA808UH,,,TP00027530003497,【ASUS 華碩】特仕版 FA808UH 18吋電競筆電（Ryzen 7 260/16G+32G/512G+1T/RTX5050/W11）,68699,False,False,True,False,https://www.momoshop.com.tw/TP/TP0002753/goodsDetail/TP00027530003497,2026-10-06
FA808UH,,,TP00027530003498,【ASUS 華碩】特仕版 FA808UH 18吋電競筆電（Ryzen 7 260/16G+32G/512G+2T/RTX5050/W11）,72999,False,False,True,False,https://www.momoshop.com.tw/TP/TP0002753/goodsDetail/TP00027530003498,2026-10-06
FA808UH,,,TP00027530003499,【ASUS 華碩】特仕版 FA808UH 18吋電競筆電（Ryzen 7 260/16G+32G/512G+4T/RTX5050/W11）,81999,False,False,True,False,https://www.momoshop.com.tw/TP/TP0002753/goodsDetail/TP00027530003499,2026-10-06
FA808UH,,,TP00027530003500,【ASUS 華碩】特仕版 FA808UH 18吋電競筆電（Ryzen 7 260/32G+32G/512G/RTX5050/W11）,71499,False,False,True,False,https://www.momoshop.com.tw/TP/TP0002753/goodsDetail/TP00027530003500,2026-10-06
FA808UH,,,TP00027530003501,【ASUS 華碩】特仕版 FA808UH 18吋電競筆電（Ryzen 7 260/32G+32G/1T/RTX5050/W11）,72999,False,False,True,False,https://www.momoshop.com.tw/TP/TP0002753/goodsDetail/TP00027530003501,2026-10-06
FA808UH,,,TP00027530003502,【ASUS 華碩】特仕版 FA808UH 18吋電競筆電（Ryzen 7 260/32G+32G/512G+1T/RTX5050/W11）,76499,False,False,True,False,https://www.momoshop.com.tw/TP/TP0002753/goodsDetail/TP00027530003502,2026-10-06
FA808UH,,,TP00027530003503,【ASUS 華碩】特仕版 FA808UH 18吋電競筆電（Ryzen 7 260/32G+32G/512G+2T/RTX5050/W11）,79599,False,False,True,False,https://www.momoshop.com.tw/TP/TP0002753/goodsDetail/TP00027530003503,2026-10-06
FA808UH,,,TP00027530003504,【ASUS 華碩】特仕版 FA808UH 18吋電競筆電（Ryzen 7 260/32G+32G/512G+4T/RTX5050/W11）,88999,False,False,True,False,https://www.momoshop.com.tw/TP/TP0002753/goodsDetail/TP00027530003504,2026-10-06
FA808UH,,,TP00027350003921,【ASUS 華碩】特仕版18吋電競(TUF Gaming FA808UH/R7/48G/512G/RTX5050/W11),64999,False,False,True,False,https://www.momoshop.com.tw/TP/TP0002735/goodsDetail/TP00027350003921,2026-10-06
FA808UH,,,TP00027350003922,【ASUS 華碩】特仕版18吋電競(TUF Gaming FA808UH/R7/64G/512G/RTX5050/W11),78999,False,False,True,False,https://www.momoshop.com.tw/TP/TP0002735/goodsDetail/TP00027350003922,2026-10-06
FA808UH,,,15704919,【ASUS 華碩】27型螢幕組★18吋GeForce RTX 5050 R7-260電競筆電(FA808UH-0021A260H/R7-260/16G/512G/W11),56199,True,True,False,False,https://www.momoshop.com.tw/goods/GoodsDetail.jsp?i_code=15704919,2026-10-06
FA808UH,,,TP00027350003923,【ASUS 華碩】特仕版18吋電競(TUF Gaming FA808UH/R7/24G/1TB/RTX5050/W11),57499,False,False,True,False,https://www.momoshop.com.tw/TP/TP0002735/goodsDetail/TP00027350003923,2026-10-06
FA808UH,,,TP00027350003924,【ASUS 華碩】特仕版18吋電競(TUF Gaming FA808UH/R7/32G/1TB/RTX5050/W11),60499,False,False,True,False,https://www.momoshop.com.tw/TP/TP0002735/goodsDetail/TP00027350003924,2026-10-06
FA808UH,,,TP00027350003925,【ASUS 華碩】特仕版18吋電競(TUF Gaming FA808UH/R7/48G/1TB/RTX5050/W11),67999,False,False,True,False,https://www.momoshop.com.tw/TP/TP0002735/goodsDetail/TP00027350003925,2026-10-06
FA808UH,,,TP00027350003926,【ASUS 華碩】特仕版18吋電競(TUF Gaming FA808UH/R7/64G/1TB/RTX5050/W11),81999,False,False,True,False,https://www.momoshop.com.tw/TP/TP0002735/goodsDetail/TP00027350003926,2026-10-06
FA808UH,,,TP00027350003927,【ASUS 華碩】特仕版18吋電競(TUF Gaming FA808UH/R7/24G/1.5TB/RTX5050/W11),59499,False,False,True,False,https://www.momoshop.com.tw/TP/TP0002735/goodsDetail/TP00027350003927,2026-10-06
FA808UH,,,TP00027350003929,【ASUS 華碩】特仕版18吋電競(TUF Gaming FA808UH/R7/32G/1.5TB/RTX5050/W11),62499,False,False,True,False,https://www.momoshop.com.tw/TP/TP0002735/goodsDetail/TP00027350003929,2026-10-06
FA808UH,,,TP00027350003930,【ASUS 華碩】特仕版18吋電競(TUF Gaming FA808UH/R7/64G/1.5T/RTX5050/W11),83999,False,False,True,False,https://www.momoshop.com.tw/TP/TP0002735/goodsDetail/TP00027350003930,2026-10-06
FA808UH,,,TP00027350003932,【ASUS 華碩】特仕版18吋電競(TUF Gaming FA808UH/R7/24G/2.5TB/RTX5050/W11),63499,False,False,True,False,https://www.momoshop.com.tw/TP/TP0002735/goodsDetail/TP00027350003932,2026-10-06
FA808UH,,,TP00027350003933,【ASUS 華碩】特仕版18吋電競(TUF Gaming FA808UH/R7/32G/2.5TB/RTX5050/W11),66499,False,False,True,False,https://www.momoshop.com.tw/TP/TP0002735/goodsDetail/TP00027350003933,2026-10-06
FA808UH,,,TP00064080000863,【ASUS 華碩】特仕款 5050獨顯 18吋 R7電競筆電 (FA808UH/R7-260/16G+8G/512G/W11),56990,False,False,True,False,https://www.momoshop.com.tw/TP/TP0006408/goodsDetail/TP00064080000863,2026-10-06
FA808UH,,,TP00027350003934,【ASUS 華碩】特仕版18吋電競(TUF Gaming FA808UH/R7/48G/2.5T/RTX5050/W11),73999,False,False,True,False,https://www.momoshop.com.tw/TP/TP0002735/goodsDetail/TP00027350003934,2026-10-06
FA808UH,,,TP00064080000866,【ASUS 華碩】特仕款 5050獨顯 18吋 R7電競筆電 (FA808UH/R7-260/16G+16G/512G/W11),60990,False,False,True,False,https://www.momoshop.com.tw/TP/TP0006408/goodsDetail/TP00064080000866,2026-10-06
FA808UH,,,TP00027350003935,【ASUS 華碩】特仕版18吋電競(TUF Gaming FA808UH/R7/64G/2.5T/RTX5050/W11),87999,False,False,True,False,https://www.momoshop.com.tw/TP/TP0002735/goodsDetail/TP00027350003935,2026-10-06
FA808UH,,,TP00064080000869,【ASUS 華碩】特仕款 5050獨顯 18吋 R7電競筆電 (FA808UH/R7-260/16G+32G/512G/W11),66990,False,False,True,False,https://www.momoshop.com.tw/TP/TP0006408/goodsDetail/TP00064080000869,2026-10-06
FA808UH,,,TP00064080000872,【ASUS 華碩】特仕款 5050獨顯 18吋 R7電競筆電 (FA808UH/R7-260/32G+32G/512G/W11),83990,False,False,True,False,https://www.momoshop.com.tw/TP/TP0006408/goodsDetail/TP00064080000872,2026-10-06
FA808UH,,,TP00064080000875,【ASUS 華碩】特仕款 5050獨顯 18吋 R7電競筆電 (FA808UH/R7-260/16G/512GB+1TB/W11),58990,False,False,True,False,https://www.momoshop.com.tw/TP/TP0006408/goodsDetail/TP00064080000875,2026-10-06
FA808UH,,,TP00064080000876,【ASUS 華碩】特仕款 5050獨顯 18吋 R7電競筆電 (FA808UH/R7-260/16G/512GB+2TB/W11),63990,False,False,True,False,https://www.momoshop.com.tw/TP/TP0006408/goodsDetail/TP00064080000876,2026-10-06
FA808UH,,,TP00064080000877,【ASUS 華碩】特仕款 5050獨顯 18吋 R7電競筆電 (FA808UH/R7-260/16G/512GB+512GB/W11),55990,False,False,True,False,https://www.momoshop.com.tw/TP/TP0006408/goodsDetail/TP00064080000877,2026-10-06
FA808UH,,,TP00064080000878,【ASUS 華碩】特仕款 5050獨顯 18吋 R7電競筆電 (FA808UH/R7-260/16G+8G/512GB+1TB/W11),64990,False,False,True,False,https://www.momoshop.com.tw/TP/TP0006408/goodsDetail/TP00064080000878,2026-10-06
FA808UH,,,TP00064080000879,【ASUS 華碩】特仕款 5050獨顯 18吋 R7電競筆電 (FA808UH/R7-260/16G+8G/512GB+2TB/W11),69990,False,False,True,False,https://www.momoshop.com.tw/TP/TP0006408/goodsDetail/TP00064080000879,2026-10-06
FA808UH,,,TP00064080000880,【ASUS 華碩】特仕款 5050獨顯 18吋 R7電競筆電 (FA808UH/R7-260/16G+16G/512G+512G/W11),65990,False,False,True,False,https://www.momoshop.com.tw/TP/TP0006408/goodsDetail/TP00064080000880,2026-10-06
FA808UH,,,TP00064080000881,【ASUS 華碩】特仕款 5050獨顯 18吋 R7電競筆電 (FA808UH/R7-260/16G+16G/512G+1TB/W11),69990,False,False,True,False,https://www.momoshop.com.tw/TP/TP0006408/goodsDetail/TP00064080000881,2026-10-06
FA808UH,,,TP00064080000882,【ASUS 華碩】特仕款 5050獨顯 18吋 R7電競筆電 (FA808UH/R7-260/16G+16G/512G+2TB/W11),74990,False,False,True,False,https://www.momoshop.com.tw/TP/TP0006408/goodsDetail/TP00064080000882,2026-10-06
FA808UH,,,TP00064080000883,【ASUS 華碩】特仕款 5050獨顯 18吋 R7電競筆電 (FA808UH/R7-260/16G+32G/512G+1TB/W11),75990,False,False,True,False,https://www.momoshop.com.tw/TP/TP0006408/goodsDetail/TP00064080000883,2026-10-06
FA808UH,,,TP00064080000884,【ASUS 華碩】特仕款 5050獨顯 18吋 R7電競筆電 (FA808UH/R7-260/16G+32G/512G+2TB/W11),80990,False,False,True,False,https://www.momoshop.com.tw/TP/TP0006408/goodsDetail/TP00064080000884,2026-10-06
FA808UH,,,TP00064080000885,【ASUS 華碩】特仕款 5050獨顯 18吋 R7電競筆電 (FA808UH/R7-260/16G+32G/512G+512G/W11),71990,False,False,True,False,https://www.momoshop.com.tw/TP/TP0006408/goodsDetail/TP00064080000885,2026-10-06
FA808UH,,,TP00064080000886,【ASUS 華碩】特仕款 5050獨顯 18吋 R7電競筆電 (FA808UH/R7-260/32G+32G/512G+1TB/W11),92990,False,False,True,False,https://www.momoshop.com.tw/TP/TP0006408/goodsDetail/TP00064080000886,2026-10-06
FA808UH,,,15412094,【ASUS 華碩】升級16G組★18吋GeForce RTX 5050 R7-260電競筆電(FA808UH-0021A260H/R7-260/16G/512G/W11),55999,True,True,False,False,https://www.momoshop.com.tw/goods/GoodsDetail.jsp?i_code=15412094,2026-10-06
FA808UH,,,TP00064080000887,【ASUS 華碩】特仕款 5050獨顯 18吋 R7電競筆電 (FA808UH/R7-260/32G+32G/512G+2TB/W11),97990,False,False,True,False,https://www.momoshop.com.tw/TP/TP0006408/goodsDetail/TP00064080000887,2026-10-06
FA808UH,,,TP00064080000888,【ASUS 華碩】特仕款 5050獨顯 18吋 R7電競筆電 (FA808UH/R7-260/32G+32G/512G+512G/W11),88990,False,False,True,False,https://www.momoshop.com.tw/TP/TP0006408/goodsDetail/TP00064080000888,2026-10-06
FA808UH,,,TP00004400000560,【ASUS 華碩】特仕版 直升32G 1T FA808UH/R7-260/32G/512G SSD*2/RTX5050 8G/18吋,62999,False,False,True,False,https://www.momoshop.com.tw/TP/TP0000440/goodsDetail/TP00004400000560,2026-10-06
FA808UH,,,TP00064080001397,【ASUS 華碩】特仕款 5050獨顯 18吋 R7電競筆電 (FA808UH/R7-260/16G+8G/512G+512G/W11),60990,False,False,True,False,https://www.momoshop.com.tw/TP/TP0006408/goodsDetail/TP00064080001397,2026-10-06
FA808UH,,,TP00004400000562,【ASUS 華碩】特仕版 直升1.5T FA808UH/R7-260/16G/512G+1T/RTX5050 8G/18吋,58499,False,False,True,False,https://www.momoshop.com.tw/TP/TP0000440/goodsDetail/TP00004400000562,2026-10-06
FA808UH,,,TP00004400000561,【ASUS 華碩】特仕版 直升1T FA808UH/R7-260/16G/512G SSD*2/RTX5050 8G/18吋,54999,False,False,True,False,https://www.momoshop.com.tw/TP/TP0000440/goodsDetail/TP00004400000561,2026-10-06
FA808UH,,,TP00004400000563,【ASUS 華碩】特仕版 直升32G 1.5T FA808UH/R7-260/32G/512G+1T/RTX5050 8G/18吋,64999,False,False,True,False,https://www.momoshop.com.tw/TP/TP0000440/goodsDetail/TP00004400000563,2026-10-06
FA808UM,,,14119903,【ASUS 華碩】18吋GeForce RTX 5060 R7-260電競筆電(FA808UM-0031A260H/R7-260/16G/1TB),57999,True,False,False,False,https://www.momoshop.com.tw/goods/GoodsDetail.jsp?i_code=14119903,2026-10-06
FA808UM,,,14185685,【ASUS 華碩】特仕版 18吋電競筆電(TUF Gaming A18 FA808UM/Ryzen 7 260/32G/2TB/GeForce RTX5060/W11),70499,True,False,True,False,https://www.momoshop.com.tw/goods/GoodsDetail.jsp?i_code=14185685,2026-10-06
FA808UM,,,14133898,【ASUS 華碩】特仕版 18吋電競筆電(FA808UM-0031A260H/R7-260/16G+16G/1TB SSD/GeForce RTX5060/Win11),63999,True,False,True,False,https://www.momoshop.com.tw/goods/GoodsDetail.jsp?i_code=14133898,2026-10-06
FA808UM,,,15411337,【ASUS 華碩】TUF耳機組★18吋GeForce RTX 5060 R7-260電競筆電(FA808UM-0031A260H/R7-260/16G/1TB),58999,True,True,False,False,https://www.momoshop.com.tw/goods/GoodsDetail.jsp?i_code=15411337,2026-10-06
FA808UM,,,14185679,【ASUS 華碩】特仕版 18吋電競筆電(TUF Gaming A18 FA808UM/Ryzen 7 260/16G+16G/1TB/GeForce RTX5060/W11),65499,True,False,True,False,https://www.momoshop.com.tw/goods/GoodsDetail.jsp?i_code=14185679,2026-10-06
FA808UM,,,14185682,【ASUS 華碩】特仕版 18吋電競筆電(TUF Gaming A18 FA808UM/Ryzen 7 260/32G/1T+512G/GeForce RTX5060/W11),68499,True,False,True,False,https://www.momoshop.com.tw/goods/GoodsDetail.jsp?i_code=14185682,2026-10-06
FA808UM,,,15387186,【ASUS 華碩】18吋GeForce RTX 5060 R7-260電競筆電(FA808UM-0031A260H/R7-260/16G/1TB),57999,True,False,False,False,https://www.momoshop.com.tw/goods/GoodsDetail.jsp?i_code=15387186,2026-10-06
FA808UM,,,15411341,【ASUS 華碩】包鼠組★18吋GeForce RTX 5060 R7-260電競筆電(FA808UM-0031A260H/R7-260/16G/1TB),58999,True,True,False,False,https://www.momoshop.com.tw/goods/GoodsDetail.jsp?i_code=15411341,2026-10-06
FA808UM,,,15411450,【ASUS 華碩】升級16G組★18吋GeForce RTX 5060 R7-260電競筆電(FA808UM-0031A260H/R7-260/16G/1TB),63999,True,True,False,False,https://www.momoshop.com.tw/goods/GoodsDetail.jsp?i_code=15411450,2026-10-06
FA808UM,,,14133897,【ASUS 華碩】特仕版 18吋電競筆電(FA808UM-0031A260H/R7-260/32G/2TB SSD/GeForce RTX5060/Win11),70499,True,False,True,False,https://www.momoshop.com.tw/goods/GoodsDetail.jsp?i_code=14133897,2026-10-06
FA808UM,,,15701062,【ASUS 華碩】遊戲手把組★18吋GeForce RTX 5060 R7-260電競筆電(FA808UM-0031A260H/R7-260/16G/1TB),59999,True,True,False,False,https://www.momoshop.com.tw/goods/GoodsDetail.jsp?i_code=15701062,2026-10-06
FA808UM,,,TP00064080001488,【ASUS 華碩】特仕款 18吋 5060獨顯筆電 (FA808UM-0031A260H/R7-260/16G+8G/1TB/W11),64990,False,False,True,False,https://www.momoshop.com.tw/TP/TP0006408/goodsDetail/TP00064080001488,2026-10-06
FA808UM,,,TP00064080001504,【ASUS 華碩】特仕款 18吋 5060獨顯筆電 (FA808UM-0031A260H/R7-260/16G+16G/1TB/W11),68990,False,False,True,False,https://www.momoshop.com.tw/TP/TP0006408/goodsDetail/TP00064080001504,2026-10-06
FA808UM,,,TP00064080001505,【ASUS 華碩】特仕款 18吋 5060獨顯筆電 (FA808UM-0031A260H/R7-260/16G+32G/1TB/W11),74990,False,False,True,False,https://www.momoshop.com.tw/TP/TP0006408/goodsDetail/TP00064080001505,2026-10-06
FA808UM,,,TP00064080001506,【ASUS 華碩】特仕款 18吋 5060獨顯筆電 (FA808UM-0031A260H/R7-260/32G+32G/1TB/W11),91990,False,False,True,False,https://www.momoshop.com.tw/TP/TP0006408/goodsDetail/TP00064080001506,2026-10-06
FA808UM,,,TP00064080001507,【ASUS 華碩】特仕款 18吋 5060獨顯筆電(FA808UM-0031A260H/R7-260/16+8G/1T+512G/W11),68990,False,False,True,False,https://www.momoshop.com.tw/TP/TP0006408/goodsDetail/TP00064080001507,2026-10-06
FA808UM,,,TP00064080001508,【ASUS 華碩】特仕款 A18 50獨顯筆電(FA808UM-0031A260H/R7-260/16+16G/1T+512G/W11),72990,False,False,True,False,https://www.momoshop.com.tw/TP/TP0006408/goodsDetail/TP00064080001508,2026-10-06
FA808UM,,,TP00064080001509,【ASUS 華碩】特仕款 A18 50獨顯筆電(FA808UM-0031A260H/R7-260/16+32G/1T+512G/W11),79990,False,False,True,False,https://www.momoshop.com.tw/TP/TP0006408/goodsDetail/TP00064080001509,2026-10-06
FA808UM,,,TP00064080001510,【ASUS 華碩】特仕款 A18 50獨顯筆電 (FA808UM-0031A260H/R7-260/32+32G/1T+512G/W11),96990,False,False,True,False,https://www.momoshop.com.tw/TP/TP0006408/goodsDetail/TP00064080001510,2026-10-06
FA808UM,,,TP00064080001511,【ASUS 華碩】特仕款 18吋 5060獨顯筆電(FA808UM-0031A260H/R7-260/16G+8G/1T+1TB/W11),72990,False,False,True,False,https://www.momoshop.com.tw/TP/TP0006408/goodsDetail/TP00064080001511,2026-10-06
FA808UM,,,TP00064080001512,【ASUS 華碩】特仕款 18吋 50獨顯筆電 (FA808UM-0031A260H/R7-260/16G+16G/1T+1TB/W11),76990,False,False,True,False,https://www.momoshop.com.tw/TP/TP0006408/goodsDetail/TP00064080001512,2026-10-06
FA808UM,,,TP00064080001514,【ASUS 華碩】特仕款 18吋 50獨顯筆電 (FA808UM-0031A260H/R7-260/16G+32G/1T+1TB/W11),83990,False,False,True,False,https://www.momoshop.com.tw/TP/TP0006408/goodsDetail/TP00064080001514,2026-10-06
FA808UM,,,TP00064080001515,【ASUS 華碩】特仕款 18吋 50獨顯筆電 (FA808UM-0031A260H/R7-260/32G+32G/1T+1TB/W11),100990,False,False,True,False,https://www.momoshop.com.tw/TP/TP0006408/goodsDetail/TP00064080001515,2026-10-06
FA808UM,,,TP00064080001516,【ASUS 華碩】特仕款 18吋 5060獨顯筆電(FA808UM-0031A260H/R7-260/16G+8G/1T+2TB/W11),77990,False,False,True,False,https://www.momoshop.com.tw/TP/TP0006408/goodsDetail/TP00064080001516,2026-10-06
FA808UM,,,TP00064080001517,【ASUS 華碩】特仕款 18吋 5060獨顯筆電(FA808UM-0031A260H/R7-260/16+16G/1T+2TB/W11),81990,False,False,True,False,https://www.momoshop.com.tw/TP/TP0006408/goodsDetail/TP00064080001517,2026-10-06
FA808UM,,,TP00064080001518,【ASUS 華碩】特仕款 18吋 5060獨顯筆電(FA808UM-0031A260H/R7-260/16+32G/1T+2TB/W11),88990,False,False,True,False,https://www.momoshop.com.tw/TP/TP0006408/goodsDetail/TP00064080001518,2026-10-06
FA808UM,,,TP00002230002377,【ASUS 華碩】特規✨TUF Gaming A18 FA808UM AI電競筆電/Ryzen 7/RTX5060/18吋,59299,False,False,False,False,https://www.momoshop.com.tw/TP/TP0000223/goodsDetail/TP00002230002377,2026-10-06
FA808UM,,,TP00064080001519,【ASUS 華碩】特仕款 18吋 5060獨顯筆電(FA808UM-0031A260H/R7-260/32+32G/1T+2TB/W11),105990,False,False,True,False,https://www.momoshop.com.tw/TP/TP0006408/goodsDetail/TP00064080001519,2026-10-06
FA808UM,,,TP00064080001520,【ASUS 華碩】特仕款 A18 5060 獨顯筆電 (FA808UM-0031A260H/R7-260/16G/1T+512G/W11),63990,False,False,True,False,https://www.momoshop.com.tw/TP/TP0006408/goodsDetail/TP00064080001520,2026-10-06
FA808UM,,,TP00064080001521,【ASUS 華碩】特仕款 18吋 5060獨顯筆電 (FA808UM-0031A260H/R7-260/16G/1TB+1TB/W11),66990,False,False,True,False,https://www.momoshop.com.tw/TP/TP0006408/goodsDetail/TP00064080001521,2026-10-06
FA808UM,,,TP00064080001522,【ASUS 華碩】特仕款 18吋 5060獨顯筆電 (FA808UM-0031A260H/R7-260/16G/1TB+2TB/W11),71990,False,False,True,False,https://www.momoshop.com.tw/TP/TP0006408/goodsDetail/TP00064080001522,2026-10-06
FA808UM,,,TP00027530003388,【ASUS 華碩】特仕版 FA808UM 18吋電競筆電（Ryzen 7 260/16GB/1TB/RTX5060/W11）,57999,False,False,True,False,https://www.momoshop.com.tw/TP/TP0002753/goodsDetail/TP00027530003388,2026-10-06
FA808UM,,,TP00056340007221,【ASUS 華碩】TUF Gaming A18 FA808UM-0031A260H 御鐵灰/無包,59999,False,False,False,False,https://www.momoshop.com.tw/TP/TP0005634/goodsDetail/TP00056340007221,2026-10-06
FA808UM,,,TP00027530003393,【ASUS 華碩】特仕版 FA808UM 18吋電競筆電（Ryzen 7 260/16G+16G/1TB/RTX5060/W11）,62499,False,False,True,False,https://www.momoshop.com.tw/TP/TP0002753/goodsDetail/TP00027530003393,2026-10-06
FA808UM,,,TP00027350003848,【ASUS 華碩】特仕版18吋電競(TUF Gaming A18 FA808UM/R7/32G/1TB/RTX5060/W11),65499,False,False,True,False,https://www.momoshop.com.tw/TP/TP0002735/goodsDetail/TP00027350003848,2026-10-06
FA808UM,,,TP00027530003394,【ASUS 華碩】特仕版 FA808UM 18吋電競筆電（Ryzen 7 260/16G+16G/1T+512G/RTX5060/W11）,65399,False,False,True,False,https://www.momoshop.com.tw/TP/TP0002753/goodsDetail/TP00027530003394,2026-10-06
FA808UM,,,TP00027350003864,【ASUS 華碩】特仕版18吋電競(TUF Gaming A18 FA808UM/R7/64G/3TB/RTX5060/W11),95999,False,False,True,False,https://www.momoshop.com.tw/TP/TP0002735/goodsDetail/TP00027350003864,2026-10-06
FA808UM,,,TP00027530003395,【ASUS 華碩】特仕版 FA808UM 18吋電競筆電（Ryzen 7 260/16G+16G/1T+1T/RTX5060/W11）,70099,False,False,True,False,https://www.momoshop.com.tw/TP/TP0002753/goodsDetail/TP00027530003395,2026-10-06
FA808UM,,,TP00027350003920,【ASUS 華碩】特仕版18吋電競筆電(TUF Gaming FA808UM/R7/16G/1TB/RTX5060/W11)多規,57999,False,False,True,False,https://www.momoshop.com.tw/TP/TP0002735/goodsDetail/TP00027350003920,2026-10-06
FA808UM,,,TP00027530003396,【ASUS 華碩】特仕版 FA808UM 18吋電競筆電（Ryzen 7 260/16G+16G/1T+2T/RTX5060/W11）,72499,False,False,True,False,https://www.momoshop.com.tw/TP/TP0002753/goodsDetail/TP00027530003396,2026-10-06
FA808UM,,,TP00027530003397,【ASUS 華碩】特仕版 FA808UM 18吋電競筆電（Ryzen 7 260/16G+16G/1T+4T/RTX5060/W11）,77699,False,False,True,False,https://www.momoshop.com.tw/TP/TP0002753/goodsDetail/TP00027530003397,2026-10-06
FA808UM,,,TP00027530003398,【ASUS 華碩】特仕版 FA808UM 18吋電競筆電（Ryzen 7 260/16G+32G/1T/RTX5060/W11）,69699,False,False,True,False,https://www.momoshop.com.tw/TP/TP0002753/goodsDetail/TP00027530003398,2026-10-06
FA808UM,,,TP00027530003399,【ASUS 華碩】特仕版 FA808UM 18吋電競筆電（Ryzen 7 260/16G+32G/1T+512G/RTX5060/W11）,72599,False,False,True,False,https://www.momoshop.com.tw/TP/TP0002753/goodsDetail/TP00027530003399,2026-10-06
FA808UM,,,TP00027530003400,【ASUS 華碩】特仕版 FA808UM 18吋電競筆電（Ryzen 7 260/16G+32G/1T+1T/RTX5060/W11）,73999,False,False,True,False,https://www.momoshop.com.tw/TP/TP0002753/goodsDetail/TP00027530003400,2026-10-06
FA808UM,,,TP00027530003401,【ASUS 華碩】特仕版 FA808UM 18吋電競筆電（Ryzen 7 260/16G+32G/1T+2T/RTX5060/W11）,77699,False,False,True,False,https://www.momoshop.com.tw/TP/TP0002753/goodsDetail/TP00027530003401,2026-10-06
FA808UM,,,TP00027530003402,【ASUS 華碩】特仕版 FA808UM 18吋電競筆電（Ryzen 7 260/16G+32G/1T+4T/RTX5060/W11）,82899,False,False,True,False,https://www.momoshop.com.tw/TP/TP0002753/goodsDetail/TP00027530003402,2026-10-06
FA808UM,,,TP00027530003403,【ASUS 華碩】特仕版 FA808UM 18吋電競筆電（Ryzen 7 260/32G+32G/1T/RTX5060/W11）,75999,False,False,True,False,https://www.momoshop.com.tw/TP/TP0002753/goodsDetail/TP00027530003403,2026-10-06
FA808UM,,,TP00027530003404,【ASUS 華碩】特仕版 FA808UM 18吋電競筆電（Ryzen 7 260/32G+32G/1T+512G/RTX5060/W11）,78899,False,False,True,False,https://www.momoshop.com.tw/TP/TP0002753/goodsDetail/TP00027530003404,2026-10-06
FA808UM,,,TP00027530003405,【ASUS 華碩】特仕版 FA808UM 18吋電競筆電（Ryzen 7 260/32G+32G/1T+1T/RTX5060/W11）,80499,False,False,True,False,https://www.momoshop.com.tw/TP/TP0002753/goodsDetail/TP00027530003405,2026-10-06
FA808UM,,,TP00027530003406,【ASUS 華碩】特仕版 FA808UM 18吋電競筆電（Ryzen 7 260/32G+32G/1T+2T/RTX5060/W11）,83999,False,False,True,False,https://www.momoshop.com.tw/TP/TP0002753/goodsDetail/TP00027530003406,2026-10-06
FA808UM,,,TP00027530003407,【ASUS 華碩】特仕版 FA808UM 18吋電競筆電（Ryzen 7 260/32G+32G/1T+4T/RTX5060/W11）,92999,False,False,True,False,https://www.momoshop.com.tw/TP/TP0002753/goodsDetail/TP00027530003407,2026-10-06
FA808UM,,,TP00027350003847,【ASUS 華碩】特仕版18吋電競(TUF Gaming A18 FA808UM/R7/24G/1TB/RTX5060/W11),62499,False,False,True,False,https://www.momoshop.com.tw/TP/TP0002735/goodsDetail/TP00027350003847,2026-10-06
FA808UM,,,TP00027350003849,【ASUS 華碩】特仕版18吋電競(TUF Gaming A18 FA808UM/R7/48G/1TB/RTX5060/W11),72999,False,False,True,False,https://www.momoshop.com.tw/TP/TP0002735/goodsDetail/TP00027350003849,2026-10-06
FA808UM,,,TP00027350003850,【ASUS 華碩】特仕版18吋電競(TUF Gaming A18 FA808UM/R7/64G/1TB/RTX5060/W11),86999,False,False,True,False,https://www.momoshop.com.tw/TP/TP0002735/goodsDetail/TP00027350003850,2026-10-06
FA808UM,,,TP00027350003851,【ASUS 華碩】特仕版18吋電競(TUF Gaming A18 FA808UM/R7/24G/1.5TB/RTX5060/W11),65499,False,False,True,False,https://www.momoshop.com.tw/TP/TP0002735/goodsDetail/TP00027350003851,2026-10-06
FA808UM,,,TP00027350003852,【ASUS 華碩】特仕版18吋電競(TUF Gaming A18 FA808UM/R7/32G/1.5TB/RTX5060/W11),68499,False,False,True,False,https://www.momoshop.com.tw/TP/TP0002735/goodsDetail/TP00027350003852,2026-10-06
FA808UM,,,TP00027350003853,【ASUS 華碩】特仕版18吋電競(TUF Gaming A18 FA808UM/R7/48G/1.5TB/RTX5060/W11),75999,False,False,True,False,https://www.momoshop.com.tw/TP/TP0002735/goodsDetail/TP00027350003853,2026-10-06
FA808UM,,,TP00027350003854,【ASUS 華碩】特仕版18吋電競(TUF Gaming A18 FA808UM/R7/64G/1.5TB/RTX5060/W11),89999,False,False,True,False,https://www.momoshop.com.tw/TP/TP0002735/goodsDetail/TP00027350003854,2026-10-06
FA808UM,,,TP00027350003855,【ASUS 華碩】特仕版18吋電競(TUF Gaming A18 FA808UM/R7/24G/2TB/RTX5060/W11),67499,False,False,True,False,https://www.momoshop.com.tw/TP/TP0002735/goodsDetail/TP00027350003855,2026-10-06
FA808UM,,,15705099,【ASUS 華碩】27型電競螢幕組★18吋GeForce RTX 5060 R7-260電競筆電(FA808UM-0031A260H/R7-260/16G/1TB),60999,True,True,False,False,https://www.momoshop.com.tw/goods/GoodsDetail.jsp?i_code=15705099,2026-10-06
FA808UM,,,TP00027350003856,【ASUS 華碩】特仕版18吋電競(TUF Gaming A18 FA808UM/R7/32G/2TB/RTX5060/W11),70499,False,False,True,False,https://www.momoshop.com.tw/TP/TP0002735/goodsDetail/TP00027350003856,2026-10-06
FA808UM,,,TP00027350003857,【ASUS 華碩】特仕版18吋電競(TUF Gaming A18 FA808UM/R7/48G/2TB/RTX5060/W11),77999,False,False,True,False,https://www.momoshop.com.tw/TP/TP0002735/goodsDetail/TP00027350003857,2026-10-06
FA808UM,,,TP00027350003859,【ASUS 華碩】特仕版18吋電競(TUF Gaming A18 FA808UM/R7/64G/2TB/RTX5060/W11),91999,False,False,True,False,https://www.momoshop.com.tw/TP/TP0002735/goodsDetail/TP00027350003859,2026-10-06
FA808UM,,,TP00027350003861,【ASUS 華碩】特仕版18吋電競(TUF Gaming A18 FA808UM/R7/24G/3TB/RTX5060/W11),71499,False,False,True,False,https://www.momoshop.com.tw/TP/TP0002735/goodsDetail/TP00027350003861,2026-10-06
FA808UM,,,15411445,【ASUS 華碩】升級16G組★18吋GeForce RTX 5060 R7-260電競筆電(FA808UM-0031A260H/R7-260/16G/1TB),63999,True,True,False,False,https://www.momoshop.com.tw/goods/GoodsDetail.jsp?i_code=15411445,2026-10-06
FA808UM,,,TP00027350003862,【ASUS 華碩】特仕版18吋電競(TUF Gaming A18 FA808UM/R7/32G/3TB/RTX5060/W11),74499,False,False,True,False,https://www.momoshop.com.tw/TP/TP0002735/goodsDetail/TP00027350003862,2026-10-06
FA808UM,,,TP00027350003863,【ASUS 華碩】特仕版18吋電競(TUF Gaming A18 FA808UM/R7/48G/3TB/RTX5060/W11),81999,False,False,True,False,https://www.momoshop.com.tw/TP/TP0002735/goodsDetail/TP00027350003863,2026-10-06
FA808UM,,,TP00004400000433,【ASUS 華碩】特仕版 直升32G (FA808UM/R7-260/32G/1T SSD/RTX5060 8G/18吋/Win11),67999,False,False,True,False,https://www.momoshop.com.tw/TP/TP0000440/goodsDetail/TP00004400000433,2026-10-06
FA808UM,,,TP00004400000434,【ASUS 華碩】特仕版 直升32G 2T (FA808UM/R7-260/32G/2T SSD/RTX5060 8G/18吋/W11),73499,False,False,True,False,https://www.momoshop.com.tw/TP/TP0000440/goodsDetail/TP00004400000434,2026-10-06
FX607VJB,,,14772818,【ASUS 華碩】特仕版 16吋筆電(TUF Gaming FX607VJB/Core 5 210H/16G+16G/1TB+512G/RTX3050/W11),48499,True,False,True,False,https://www.momoshop.com.tw/goods/GoodsDetail.jsp?i_code=14772818,2026-10-06
FX607VJB,,,TP00064080000344,【ASUS 華碩】特仕款 TUF F16電競筆電(FX607VJB/Core 5 210H/16G+8G/1TB/RTX3050/W11),45990,False,False,True,False,https://www.momoshop.com.tw/TP/TP0006408/goodsDetail/TP00064080000344,2026-10-06
FX607VJB,,,TP00064080000351,【ASUS 華碩】特仕款 TUF F16 電競筆電(FX607VJB/Core 5 210H/16Gx2/1TB/RTX3050/W11),50990,False,False,True,False,https://www.momoshop.com.tw/TP/TP0006408/goodsDetail/TP00064080000351,2026-10-06
FX607VJB,,,TP00064080000353,【ASUS 華碩】特仕款 TUF F16電競筆電(FX607VJB/C5 210H/16+8G/1TB+500G/RTX3050/W11),50990,False,False,True,False,https://www.momoshop.com.tw/TP/TP0006408/goodsDetail/TP00064080000353,2026-10-06
FX607VJB,,,TP00064080000356,【ASUS 華碩】特仕款 TUF F16電競筆電 (FX607VJB/C5 210H/16G+8G/1TBx2/RTX3050/W11),54990,False,False,True,False,https://www.momoshop.com.tw/TP/TP0006408/goodsDetail/TP00064080000356,2026-10-06
FX607VJB,,,TP00064080000357,【ASUS 華碩】特仕款 TUF F16 電競筆電 (FX607VJB/Core 5 210H/16G+16G/1TB+1TB/W11),59990,False,False,True,False,https://www.momoshop.com.tw/TP/TP0006408/goodsDetail/TP00064080000357,2026-10-06
FX607VJB,,,TP00064080000359,【ASUS 華碩】特仕款 TUF F16電競筆電 (FX607VJB/C5 210H/16Gx2/1TB+2TB/RTX3050/W11),64990,False,False,True,False,https://www.momoshop.com.tw/TP/TP0006408/goodsDetail/TP00064080000359,2026-10-06
FX607VJB,,,TP00064080000362,【ASUS 華碩】特仕款 TUF F16 電競筆電 (FX607VJB/Core 5 210H/32Gx2/1TB+2TB/W11),86990,False,False,True,False,https://www.momoshop.com.tw/TP/TP0006408/goodsDetail/TP00064080000362,2026-10-06
FX607VJB,,,TP00064080000692,【ASUS 華碩】特仕款 TUF F16電競筆電 (FX607VJB/C5 210H/16G/1TB+500G/RTX3050/W11),44990,False,False,True,False,https://www.momoshop.com.tw/TP/TP0006408/goodsDetail/TP00064080000692,2026-10-06
FX607VJB,,,TP00064080000352,【ASUS 華碩】特仕款 TUF F16電競筆電 (FX607VJB/C5 210H/16G+32G/1TB/RTX3050/W11),56990,False,False,True,False,https://www.momoshop.com.tw/TP/TP0006408/goodsDetail/TP00064080000352,2026-10-06
FX607VJB,,,14772824,【ASUS 華碩】特仕版 16吋筆電(TUF Gaming FX607VJB/Core 5 210H/16G+16G/1TB+1TB/RTX3050/W11),50499,True,False,True,False,https://www.momoshop.com.tw/goods/GoodsDetail.jsp?i_code=14772824,2026-10-06
FX607VJB,,,TP00064080000354,【ASUS 華碩】特仕款 TUF F16電競筆電(FX607VJB/C5 210H/16GX2/1TB+500G/RTX3050/W11),55990,False,False,True,False,https://www.momoshop.com.tw/TP/TP0006408/goodsDetail/TP00064080000354,2026-10-06
FX607VJB,,,TP00064080000355,【ASUS 華碩】特仕款 TUF F16電競筆電(FX607VJB/C5 210H/16+32G/1T+500G/RTX3050/W11),61990,False,False,True,False,https://www.momoshop.com.tw/TP/TP0006408/goodsDetail/TP00064080000355,2026-10-06
FX607VJB,,,TP00064080000358,【ASUS 華碩】特仕款 TUF F16電競筆電 (FX607VJB/C5 210H/16G+32G/1TBx2/RTX3050/W11),65990,False,False,True,False,https://www.momoshop.com.tw/TP/TP0006408/goodsDetail/TP00064080000358,2026-10-06
FX607VJB,,,TP00064080000360,【ASUS 華碩】特仕款 TUF F16 電競筆電 (FX607VJB/Core 5 210H/16G+32G/1TB+2TB/W11),70990,False,False,True,False,https://www.momoshop.com.tw/TP/TP0006408/goodsDetail/TP00064080000360,2026-10-06
FX607VJB,,,TP00064080000361,【ASUS 華碩】特仕款 TUF16 電競筆電 (FX607VJB/Core 5 210H/32Gx2/1TB+1TB/W11),81990,False,False,True,False,https://www.momoshop.com.tw/TP/TP0006408/goodsDetail/TP00064080000361,2026-10-06
FX607VJB,,,TP00004400000486,【ASUS 華碩】特仕版 直升512G+1T(FX607VJB/Core5-210H/RTX3050/16G/512G+1T/Win11),39999,False,False,True,False,https://www.momoshop.com.tw/TP/TP0000440/goodsDetail/TP00004400000486,2026-10-06
FX607VJB,,,TP00004400000487,【ASUS 華碩】特仕版 直升雙SSD 32G(FX607VJB/Core5-210H/RTX3050/32G/512G+1T/W11),46499,False,False,True,False,https://www.momoshop.com.tw/TP/TP0000440/goodsDetail/TP00004400000487,2026-10-06
FX607VU,,,15062066,【ASUS 華碩】16吋Core5 RTX4050電競筆電(FX607VU-0103A210H/Core5-210H/16G/512G SSD/W11),40599,True,False,False,False,https://www.momoshop.com.tw/goods/GoodsDetail.jsp?i_code=15062066,2026-10-06
FX607VU,,,15173528,【ASUS 華碩】特仕版 16吋筆電(TUF Gaming FX607VU/Core 5 210H/16G+16G/512G+512G/RTX4050/W11),50499,True,False,True,False,https://www.momoshop.com.tw/goods/GoodsDetail.jsp?i_code=15173528,2026-10-06
FX607VU,,,15173523,【ASUS 華碩】特仕版 16吋筆電(TUF Gaming FX607VU/Core 5 210H/16G+16G/512G SSD/RTX4050/W11),47499,True,False,True,False,https://www.momoshop.com.tw/goods/GoodsDetail.jsp?i_code=15173523,2026-10-06
FX607VU,,,15135455,【ASUS 華碩】特仕版 16吋電競筆電(FX607VU-0103A210H/Core5-210H/16G+16G/512G SSD/RTX4050/Win11),46999,True,False,True,False,https://www.momoshop.com.tw/goods/GoodsDetail.jsp?i_code=15135455,2026-10-06
FX607VU,,,TP00027530004631,【ASUS 華碩】特仕版 TUF Gaming F16 FX607VU 16吋電競筆電（C5-210H/16G/512G/RTX4050）,40599,False,False,True,False,https://www.momoshop.com.tw/TP/TP0002753/goodsDetail/TP00027530004631,2026-10-06
FX607VU,,,TP00027530005206,【ASUS 華碩】特仕版 TUF Gaming F16 FX607VU 16吋電競筆電（C5-210H/32G/512G/RTX4050）,47599,False,False,True,False,https://www.momoshop.com.tw/TP/TP0002753/goodsDetail/TP00027530005206,2026-10-06
FX607VU,,,TP00027530005207,【ASUS 華碩】特仕版 TUF Gaming F16 FX607VU 16吋電競筆電（C5-210H/32G/1T/RTX4050）,49599,False,False,True,False,https://www.momoshop.com.tw/TP/TP0002753/goodsDetail/TP00027530005207,2026-10-06
FX607VU,,,TP00027530005208,【ASUS 華碩】特仕版 TUF Gaming F16 FX607VU 16吋電競筆電（C5-210H/32G/1.5T/RTX4050）,52599,False,False,True,False,https://www.momoshop.com.tw/TP/TP0002753/goodsDetail/TP00027530005208,2026-10-06
FX607VU,,,TP00027530005209,【ASUS 華碩】特仕版 TUF Gaming F16 FX607VU 16吋電競筆電（C5-210H/32G/2.5T/RTX4050）,56599,False,False,True,False,https://www.momoshop.com.tw/TP/TP0002753/goodsDetail/TP00027530005209,2026-10-06
FX607VU,,,TP00027530005211,【ASUS 華碩】特仕版 TUF Gaming F16 FX607VU 16吋電競筆電（C5-210H/48G/512G/RTX4050）,53599,False,False,True,False,https://www.momoshop.com.tw/TP/TP0002753/goodsDetail/TP00027530005211,2026-10-06
FX607VU,,,15173532,【ASUS 華碩】特仕版 16吋筆電(TUF Gaming FX607VU/Core 5 210H/16G+16G/512G+1TB/RTX4050/W11),52499,True,False,True,False,https://www.momoshop.com.tw/goods/GoodsDetail.jsp?i_code=15173532,2026-10-06
FX607VU,,,TP00027530005212,【ASUS 華碩】特仕版 TUF Gaming F16 FX607VU 16吋電競筆電（C5-210H/48G/1T/RTX4050）,55599,False,False,True,False,https://www.momoshop.com.tw/TP/TP0002753/goodsDetail/TP00027530005212,2026-10-06
FX607VU,,,15173539,【ASUS 華碩】特仕版 16吋筆電(TUF Gaming FX607VU/Core 5 210H/16G+16G/512G+2TB/RTX4050/W11),56499,True,False,True,False,https://www.momoshop.com.tw/goods/GoodsDetail.jsp?i_code=15173539,2026-10-06
FX607VU,,,TP00027530005213,【ASUS 華碩】特仕版 TUF Gaming F16 FX607VU 16吋電競筆電（C5-210H/48G/1.5T/RTX4050）,58599,False,False,True,False,https://www.momoshop.com.tw/TP/TP0002753/goodsDetail/TP00027530005213,2026-10-06
FX607VU,,,15135454,【ASUS 華碩】特仕版 16吋電競筆電(FX607VU-0103A210H/Core5-210H/16G+16G/512G+1TB SSD/RTX4050/Win11),51999,True,False,True,False,https://www.momoshop.com.tw/goods/GoodsDetail.jsp?i_code=15135454,2026-10-06
FX607VU,,,TP00027530005215,【ASUS 華碩】特仕版 TUF Gaming F16 FX607VU 16吋電競筆電（C5-210H/48G/4.5T/RTX4050）,70599,False,False,True,False,https://www.momoshop.com.tw/TP/TP0002753/goodsDetail/TP00027530005215,2026-10-06
FX607VU,,,TP00027530005216,【ASUS 華碩】特仕版 TUF Gaming F16 FX607VU 16吋電競筆電（C5-210H/64G/512G/RTX4050）,61099,False,False,True,False,https://www.momoshop.com.tw/TP/TP0002753/goodsDetail/TP00027530005216,2026-10-06
FX607VU,,,TP00027530005217,【ASUS 華碩】特仕版 TUF Gaming F16 FX607VU 16吋電競筆電（C5-210H/64G/1T/RTX4050）,63599,False,False,True,False,https://www.momoshop.com.tw/TP/TP0002753/goodsDetail/TP00027530005217,2026-10-06
FX607VU,,,TP00027530005219,【ASUS 華碩】特仕版 TUF Gaming F16 FX607VU 16吋電競筆電（C5-210H/64G/2.5T/RTX4050）,69599,False,False,True,False,https://www.momoshop.com.tw/TP/TP0002753/goodsDetail/TP00027530005219,2026-10-06
FX607VU,,,TP00027900001688,【ASUS 華碩】TUF FX607VU-0103A210H〈月影灰〉C5/4050/16吋 電競筆電,39999,False,False,False,False,https://www.momoshop.com.tw/TP/TP0002790/goodsDetail/TP00027900001688,2026-10-06
FX607VU,,,TP00027530005210,【ASUS 華碩】特仕版 TUF Gaming F16 FX607VU 16吋電競筆電（C5-210H/32G/4.5T/RTX4050）,65599,False,False,True,False,https://www.momoshop.com.tw/TP/TP0002753/goodsDetail/TP00027530005210,2026-10-06
FX607VU,,,TP00027530005214,【ASUS 華碩】特仕版 TUF Gaming F16 FX607VU 16吋電競筆電（C5-210H/48G/2.5T/RTX4050）,61599,False,False,True,False,https://www.momoshop.com.tw/TP/TP0002753/goodsDetail/TP00027530005214,2026-10-06
FX607VU,,,15135480,【ASUS 華碩】特仕版 16吋電競筆電(FX607VU-0103A210H/Core5-210H/16G+16G/512G+2TB SSD/RTX4050/Win11),55999,True,False,True,False,https://www.momoshop.com.tw/goods/GoodsDetail.jsp?i_code=15135480,2026-10-06
FX607VU,,,TP00027350005935,【ASUS 華碩】特仕版16吋電競(FX607VU/Core 5 210H/16G/512G/RTX4050/W11)多規,39999,False,False,True,False,https://www.momoshop.com.tw/TP/TP0002735/goodsDetail/TP00027350005935,2026-10-06
FX607VU,,,TP00027530005218,【ASUS 華碩】特仕版 TUF Gaming F16 FX607VU 16吋電競筆電（C5-210H/64G/1.5T/RTX4050）,65599,False,False,True,False,https://www.momoshop.com.tw/TP/TP0002753/goodsDetail/TP00027530005218,2026-10-06
FX607VU,,,TP00027350005962,【ASUS 華碩】特仕版16吋電競(FX607VU/Core 5 210H/16G+8G/512G+512G/RTX4050/W11),47499,False,False,True,False,https://www.momoshop.com.tw/TP/TP0002735/goodsDetail/TP00027350005962,2026-10-06
FX607VU,,,TP00027530005220,【ASUS 華碩】特仕版 TUF Gaming F16 FX607VU 16吋電競筆電（C5-210H/64G/4.5T/RTX4050）,78599,False,False,True,False,https://www.momoshop.com.tw/TP/TP0002753/goodsDetail/TP00027530005220,2026-10-06
FX607VU,,,TP00027350005942,【ASUS 華碩】特仕版16吋電競(FX607VU/Core 5 210H/16G+8G/512G/RTX4050/W11),44499,False,False,True,False,https://www.momoshop.com.tw/TP/TP0002735/goodsDetail/TP00027350005942,2026-10-06
FX607VU,,,TP00027350005959,【ASUS 華碩】特仕版16吋電競(FX607VU/Core 5 210H/16G+16G/512G/RTX4050/W11),47499,False,False,True,False,https://www.momoshop.com.tw/TP/TP0002735/goodsDetail/TP00027350005959,2026-10-06
FX607VU,,,TP00064080001091,【ASUS 華碩】特仕款 F16 RTX4050電競筆電(FX607VU/Core 5-210H/16+16G/512G+1TB/W11),58990,False,False,True,False,https://www.momoshop.com.tw/TP/TP0006408/goodsDetail/TP00064080001091,2026-10-06
FX607VU,,,TP00027350005963,【ASUS 華碩】特仕版16吋電競(FX607VU/Core 5 210H/16G+16G/512G+512G/RTX4050/W11),50499,False,False,True,False,https://www.momoshop.com.tw/TP/TP0002735/goodsDetail/TP00027350005963,2026-10-06
FX607VU,,,TP00064080001206,【ASUS 華碩】特仕款 F16 RTX4050電競筆電(FX607VU/Core 5-210H/32+32G/512G+2TB/W11),87990,False,False,True,False,https://www.momoshop.com.tw/TP/TP0006408/goodsDetail/TP00064080001206,2026-10-06
FX607VU,,,TP00027350005966,【ASUS 華碩】特仕版16吋電競(FX607VU/Core 5 210H/16G+8G/512G+1TB/RTX4050/W11),49499,False,False,True,False,https://www.momoshop.com.tw/TP/TP0002735/goodsDetail/TP00027350005966,2026-10-06
FX607VU,,,TP00004400000615,【ASUS 華碩】特仕版 直升32G 1.5T SSD FX607VU/C5 210H/32G/512G+1T/RTX4050/W11/灰,53499,False,False,True,False,https://www.momoshop.com.tw/TP/TP0000440/goodsDetail/TP00004400000615,2026-10-06
FX607VU,,,TP00027350005960,【ASUS 華碩】特仕版16吋電競(FX607VU/Core 5 210H/16G+32G/512G/RTX4050/W11),52999,False,False,True,False,https://www.momoshop.com.tw/TP/TP0002735/goodsDetail/TP00027350005960,2026-10-06
FX607VU,,,TP00027350005961,【ASUS 華碩】特仕版16吋電競(FX607VU/Core 5 210H/32G+32G/512G/RTX4050/W11),64999,False,False,True,False,https://www.momoshop.com.tw/TP/TP0002735/goodsDetail/TP00027350005961,2026-10-06
FX607VU,,,TP00027350005964,【ASUS 華碩】特仕版16吋電競(FX607VU/Core 5 210H/16G+32G/512G+512G/RTX4050/W11),55999,False,False,True,False,https://www.momoshop.com.tw/TP/TP0002735/goodsDetail/TP00027350005964,2026-10-06
FX607VU,,,TP00027350005965,【ASUS 華碩】特仕版16吋電競(FX607VU/Core 5 210H/32G+32G/512G+512G/RTX4050/W11),67999,False,False,True,False,https://www.momoshop.com.tw/TP/TP0002735/goodsDetail/TP00027350005965,2026-10-06
FX607VU,,,TP00027350005967,【ASUS 華碩】特仕版16吋電競(FX607VU/Core 5 210H/16G+16G/512G+1TB/RTX4050/W11),52499,False,False,True,False,https://www.momoshop.com.tw/TP/TP0002735/goodsDetail/TP00027350005967,2026-10-06
FX607VU,,,TP00027350005968,【ASUS 華碩】特仕版16吋電競(FX607VU/Core 5 210H/16G+32G/512G+1TB/RTX4050/W11),57999,False,False,True,False,https://www.momoshop.com.tw/TP/TP0002735/goodsDetail/TP00027350005968,2026-10-06
FX607VU,,,TP00027350005969,【ASUS 華碩】特仕版16吋電競(FX607VU/Core 5 210H/32G+32G/512G+1TB/RTX4050/W11),69999,False,False,True,False,https://www.momoshop.com.tw/TP/TP0002735/goodsDetail/TP00027350005969,2026-10-06
FX607VU,,,TP00027350005970,【ASUS 華碩】特仕版16吋電競(FX607VU/Core 5 210H/16G+8G/512G+2TB/RTX4050/W11),53499,False,False,True,False,https://www.momoshop.com.tw/TP/TP0002735/goodsDetail/TP00027350005970,2026-10-06
FX607VU,,,TP00064080001076,【ASUS 華碩】特仕款 F16 RTX4050獨顯 電競筆電 (FX607VU/Core 5-210H/16G+8G/512G/W11),45990,False,False,True,False,https://www.momoshop.com.tw/TP/TP0006408/goodsDetail/TP00064080001076,2026-10-06
FX607VU,,,TP00027350005971,【ASUS 華碩】特仕版16吋電競(FX607VU/Core 5 210H/16G+16G/512G+2TB/RTX4050/W11),56499,False,False,True,False,https://www.momoshop.com.tw/TP/TP0002735/goodsDetail/TP00027350005971,2026-10-06
FX607VU,,,TP00064080001081,【ASUS 華碩】特仕款 F16 RTX4050獨顯 電競筆電 (FX607VU/Core 5-210H/16+16G/512G/W11),49990,False,False,True,False,https://www.momoshop.com.tw/TP/TP0006408/goodsDetail/TP00064080001081,2026-10-06
FX607VU,,,TP00027350005972,【ASUS 華碩】特仕版16吋電競(FX607VU/Core 5 210H/16G+32G/512G+2TB/RTX4050/W11),61999,False,False,True,False,https://www.momoshop.com.tw/TP/TP0002735/goodsDetail/TP00027350005972,2026-10-06
FX607VU,,,TP00064080001082,【ASUS 華碩】特仕款 F16 RTX4050獨顯 電競筆電 (FX607VU/Core 5-210H/16+32G/512G/W11),56990,False,False,True,False,https://www.momoshop.com.tw/TP/TP0006408/goodsDetail/TP00064080001082,2026-10-06
FX607VU,,,TP00027350005973,【ASUS 華碩】特仕版16吋電競(FX607VU/Core 5 210H/32G+32G/512G+2TB/RTX4050/W11),73999,False,False,True,False,https://www.momoshop.com.tw/TP/TP0002735/goodsDetail/TP00027350005973,2026-10-06
FX607VU,,,TP00064080001083,【ASUS 華碩】特仕款 F16 RTX4050獨顯 電競筆電 (FX607VU/Core 5-210H/32+32G/512G/W11),73990,False,False,True,False,https://www.momoshop.com.tw/TP/TP0006408/goodsDetail/TP00064080001083,2026-10-06
FX607VU,,,TP00064080001084,【ASUS 華碩】特仕款 F16 RTX4050 電競筆電 (FX607VU/Core 5-210H/16G/512G+512G/W11),44990,False,False,True,False,https://www.momoshop.com.tw/TP/TP0006408/goodsDetail/TP00064080001084,2026-10-06
FX607VU,,,TP00064080001085,【ASUS 華碩】特仕款 F16 RTX4050 電競筆電 (FX607VU/Core 5-210H/16G/512GB+1TB/W11),48990,False,False,True,False,https://www.momoshop.com.tw/TP/TP0006408/goodsDetail/TP00064080001085,2026-10-06
FX607VU,,,TP00064080001086,【ASUS 華碩】特仕款 F16 RTX4050 電競筆電 (FX607VU/Core 5-210H/16G/512GB+2TB/W11),53990,False,False,True,False,https://www.momoshop.com.tw/TP/TP0006408/goodsDetail/TP00064080001086,2026-10-06
FX607VU,,,TP00064080001087,【ASUS 華碩】特仕款 F16 RTX4050 電競筆電(FX607VU/Core 5-210H/16+8G/512+512G/W11),50990,False,False,True,False,https://www.momoshop.com.tw/TP/TP0006408/goodsDetail/TP00064080001087,2026-10-06
FX607VU,,,TP00064080001088,【ASUS 華碩】特仕款 F16 RTX4050 電競筆電(FX607VU/Core 5-210H/16+8G/512G+1TB/W11),54990,False,False,True,False,https://www.momoshop.com.tw/TP/TP0006408/goodsDetail/TP00064080001088,2026-10-06
FX607VU,,,TP00064080001089,【ASUS 華碩】特仕款 F16 RTX4050 電競筆電(FX607VU/Core 5-210H/16+8G/512G+2TB/W11),59990,False,False,True,False,https://www.momoshop.com.tw/TP/TP0006408/goodsDetail/TP00064080001089,2026-10-06
FX607VU,,,TP00064080001090,【ASUS 華碩】特仕款 F16 RTX4050電競筆電(FX607VU/Core 5-210H/16+16G/512+512G/W11),54990,False,False,True,False,https://www.momoshop.com.tw/TP/TP0006408/goodsDetail/TP00064080001090,2026-10-06
FX607VU,,,TP00064080001200,【ASUS 華碩】特仕款 F16 RTX4050電競筆電(FX607VU/Core 5-210H/16+16G/512G+2TB/W11),63990,False,False,True,False,https://www.momoshop.com.tw/TP/TP0006408/goodsDetail/TP00064080001200,2026-10-06
FX607VU,,,TP00064080001201,【ASUS 華碩】特仕款 F16 RTX4050電競筆電(FX607VU/Core 5-210H/16+32G/512+512G/W11),61990,False,False,True,False,https://www.momoshop.com.tw/TP/TP0006408/goodsDetail/TP00064080001201,2026-10-06
FX607VU,,,TP00064080001202,【ASUS 華碩】特仕款 F16 RTX4050電競筆電(FX607VU/Core 5-210H/16+32G/512G+1TB/W11),65990,False,False,True,False,https://www.momoshop.com.tw/TP/TP0006408/goodsDetail/TP00064080001202,2026-10-06
FX607VU,,,TP00064080001203,【ASUS 華碩】特仕款 F16 RTX4050電競筆電(FX607VU/Core 5-210H/16+32G/512G+2TB/W11),70990,False,False,True,False,https://www.momoshop.com.tw/TP/TP0006408/goodsDetail/TP00064080001203,2026-10-06
FX607VU,,,TP00064080001204,【ASUS 華碩】特仕款 F16 RTX4050電競筆電(FX607VU/Core 5-210H/32+32G/512+512G/W11),78990,False,False,True,False,https://www.momoshop.com.tw/TP/TP0006408/goodsDetail/TP00064080001204,2026-10-06
FX607VU,,,TP00064080001205,【ASUS 華碩】特仕款 F16 RTX4050電競筆電(FX607VU/Core 5-210H/32+32G/512G+1TB/W11),82990,False,False,True,False,https://www.momoshop.com.tw/TP/TP0006408/goodsDetail/TP00064080001205,2026-10-06
FX607VU,,,TP00004400000612,【ASUS 華碩】特仕版 直升1T SSD FX607VU/C5 210H/16G/512G SSD*2/RTX4050/W11/灰,42999,False,False,True,False,https://www.momoshop.com.tw/TP/TP0000440/goodsDetail/TP00004400000612,2026-10-06
FX607VU,,,TP00004400000613,【ASUS 華碩】特仕版 直升32G 1T SSD FX607VU/C5 210H/32G/512G SSD*2/RTX4050/W11,50999,False,False,True,False,https://www.momoshop.com.tw/TP/TP0000440/goodsDetail/TP00004400000613,2026-10-06
FX607VU,,,TP00004400000614,【ASUS 華碩】特仕版 直升1.5T SSD FX607VU/C5 210H/16G/512G+1T/RTX4050/W11/灰,45999,False,False,True,False,https://www.momoshop.com.tw/TP/TP0000440/goodsDetail/TP00004400000614,2026-10-06
FX608JHR,,,15411606,【ASUS 華碩】16吋i5 GeForce RTX5050電競筆電(FX608JHR-0031A14450HX/i5-14450HX/16G/512GB/W11),45999,True,False,False,False,https://www.momoshop.com.tw/goods/GoodsDetail.jsp?i_code=15411606,2026-10-06
FX608JHR,,,15631955,【ASUS 華碩】包鼠組★16吋i5 GeForce RTX5050電競筆電(FX608JHR-0031A14450HX/i5-14450HX/16G/512G/W11),45999,True,True,False,False,https://www.momoshop.com.tw/goods/GoodsDetail.jsp?i_code=15631955,2026-10-06
FX608JHR,,,15631964,【ASUS 華碩】16G記憶體組★16吋i5 GeForce RTX5050電競筆電(FX608JHR-0031A14450HX/i5-14450HX/16G/512GB),51999,True,True,False,False,https://www.momoshop.com.tw/goods/GoodsDetail.jsp?i_code=15631964,2026-10-06
FX608JHR,,,15631959,【ASUS 華碩】TUF耳機組★16吋i5 GeForce RTX5050電競筆電(FX608JHR-0031A14450HX/i5-14450HX/16G/512GB),45999,True,True,False,False,https://www.momoshop.com.tw/goods/GoodsDetail.jsp?i_code=15631959,2026-10-06
FX608JHR,,,14772850,【ASUS 華碩】特仕版 16吋筆電(TUF Gaming FX608JHR/i5-14450HX/16G+16G/512G/RTX5050/W11),51499,True,False,True,False,https://www.momoshop.com.tw/goods/GoodsDetail.jsp?i_code=14772850,2026-10-06
FX608JHR,,,14772854,【ASUS 華碩】特仕版 16吋筆電(TUF Gaming FX608JHR/i5-14450HX/16G+16G/512G+512G/RTX5050/W11),54499,True,False,True,False,https://www.momoshop.com.tw/goods/GoodsDetail.jsp?i_code=14772854,2026-10-06
FX608JHR,,,15701051,【ASUS 華碩】遊戲手把組★16吋i5 GeForce RTX5050電競筆電(FX608JHR-0031A14450HX/i5-14450HX/16G/512G),46999,True,True,False,False,https://www.momoshop.com.tw/goods/GoodsDetail.jsp?i_code=15701051,2026-10-06
FX608JHR,,,TP00064080001772,【ASUS 華碩】特仕款 F16 5050獨顯 電競筆電 (FX608JHR/i5-14450HX/16GB/512G+512G/W11),49990,False,False,True,False,https://www.momoshop.com.tw/TP/TP0006408/goodsDetail/TP00064080001772,2026-10-06
FX608JHR,,,TP00064080001773,【ASUS 華碩】特仕款 F16 電競(FX608JHR-0031A14450HX/i5-14450HX/16+8G/512GB/W11),50990,False,False,True,False,https://www.momoshop.com.tw/TP/TP0006408/goodsDetail/TP00064080001773,2026-10-06
FX608JHR,,,TP00064080001774,【ASUS 華碩】特仕款 F16 電競(FX608JHR-0031A14450HX/i5-14450HX/16+16G/512G/W11),54990,False,False,True,False,https://www.momoshop.com.tw/TP/TP0006408/goodsDetail/TP00064080001774,2026-10-06
FX608JHR,,,TP00064080001761,【ASUS 華碩】特仕款 F16 5050獨顯 電競筆電 (FX608JHR/i5-14450HX/16+32G/512G+2T/W11),75990,False,False,True,False,https://www.momoshop.com.tw/TP/TP0006408/goodsDetail/TP00064080001761,2026-10-06
FX608JHR,,,TP00064080001762,【ASUS 華碩】特仕款 F16 5050獨顯 電競筆電 (FX608JHR/i5-14450HX/16+32G/512G+1T/W11),70990,False,False,True,False,https://www.momoshop.com.tw/TP/TP0006408/goodsDetail/TP00064080001762,2026-10-06
FX608JHR,,,TP00064080001763,【ASUS 華碩】特仕款 F16 5050獨顯 電競筆電(FX608JHR/i5-14450HX/16+32G/512+512G/W11),66990,False,False,True,False,https://www.momoshop.com.tw/TP/TP0006408/goodsDetail/TP00064080001763,2026-10-06
FX608JHR,,,TP00064080001764,【ASUS 華碩】特仕款 F16 5050獨顯 電競筆電 (FX608JHR/i5-14450HX/16+16G/512G+2T/W11),68990,False,False,True,False,https://www.momoshop.com.tw/TP/TP0006408/goodsDetail/TP00064080001764,2026-10-06
FX608JHR,,,TP00064080001765,【ASUS 華碩】特仕款 F16 5050獨顯 電競筆電(FX608JHR/i5-14450HX/16G+16G/512G+1T/W11),63990,False,False,True,False,https://www.momoshop.com.tw/TP/TP0006408/goodsDetail/TP00064080001765,2026-10-06
FX608JHR,,,15704871,【ASUS 華碩】27型螢幕組★16吋i5 GeForce RTX5050電競筆電(FX608JHR-0031A14450HX/i5-14450HX/16G/512GB),47999,True,True,False,False,https://www.momoshop.com.tw/goods/GoodsDetail.jsp?i_code=15704871,2026-10-06
FX608JHR,,,TP00064080001766,【ASUS 華碩】特仕款 F16 5050獨顯 電競筆電(FX608JHR/i5-14450HX/16+16G/512+512G/W11),59990,False,False,True,False,https://www.momoshop.com.tw/TP/TP0006408/goodsDetail/TP00064080001766,2026-10-06
FX608JHR,,,TP00064080001767,【ASUS 華碩】特仕款 F16 5050獨顯 電競筆電 (FX608JHR/i5-14450HX/16G+8G/512G+1T/W11),59990,False,False,True,False,https://www.momoshop.com.tw/TP/TP0006408/goodsDetail/TP00064080001767,2026-10-06
FX608JHR,,,TP00064080001768,【ASUS 華碩】特仕款 F16 5050獨顯 電競筆電 (FX608JHR/i5-14450HX/16G+8G/512G+2T/W11),64990,False,False,True,False,https://www.momoshop.com.tw/TP/TP0006408/goodsDetail/TP00064080001768,2026-10-06
FX608JHR,,,TP00064080001769,【ASUS 華碩】特仕款 F16 5050獨顯 電競筆電(FX608JHR/i5-14450HX/16+8G/512G+512G/W11),55990,False,False,True,False,https://www.momoshop.com.tw/TP/TP0006408/goodsDetail/TP00064080001769,2026-10-06
FX608JHR,,,TP00064080001770,【ASUS 華碩】特仕款 F16 5050獨顯 電競筆電 (FX608JHR/i5-14450HX/16G/512G+1TB/W11),53990,False,False,True,False,https://www.momoshop.com.tw/TP/TP0006408/goodsDetail/TP00064080001770,2026-10-06
FX608JHR,,,TP00064080001771,【ASUS 華碩】特仕款 F16 5050獨顯 電競筆電 (FX608JHR/i5-14450HX/16GB/512GB+2TB/W11),58990,False,False,True,False,https://www.momoshop.com.tw/TP/TP0006408/goodsDetail/TP00064080001771,2026-10-06
FX608JHR,,,TP00064080001775,【ASUS 華碩】特仕款 F16 電競(FX608JHR-0031A14450HX/i5-14450HX/16+32G/512G/W11),61990,False,False,True,False,https://www.momoshop.com.tw/TP/TP0006408/goodsDetail/TP00064080001775,2026-10-06
FX608JMR,,,14169450,【ASUS 華碩】16吋i5 1TB GeForce RTX5060電競筆電(FX608JMR/i5-14450HX/16G/1T/W11),50999,True,False,False,False,https://www.momoshop.com.tw/goods/GoodsDetail.jsp?i_code=14169450,2026-10-06
FX608JMR,,,15412366,【ASUS 華碩】TUF耳機組★16吋i5 1TB GeForce RTX5060電競筆電(FX608JMR/i5-14450HX/16G/1T/W11),51999,True,True,False,False,https://www.momoshop.com.tw/goods/GoodsDetail.jsp?i_code=15412366,2026-10-06
FX608JMR,,,15412368,【ASUS 華碩】升級16G組★16吋i5 1TB GeForce RTX5060電競筆電(FX608JMR/i5-14450HX/16G/1T/W11),56999,True,True,False,False,https://www.momoshop.com.tw/goods/GoodsDetail.jsp?i_code=15412368,2026-10-06
FX608JMR,,,15701055,【ASUS 華碩】遊戲手把組★16吋i5 1TB GeForce RTX5060電競筆電(FX608JMR/i5-14450HX/16G/1T/W11),52999,True,True,False,False,https://www.momoshop.com.tw/goods/GoodsDetail.jsp?i_code=15701055,2026-10-06
FX608JMR,,,14192261,【ASUS】16吋i5 1TB GeForce RTX5060電競筆電(FX608JMR/i5-14450HX/16G/1T/W11),50999,True,False,False,False,https://www.momoshop.com.tw/goods/GoodsDetail.jsp?i_code=14192261,2026-10-06
FX608JMR,,,15704925,【ASUS 華碩】27型電競螢幕組★16吋i5 1TB GeForce RTX5060電競筆電(FX608JMR/i5-14450HX/16G/1T/W11),53999,True,True,False,False,https://www.momoshop.com.tw/goods/GoodsDetail.jsp?i_code=15704925,2026-10-06
FX608JMR,,,15412367,【ASUS 華碩】升級16G組★16吋i5 1TB GeForce RTX5060電競筆電(FX608JMR/i5-14450HX/16G/1T/W11),56999,True,True,False,False,https://www.momoshop.com.tw/goods/GoodsDetail.jsp?i_code=15412367,2026-10-06
FX608JMR,,,TP00064710000062,【ASUS 華碩】16吋TUF電競筆電 F16 (i7-14650HX/16G/1TB/RTX-5060/FX608JMR),64990,False,False,False,False,https://www.momoshop.com.tw/TP/TP0006471/goodsDetail/TP00064710000062,2026-10-06
FX610JH,,,15711106,【ASUS 華碩】包鼠組★16吋I5 RTX5050電競筆電(FX610JH-0031D14450HX/I5-14450HX/16G/512G SSD/W11),42999,True,True,False,False,https://www.momoshop.com.tw/goods/GoodsDetail.jsp?i_code=15711106,2026-10-06
FX610JH,,,15678453,【ASUS 華碩】16吋i5 RTX5050電競筆電(FX610JH-0031D14450HX/i5-14450HX/16G/512G SSD/W11),42999,True,False,False,False,https://www.momoshop.com.tw/goods/GoodsDetail.jsp?i_code=15678453,2026-10-06
FX610JH,,,15711110,【ASUS 華碩】16G記憶體組★16吋I5 RTX5050電競筆電(FX610JH-0031D14450HX/I5-14450HX/16G/512G SSD/W11),48999,True,True,False,False,https://www.momoshop.com.tw/goods/GoodsDetail.jsp?i_code=15711110,2026-10-06
FX610JH,,,15711108,【ASUS 華碩】TUF耳機組★16吋I5 RTX5050電競筆電(FX610JH-0031D14450HX/I5-14450HX/16G/512G SSD/W11),42999,True,True,False,False,https://www.momoshop.com.tw/goods/GoodsDetail.jsp?i_code=15711108,2026-10-06
FX610JH,,,15711112,【ASUS 華碩】手把組★16吋I5 RTX5050電競筆電(FX610JH-0031D14450HX/I5-14450HX/16G/512G SSD/W11),43999,True,True,False,False,https://www.momoshop.com.tw/goods/GoodsDetail.jsp?i_code=15711112,2026-10-06
FX610JH,,,15712258,【ASUS 華碩】特仕版 16吋電競筆電(TUF Gaming FX610JH/i5-14450HX/16G+16G/512G SSD/RTX5050/W11),50499,True,False,True,False,https://www.momoshop.com.tw/goods/GoodsDetail.jsp?i_code=15712258,2026-10-06
FX610JH,,,TP00027530005192,【ASUS 華碩】特仕版 TUF Gaming 16 FX610JH 16吋電競筆電（i5/32G/1T/RTX5050/W11）,52999,False,False,True,False,https://www.momoshop.com.tw/TP/TP0002753/goodsDetail/TP00027530005192,2026-10-06
FX610JH,,,TP00014390007367,【ASUS 華碩】FX610JH-0031D14450HX 16吋 i5 RTX5050 電競筆電,42999,False,False,False,False,https://www.momoshop.com.tw/TP/TP0001439/goodsDetail/TP00014390007367,2026-10-06
FX610JH,,,TP00027530005152,【ASUS 華碩】特仕版 TUF Gaming 16 FX610JH 16吋電競筆電（i5/16G/512G/RTX5050/W11）多規,42999,False,False,True,False,https://www.momoshop.com.tw/TP/TP0002753/goodsDetail/TP00027530005152,2026-10-06
FX610JH,,,TP00027530005186,【ASUS 華碩】特仕版 TUF Gaming 16 FX610JH 16吋電競筆電（i5/24G/512G/RTX5050/W11）,48299,False,False,True,False,https://www.momoshop.com.tw/TP/TP0002753/goodsDetail/TP00027530005186,2026-10-06
FX610JH,,,TP00027530005187,【ASUS 華碩】特仕版 TUF Gaming 16 FX610JH 16吋電競筆電（i5/24G/1T/RTX5050/W11）,49999,False,False,True,False,https://www.momoshop.com.tw/TP/TP0002753/goodsDetail/TP00027530005187,2026-10-06
FX610JH,,,TP00027530005188,【ASUS 華碩】特仕版 TUF Gaming 16 FX610JH 16吋電競筆電（i5/24G/1.5T/RTX5050/W11）,53499,False,False,True,False,https://www.momoshop.com.tw/TP/TP0002753/goodsDetail/TP00027530005188,2026-10-06
FX610JH,,,TP00027530005191,【ASUS 華碩】特仕版 TUF Gaming 16 FX610JH 16吋電競筆電（i5/32G/512G/RTX5050/W11）,50999,False,False,True,False,https://www.momoshop.com.tw/TP/TP0002753/goodsDetail/TP00027530005191,2026-10-06
FX610JH,,,TP00027530005193,【ASUS 華碩】特仕版 TUF Gaming 16 FX610JH 16吋電競筆電（i5/32G/1.5T/RTX5050/W11）,55999,False,False,True,False,https://www.momoshop.com.tw/TP/TP0002753/goodsDetail/TP00027530005193,2026-10-06
FX610JH,,,TP00027530005194,【ASUS 華碩】特仕版 TUF Gaming 16 FX610JH 16吋電競筆電（i5/32G/2.5T/RTX5050/W11）,58999,False,False,True,False,https://www.momoshop.com.tw/TP/TP0002753/goodsDetail/TP00027530005194,2026-10-06
FX610JH,,,TP00027530005196,【ASUS 華碩】特仕版 TUF Gaming 16 FX610JH 16吋電競筆電（i5/48G/512G/RTX5050/W11）,55999,False,False,True,False,https://www.momoshop.com.tw/TP/TP0002753/goodsDetail/TP00027530005196,2026-10-06
FX610JH,,,TP00027530005197,【ASUS 華碩】特仕版 TUF Gaming 16 FX610JH 16吋電競筆電（i5/48G/1T/RTX5050/W11）,57999,False,False,True,False,https://www.momoshop.com.tw/TP/TP0002753/goodsDetail/TP00027530005197,2026-10-06
FX610JH,,,15730773,【ASUS 華碩】特仕版 16吋電競筆電(FX610JH-0031D14450HX/i5-14450HX/16G+16G/512G SSD/RTX5050),48999,True,False,True,False,https://www.momoshop.com.tw/goods/GoodsDetail.jsp?i_code=15730773,2026-10-06
FX610JH,,,TP00027530005201,【ASUS 華碩】特仕版 TUF Gaming 16 FX610JH 16吋電競筆電（i5/64G/512G/RTX5050/W11）,65499,False,False,True,False,https://www.momoshop.com.tw/TP/TP0002753/goodsDetail/TP00027530005201,2026-10-06
FX610JH,,,15712260,【ASUS 華碩】特仕版 16吋電競筆電(TUF Gaming FX610JH/i5-14450HX/16G+16G/512G+512G SSD/RTX5050/W11),53499,True,False,True,False,https://www.momoshop.com.tw/goods/GoodsDetail.jsp?i_code=15712260,2026-10-06
FX610JH,,,15712264,【ASUS 華碩】特仕版 16吋電競筆電(TUF Gaming FX610JH/i5-14450HX/16G+16G/512G+2TB SSD/RTX5050/W11),59499,True,False,True,False,https://www.momoshop.com.tw/goods/GoodsDetail.jsp?i_code=15712264,2026-10-06
FX610JH,,,15711116,【ASUS 華碩】27型電競螢幕組★16吋I5 RTX5050電競筆電(FX610JH-0031D14450HX/I5-14450HX/16G/512G/W11),44999,True,True,False,False,https://www.momoshop.com.tw/goods/GoodsDetail.jsp?i_code=15711116,2026-10-06
FX610JH,,,15712262,【ASUS 華碩】特仕版 16吋電競筆電(TUF Gaming FX610JH/i5-14450HX/16G+16G/512G+1TB SSD/RTX5050/W11),55499,True,False,True,False,https://www.momoshop.com.tw/goods/GoodsDetail.jsp?i_code=15712262,2026-10-06
FX610JH,,,15730776,【ASUS 華碩】特仕版 16吋電競筆電(FX610JH-0031D14450HX/i5-14450HX/16G+16G/512G+512G SSD/RTX5050),51999,True,False,True,False,https://www.momoshop.com.tw/goods/GoodsDetail.jsp?i_code=15730776,2026-10-06
FX610JH,,,TP00027350007100,【ASUS 華碩】特仕版16吋電競筆電(FX610JH/i5-14450HX/16G/512G/RTX5050/W11)多規,42999,False,False,True,False,https://www.momoshop.com.tw/TP/TP0002735/goodsDetail/TP00027350007100,2026-10-06
FX610JH,,,TP00027350007101,【ASUS 華碩】特仕版16吋電競筆電(FX610JH/i5-14450HX/16G+8G/512G/RTX5050/W11),47499,False,False,True,False,https://www.momoshop.com.tw/TP/TP0002735/goodsDetail/TP00027350007101,2026-10-06
FX610JH,,,TP00027350007103,【ASUS 華碩】特仕版16吋電競筆電(FX610JH/i5-14450HX/16G+16G/512G/RTX5050/W11),50499,False,False,True,False,https://www.momoshop.com.tw/TP/TP0002735/goodsDetail/TP00027350007103,2026-10-06
FX610JH,,,TP00027350007106,【ASUS 華碩】特仕版16吋電競筆電(FX610JH/i5-14450HX/16G+8G/1TB/RTX5050/W11),50499,False,False,True,False,https://www.momoshop.com.tw/TP/TP0002735/goodsDetail/TP00027350007106,2026-10-06
FX610JH,,,TP00027350007107,【ASUS 華碩】特仕版16吋電競筆電(FX610JH/i5-14450HX/16G+16G/1TB/RTX5050/W11),53499,False,False,True,False,https://www.momoshop.com.tw/TP/TP0002735/goodsDetail/TP00027350007107,2026-10-06
FX610JH,,,TP00027350007112,【ASUS 華碩】特仕版16吋電競筆電(FX610JH/i5-14450HX/16G+32G/1.5TB/RTX5050/W11),62999,False,False,True,False,https://www.momoshop.com.tw/TP/TP0002735/goodsDetail/TP00027350007112,2026-10-06
FX610JH,,,TP00027530005189,【ASUS 華碩】特仕版 TUF Gaming 16 FX610JH 16吋電競筆電（i5/24G/2.5T/RTX5050/W11）,56399,False,False,True,False,https://www.momoshop.com.tw/TP/TP0002753/goodsDetail/TP00027530005189,2026-10-06
FX610JH,,,TP00027530005190,【ASUS 華碩】特仕版 TUF Gaming 16 FX610JH 16吋電競筆電（i5/24G/4.5T/RTX5050/W11）,65799,False,False,True,False,https://www.momoshop.com.tw/TP/TP0002753/goodsDetail/TP00027530005190,2026-10-06
FX610JH,,,TP00027530005195,【ASUS 華碩】特仕版 TUF Gaming 16 FX610JH 16吋電競筆電（i5/32G/4.5T/RTX5050/W11）,67999,False,False,True,False,https://www.momoshop.com.tw/TP/TP0002753/goodsDetail/TP00027530005195,2026-10-06
FX610JH,,,15730779,【ASUS 華碩】特仕版 16吋電競筆電(FX610JH-0031D14450HX/i5-14450HX/16G+16G/512G+1TB SSD/RTX5050),53999,True,False,True,False,https://www.momoshop.com.tw/goods/GoodsDetail.jsp?i_code=15730779,2026-10-06
FX610JH,,,TP00027530005198,【ASUS 華碩】特仕版 TUF Gaming 16 FX610JH 16吋電競筆電（i5/48G/1.5T/RTX5050/W11）,61699,False,False,True,False,https://www.momoshop.com.tw/TP/TP0002753/goodsDetail/TP00027530005198,2026-10-06
FX610JH,,,TP00027530005199,【ASUS 華碩】特仕版 TUF Gaming 16 FX610JH 16吋電競筆電（i5/48G/2.5T/RTX5050/W11）,65999,False,False,True,False,https://www.momoshop.com.tw/TP/TP0002753/goodsDetail/TP00027530005199,2026-10-06
FX610JH,,,TP00027530005200,【ASUS 華碩】特仕版 TUF Gaming 16 FX610JH 16吋電競筆電（i5/48G/4.5T/RTX5050/W11）,74999,False,False,True,False,https://www.momoshop.com.tw/TP/TP0002753/goodsDetail/TP00027530005200,2026-10-06
FX610JH,,,TP00027530005202,【ASUS 華碩】特仕版 TUF Gaming 16 FX610JH 16吋電競筆電（i5/64G/1T/RTX5050/W11）,66799,False,False,True,False,https://www.momoshop.com.tw/TP/TP0002753/goodsDetail/TP00027530005202,2026-10-06
FX610JH,,,TP00027530005203,【ASUS 華碩】特仕版 TUF Gaming 16 FX610JH 16吋電競筆電（i5/64G/1.5T/RTX5050/W11）,69999,False,False,True,False,https://www.momoshop.com.tw/TP/TP0002753/goodsDetail/TP00027530005203,2026-10-06
FX610JH,,,TP00027530005204,【ASUS 華碩】特仕版 TUF Gaming 16 FX610JH 16吋電競筆電（i5/64G/2.5T/RTX5050/W11）,72599,False,False,True,False,https://www.momoshop.com.tw/TP/TP0002753/goodsDetail/TP00027530005204,2026-10-06
FX610JH,,,TP00027530005205,【ASUS 華碩】特仕版 TUF Gaming 16 FX610JH 16吋電競筆電（i5/64G/4.5T/RTX5050/W11）,82499,False,False,True,False,https://www.momoshop.com.tw/TP/TP0002753/goodsDetail/TP00027530005205,2026-10-06
FX610JH,,,TP00027350007104,【ASUS 華碩】特仕版16吋電競筆電(FX610JH/i5-14450HX/16G+32G/512G/RTX5050/W11),57999,False,False,True,False,https://www.momoshop.com.tw/TP/TP0002735/goodsDetail/TP00027350007104,2026-10-06
FX610JH,,,TP00027350007105,【ASUS 華碩】特仕版16吋電競筆電(FX610JH/i5-14450HX/32G+32G/512G/RTX5050/W11),71999,False,False,True,False,https://www.momoshop.com.tw/TP/TP0002735/goodsDetail/TP00027350007105,2026-10-06
FX610JH,,,TP00027350007108,【ASUS 華碩】特仕版16吋電競筆電(FX610JH/i5-14450HX/16G+32G/1TB/RTX5050/W11),60999,False,False,True,False,https://www.momoshop.com.tw/TP/TP0002735/goodsDetail/TP00027350007108,2026-10-06
FX610JH,,,TP00027350007109,【ASUS 華碩】特仕版16吋電競筆電(FX610JH/i5-14450HX/32G+32G/1TB/RTX5050/W11),74999,False,False,True,False,https://www.momoshop.com.tw/TP/TP0002735/goodsDetail/TP00027350007109,2026-10-06
FX610JH,,,TP00027350007110,【ASUS 華碩】特仕版16吋電競筆電(FX610JH/i5-14450HX/16G+8G/1.5TB/RTX5050/W11),52499,False,False,True,False,https://www.momoshop.com.tw/TP/TP0002735/goodsDetail/TP00027350007110,2026-10-06
FX610JH,,,TP00027350007111,【ASUS 華碩】特仕版16吋電競筆電(FX610JH/i5-14450HX/16G+16G/1.5TB/RTX5050/W11),55499,False,False,True,False,https://www.momoshop.com.tw/TP/TP0002735/goodsDetail/TP00027350007111,2026-10-06
FX610JH,,,TP00027350007113,【ASUS 華碩】特仕版16吋電競筆電(FX610JH/i5-14450HX/32G+32G/1.5TB/RTX5050/W11),76999,False,False,True,False,https://www.momoshop.com.tw/TP/TP0002735/goodsDetail/TP00027350007113,2026-10-06
FX610JH,,,TP00027350007114,【ASUS 華碩】特仕版16吋電競筆電(FX610JH/i5-14450HX/16G+8G/2.5TB/RTX5050/W11),56499,False,False,True,False,https://www.momoshop.com.tw/TP/TP0002735/goodsDetail/TP00027350007114,2026-10-06
FX610JH,,,TP00027350007115,【ASUS 華碩】特仕版16吋電競筆電(FX610JH/i5-14450HX/16G+16G/2.5TB/RTX5050/W11),59499,False,False,True,False,https://www.momoshop.com.tw/TP/TP0002735/goodsDetail/TP00027350007115,2026-10-06
FX610JH,,,TP00027350007116,【ASUS 華碩】特仕版16吋電競筆電(FX610JH/i5-14450HX/16G+32G/2.5TB/RTX5050/W11),66999,False,False,True,False,https://www.momoshop.com.tw/TP/TP0002735/goodsDetail/TP00027350007116,2026-10-06
FX610JH,,,TP00027350007117,【ASUS 華碩】特仕版16吋電競筆電(FX610JH/i5-14450HX/32G+32G/2.5TB/RTX5050/W11),80999,False,False,True,False,https://www.momoshop.com.tw/TP/TP0002735/goodsDetail/TP00027350007117,2026-10-06
FX707VJB,,,14931812,【ASUS 華碩】17.3吋Core5 RTX3050電競筆電(FX707VJB-0032A210H/Core5-210H/16G/512G/W11),37999,True,False,False,False,https://www.momoshop.com.tw/goods/GoodsDetail.jsp?i_code=14931812,2026-10-06
FX707VJB,,,15135458,【ASUS 華碩】特仕版 17.3吋電競筆電(FX707VJB-0032A210H/Core5-210H/16G+16G/512G SSD/RTX3050/Win11),44999,True,False,True,False,https://www.momoshop.com.tw/goods/GoodsDetail.jsp?i_code=15135458,2026-10-06
FX707VJB,,,15011921,【ASUS 華碩】特仕版 17.3吋電競筆電(TUF Gaming F17 FX707VJB/Core 5 210H/16G+16G/512G/RTX3050/W11),45499,True,False,True,False,https://www.momoshop.com.tw/goods/GoodsDetail.jsp?i_code=15011921,2026-10-06
FX707VJB,,,15135457,【ASUS 華碩】特仕版 17.3吋電競筆電(FX707VJB-0032A210H/Core5-210H/16G+16G/512G+1TB SSD/RTX3050/Win11),49999,True,False,True,False,https://www.momoshop.com.tw/goods/GoodsDetail.jsp?i_code=15135457,2026-10-06
FX707VJB,,,15011928,【ASUS 華碩】特仕版 17.3吋電競筆電(TUF Gaming FX707VJB/Core 5 210H/16G+16G/512G+512G/RTX3050/W11),48499,True,False,True,False,https://www.momoshop.com.tw/goods/GoodsDetail.jsp?i_code=15011928,2026-10-06
FX707VJB,,,15701048,【ASUS 華碩】遊戲手把組★17.3吋Core5 RTX3050電競筆電(FX707VJB-0032A210H/Core5-210H/16G/512G/W11),35999,True,True,False,False,https://www.momoshop.com.tw/goods/GoodsDetail.jsp?i_code=15701048,2026-10-06
FX707VJB,,,TP00064080001400,【ASUS 華碩】特仕款 3050獨顯 17吋 TUF電競筆電 (FX707VJB/Core5-210H/16G+8G/512G/W11),41990,False,False,True,False,https://www.momoshop.com.tw/TP/TP0006408/goodsDetail/TP00064080001400,2026-10-06
FX707VJB,,,15011938,【ASUS 華碩】特仕版 17.3吋電競筆電(TUF Gaming FX707VJB/Core 5 210H/16G+16G/512G+2TB/RTX3050/W11),54499,True,False,True,False,https://www.momoshop.com.tw/goods/GoodsDetail.jsp?i_code=15011938,2026-10-06
FX707VJB,,,TP00056340007916,【ASUS 華碩】TUF Gaming F17 FX707VJB-0032A210H 月影灰 17.3吋 C5 RTX3050 電競筆電,37999,False,False,False,False,https://www.momoshop.com.tw/TP/TP0005634/goodsDetail/TP00056340007916,2026-10-06
FX707VJB,,,TP00064080001404,【ASUS 華碩】特仕款 3050獨顯 17吋 電競筆電 (FX707VJB/Core5-210H/16GB/512G+512G/W11),40990,False,False,True,False,https://www.momoshop.com.tw/TP/TP0006408/goodsDetail/TP00064080001404,2026-10-06
FX707VJB,,,15701049,【ASUS 華碩】遊戲手把組★17.3吋Core5 RTX3050電競筆電(FX707VJB-0032A210H/Core5-210H/16G/512G/W11),39999,True,True,False,False,https://www.momoshop.com.tw/goods/GoodsDetail.jsp?i_code=15701049,2026-10-06
FX707VJB,,,TP00064080001411,【ASUS 華碩】特仕款 3050獨顯 17吋電競筆電(FX707VJB/Core5-210H/16G+16G/512G+1TB/W11),54990,False,False,True,False,https://www.momoshop.com.tw/TP/TP0006408/goodsDetail/TP00064080001411,2026-10-06
FX707VJB,,,TP00027900001689,【ASUS 華碩】TUF FX707VJB-0032A210H〈機甲灰〉C5/3050/17.3吋 電競筆電,38990,False,False,False,False,https://www.momoshop.com.tw/TP/TP0002790/goodsDetail/TP00027900001689,2026-10-06
FX707VJB,,,TP00064080001412,【ASUS 華碩】特仕款 3050獨顯 17吋電競筆電(FX707VJB/Core5-210H/16G+16G/512G+2TB/W11),59990,False,False,True,False,https://www.momoshop.com.tw/TP/TP0006408/goodsDetail/TP00064080001412,2026-10-06
FX707VJB,,,TP00027530004632,【ASUS 華碩】特仕版 TUF Gaming F17 FX707VJB 17.3吋電競筆電（C5/16G/512G/RTX3050）,37999,False,False,True,False,https://www.momoshop.com.tw/TP/TP0002753/goodsDetail/TP00027530004632,2026-10-06
FX707VJB,,,TP00027350005435,【ASUS 華碩】特仕版17.3吋電競(TUF FX707VJB/Core 5 210H/64G/2.5TB/RTX3050/W11),75999,False,False,True,False,https://www.momoshop.com.tw/TP/TP0002735/goodsDetail/TP00027350005435,2026-10-06
FX707VJB,,,TP00064080001401,【ASUS 華碩】特仕款 3050獨顯 17吋 TUF電競筆電 (FX707VJB/Core5-210H/16+16G/512G/W11),46990,False,False,True,False,https://www.momoshop.com.tw/TP/TP0006408/goodsDetail/TP00064080001401,2026-10-06
FX707VJB,,,TP00064080001402,【ASUS 華碩】特仕款 3050獨顯 17吋 TUF電競筆電 (FX707VJB/Core5-210H/16+32G/512G/W11),52990,False,False,True,False,https://www.momoshop.com.tw/TP/TP0006408/goodsDetail/TP00064080001402,2026-10-06
FX707VJB,,,TP00064080001403,【ASUS 華碩】特仕款 3050獨顯 17吋 TUF電競筆電 (FX707VJB/Core5-210H/32+32G/512G/W11),69990,False,False,True,False,https://www.momoshop.com.tw/TP/TP0006408/goodsDetail/TP00064080001403,2026-10-06
FX707VJB,,,TP00064080001405,【ASUS 華碩】特仕款 3050獨顯 17吋 電競筆電 (FX707VJB/Core5-210H/16GB/512G+1TB/W11),44990,False,False,True,False,https://www.momoshop.com.tw/TP/TP0006408/goodsDetail/TP00064080001405,2026-10-06
FX707VJB,,,TP00064080001406,【ASUS 華碩】特仕款 3050獨顯 17吋 電競筆電 (FX707VJB/Core5-210H/16GB/512G+2TB/W11),49990,False,False,True,False,https://www.momoshop.com.tw/TP/TP0006408/goodsDetail/TP00064080001406,2026-10-06
FX707VJB,,,TP00064080001407,【ASUS 華碩】特仕款 3050獨顯 17吋電競筆電(FX707VJB/Core5-210H/16G+8G/512G+512G/W11),46990,False,False,True,False,https://www.momoshop.com.tw/TP/TP0006408/goodsDetail/TP00064080001407,2026-10-06
FX707VJB,,,TP00064080001408,【ASUS 華碩】特仕款 3050獨顯 17吋電競筆電 (FX707VJB/Core5-210H/16G+8G/512G+1TB/W11),50990,False,False,True,False,https://www.momoshop.com.tw/TP/TP0006408/goodsDetail/TP00064080001408,2026-10-06
FX707VJB,,,TP00064080001409,【ASUS 華碩】特仕款 3050獨顯 17吋電競筆電 (FX707VJB/Core5-210H/16G+8G/512G+2TB/W11),55990,False,False,True,False,https://www.momoshop.com.tw/TP/TP0006408/goodsDetail/TP00064080001409,2026-10-06
FX707VJB,,,TP00064080001410,【ASUS 華碩】特仕款 3050獨顯 17吋電競筆電(FX707VJB/Core5-210H/16+16G/512G+512G/W11),50990,False,False,True,False,https://www.momoshop.com.tw/TP/TP0006408/goodsDetail/TP00064080001410,2026-10-06
FX707VJB,,,TP00064080001413,【ASUS 華碩】特仕款 3050獨顯 17吋電競筆電(FX707VJB/Core5-210H/16+32G/512G+512G/W11),57990,False,False,True,False,https://www.momoshop.com.tw/TP/TP0006408/goodsDetail/TP00064080001413,2026-10-06
FX707VJB,,,TP00064080001414,【ASUS 華碩】特仕款 3050獨顯 17吋電競筆電 (FX707VJB/Core5-210H/16+32G/512G+1TB/W11),61990,False,False,True,False,https://www.momoshop.com.tw/TP/TP0006408/goodsDetail/TP00064080001414,2026-10-06
FX707VJB,,,TP00064080001415,【ASUS 華碩】特仕款 3050獨顯 17吋電競筆電 (FX707VJB/Core5-210H/16+32G/512G+2TB/W11),66990,False,False,True,False,https://www.momoshop.com.tw/TP/TP0006408/goodsDetail/TP00064080001415,2026-10-06
FX707VJB,,,TP00064080001416,【ASUS 華碩】特仕款3050獨顯17吋TUF電競筆電(FX707VJB/Core5-210H/32+32G/512+512G/W11),74990,False,False,True,False,https://www.momoshop.com.tw/TP/TP0006408/goodsDetail/TP00064080001416,2026-10-06
FX707VJB,,,TP00064080001417,【ASUS 華碩】特仕款3050獨顯17吋TUF電競筆電(FX707VJB/Core5-210H/32+32G/512G+1TB/W11),78990,False,False,True,False,https://www.momoshop.com.tw/TP/TP0006408/goodsDetail/TP00064080001417,2026-10-06
FX707VJB,,,TP00014390006810,【ASUS 華碩】TUF FX707VJB-0032A210H 17.3吋 C5 RTX3050 電競筆電,37999,False,False,False,False,https://www.momoshop.com.tw/TP/TP0001439/goodsDetail/TP00014390006810,2026-10-06
FX707VJB,,,TP00064080001418,【ASUS 華碩】特仕款3050獨顯17吋TUF電競筆電(FX707VJB/Core5-210H/32+32G/512G+2TB/W11),83990,False,False,True,False,https://www.momoshop.com.tw/TP/TP0006408/goodsDetail/TP00064080001418,2026-10-06
FX707VJB,,,TP00027350005419,【ASUS 華碩】特仕版17.3吋電競(TUF FX707VJB/Core 5 210H/16G/512G/RTX3050/W11)多規,37999,False,False,True,False,https://www.momoshop.com.tw/TP/TP0002735/goodsDetail/TP00027350005419,2026-10-06
FX707VJB,,,TP00027350005420,【ASUS 華碩】特仕版17.3吋電競(TUF FX707VJB/Core 5 210H/16G+8G/512G/RTX3050/W11),42499,False,False,True,False,https://www.momoshop.com.tw/TP/TP0002735/goodsDetail/TP00027350005420,2026-10-06
FX707VJB,,,TP00027350005421,【ASUS 華碩】特仕版17.3吋電競(TUF FX707VJB/Core 5 210H/32G/512G/RTX3050/W11),45499,False,False,True,False,https://www.momoshop.com.tw/TP/TP0002735/goodsDetail/TP00027350005421,2026-10-06
FX707VJB,,,TP00027350005424,【ASUS 華碩】特仕版17.3吋電競(TUF FX707VJB/Core 5 210H/16G+8G/1TB/RTX3050/W11),45499,False,False,True,False,https://www.momoshop.com.tw/TP/TP0002735/goodsDetail/TP00027350005424,2026-10-06
FX707VJB,,,TP00027350005427,【ASUS 華碩】特仕版17.3吋電競(TUF FX707VJB/Core 5 210H/64G/1TB SSD/RTX3050/W11),69999,False,False,True,False,https://www.momoshop.com.tw/TP/TP0002735/goodsDetail/TP00027350005427,2026-10-06
FX707VJB,,,15704864,【ASUS 華碩】27型電競螢幕組★17.3吋Core5 RTX3050電競筆電(FX707VJB-0032A210H/Core5-210H/16G/512G/W11),40999,True,True,False,False,https://www.momoshop.com.tw/goods/GoodsDetail.jsp?i_code=15704864,2026-10-06
FX707VJB,,,TP00027350005430,【ASUS 華碩】特仕版17.3吋電競(TUF FX707VJB/Core 5 210H/48G/1.5TB/RTX3050/W11),57999,False,False,True,False,https://www.momoshop.com.tw/TP/TP0002735/goodsDetail/TP00027350005430,2026-10-06
FX707VJB,,,TP00027350005422,【ASUS 華碩】特仕版17.3吋電競(TUF FX707VJB/Core 5 210H/48G/512G/RTX3050/W11),52999,False,False,True,False,https://www.momoshop.com.tw/TP/TP0002735/goodsDetail/TP00027350005422,2026-10-06
FX707VJB,,,TP00027350005423,【ASUS 華碩】特仕版17.3吋電競(TUF FX707VJB/Core 5 210H/64G/512G/RTX3050/W11),66999,False,False,True,False,https://www.momoshop.com.tw/TP/TP0002735/goodsDetail/TP00027350005423,2026-10-06
FX707VJB,,,TP00027350005425,【ASUS 華碩】特仕版17.3吋電競(TUF FX707VJB/Core 5 210H/32G/1TB SSD/RTX3050/W11),48499,False,False,True,False,https://www.momoshop.com.tw/TP/TP0002735/goodsDetail/TP00027350005425,2026-10-06
FX707VJB,,,TP00027350005426,【ASUS 華碩】特仕版17.3吋電競(TUF FX707VJB/Core 5 210H/48G/1TB SSD/RTX3050/W11),55999,False,False,True,False,https://www.momoshop.com.tw/TP/TP0002735/goodsDetail/TP00027350005426,2026-10-06
FX707VJB,,,TP00027350005428,【ASUS 華碩】特仕版17.3吋電競(TUF FX707VJB/Core 5 210H/24G/1.5TB/RTX3050/W11),47499,False,False,True,False,https://www.momoshop.com.tw/TP/TP0002735/goodsDetail/TP00027350005428,2026-10-06
FX707VJB,,,TP00027350005429,【ASUS 華碩】特仕版17.3吋電競(TUF FX707VJB/Core 5 210H/32G/1.5TB/RTX3050/W11),50499,False,False,True,False,https://www.momoshop.com.tw/TP/TP0002735/goodsDetail/TP00027350005429,2026-10-06
FX707VJB,,,TP00027350005431,【ASUS 華碩】特仕版17.3吋電競(TUF FX707VJB/Core 5 210H/64G/1.5TB/RTX3050/W11),71999,False,False,True,False,https://www.momoshop.com.tw/TP/TP0002735/goodsDetail/TP00027350005431,2026-10-06
FX707VJB,,,TP00027350005432,【ASUS 華碩】特仕版17.3吋電競(TUF FX707VJB/Core 5 210H/24G/2.5TB/RTX3050/W11),51499,False,False,True,False,https://www.momoshop.com.tw/TP/TP0002735/goodsDetail/TP00027350005432,2026-10-06
FX707VJB,,,TP00027350005433,【ASUS 華碩】特仕版17.3吋電競(TUF FX707VJB/Core 5 210H/32G/2.5TB/RTX3050/W11),54499,False,False,True,False,https://www.momoshop.com.tw/TP/TP0002735/goodsDetail/TP00027350005433,2026-10-06
FX707VJB,,,TP00027350005434,【ASUS 華碩】特仕版17.3吋電競(TUF FX707VJB/Core 5 210H/48G/2.5TB/RTX3050/W11),61999,False,False,True,False,https://www.momoshop.com.tw/TP/TP0002735/goodsDetail/TP00027350005434,2026-10-06
G614PM,G614PM-0044C8940HX-NBL/G614PM-0024C8940HX-NBL,config,15403727,【ASUS 華碩】16吋GeForce RTX 5060 R9電競筆電(G614PM/Zephyrus G16/R9-8940HX/16G/1TB/W11),67999,True,False,False,False,https://www.momoshop.com.tw/goods/GoodsDetail.jsp?i_code=15403727,2026-10-06
G614PM,G614PM-0044C8940HX-NBL/G614PM-0024C8940HX-NBL,config,15411992,【ASUS 華碩】TUF耳機組★16吋GeForce RTX 5060 R9電競筆電(G614PM/Zephyrus G16/R9-8940HX/16G/1TB/W11),68999,True,True,False,False,https://www.momoshop.com.tw/goods/GoodsDetail.jsp?i_code=15411992,2026-10-06
G614PM,G614PM-0044C8940HX-NBL/G614PM-0024C8940HX-NBL,config,15412104,【ASUS 華碩】升級16G組★16吋GeForce RTX 5060 R9電競筆電(G614PM/Zephyrus G16/R9-8940HX/16G/1TB/W11),75198,True,True,False,False,https://www.momoshop.com.tw/goods/GoodsDetail.jsp?i_code=15412104,2026-10-06
G614PM,G614PM-0044C8940HX-NBL,exact,15440019,【ASUS 華碩】特仕版 16吋電競筆電(G614PM-0044C8940HX-NBL/R9-8940HX/16G+16G/1TB SSD/RTX5060/Win11),72999,True,False,True,False,https://www.momoshop.com.tw/goods/GoodsDetail.jsp?i_code=15440019,2026-10-06
G614PM,G614PM-0044C8940HX-NBL,exact,15440020,【ASUS 華碩】特仕版 16吋電競筆電(G614PM-0044C8940HX-NBL/R9-8940HX/16G+16G/1TB+1TB SSD/RTX5060),79999,True,False,True,False,https://www.momoshop.com.tw/goods/GoodsDetail.jsp?i_code=15440020,2026-10-06
G614PM,G614PM-0044C8940HX-NBL/G614PM-0024C8940HX-NBL,config,15411993,【ASUS 華碩】包鼠組★16吋GeForce RTX 5060 R9電競筆電(G614PM/Zephyrus G16/R9-8940HX/16G/1TB/W11),68999,True,True,False,False,https://www.momoshop.com.tw/goods/GoodsDetail.jsp?i_code=15411993,2026-10-06
G614PM,,,TP00002230003205,【ASUS 華碩】特規✨ASUS華碩 ROG Strix G16 G614PM 電競筆電/R9/RTX5060/16吋,69299,False,False,False,False,https://www.momoshop.com.tw/TP/TP0000223/goodsDetail/TP00002230003205,2026-10-06
G614PM,G614PM-0044C8940HX-NBL/G614PM-0024C8940HX-NBL,config,TP00027530004920,【ASUS 華碩】特仕版 ROG Strix G16 G614PM 幻潮黑 16吋電競筆電（R9/16G/1T/RTX5060/W11）,67999,False,False,True,False,https://www.momoshop.com.tw/TP/TP0002753/goodsDetail/TP00027530004920,2026-10-06
G614PM,,,TP00027530005131,【ASUS 華碩】特仕版 ROG Strix G16 G614PM 幻潮黑 16吋電競筆電（R9/64G/1T+1T/RTX5060）,94999,False,False,True,False,https://www.momoshop.com.tw/TP/TP0002753/goodsDetail/TP00027530005131,2026-10-06
G614PM,,,TP00027530005118,【ASUS 華碩】特仕版 ROG Strix G16 G614PM 幻潮黑 16吋電競筆電（R9/32G/1T/RTX5060/W11）,74999,False,False,True,False,https://www.momoshop.com.tw/TP/TP0002753/goodsDetail/TP00027530005118,2026-10-06
G614PM,G614PM-0044C8940HX-NBL/G614PM-0024C8940HX-NBL,config,TP00027350006803,【ASUS 華碩】特仕版16吋電競(ROG Strix G614PM/R9-8940HX/16G/1TB/RTX5060/W11)多規,67999,False,False,True,False,https://www.momoshop.com.tw/TP/TP0002735/goodsDetail/TP00027350006803,2026-10-06
G614PM,,,TP00027530005119,【ASUS 華碩】特仕版 ROG Strix G16 G614PM 幻潮黑 16吋電競筆電（R9/32G/1T+512G/RTX5060）,76999,False,False,True,False,https://www.momoshop.com.tw/TP/TP0002753/goodsDetail/TP00027530005119,2026-10-06
G614PM,,,TP00027530005129,【ASUS 華碩】特仕版 ROG Strix G16 G614PM 幻潮黑 16吋電競筆電（R9/64G/1T/RTX5060/W11）,90799,False,False,True,False,https://www.momoshop.com.tw/TP/TP0002753/goodsDetail/TP00027530005129,2026-10-06
G614PM,,,TP00027530005132,【ASUS 華碩】特仕版 ROG Strix G16 G614PM 幻潮黑 16吋電競筆電（R9/64G/1T+2T/RTX5060）,97999,False,False,True,False,https://www.momoshop.com.tw/TP/TP0002753/goodsDetail/TP00027530005132,2026-10-06
G614PM,,,TP00027350006804,【ASUS 華碩】特仕版16吋電競(ROG Strix G614PM/R9-8940HX/24G/1TB/RTX5060/W11),72499,False,False,True,False,https://www.momoshop.com.tw/TP/TP0002735/goodsDetail/TP00027350006804,2026-10-06
G614PM,,,TP00027350006805,【ASUS 華碩】特仕版16吋電競(ROG Strix G614PM/R9-8940HX/32G/1TB/RTX5060/W11),75499,False,False,True,False,https://www.momoshop.com.tw/TP/TP0002735/goodsDetail/TP00027350006805,2026-10-06
G614PM,,,TP00027350006809,【ASUS 華碩】特仕版16吋電競(ROG Strix G614PM/R9-8940HX/32G/1.5TB/RTX5060/W11),78499,False,False,True,False,https://www.momoshop.com.tw/TP/TP0002735/goodsDetail/TP00027350006809,2026-10-06
G614PM,,,TP00027530005120,【ASUS 華碩】特仕版 ROG Strix G16 G614PM 幻潮黑 16吋電競筆電（R9/32G/1T+1T/RTX5060）,79999,False,False,True,False,https://www.momoshop.com.tw/TP/TP0002753/goodsDetail/TP00027530005120,2026-10-06
G614PM,,,TP00027350006814,【ASUS 華碩】特仕版16吋電競(ROG Strix G614PM/R9-8940HX/32G/2TB/RTX5060/W11),80499,False,False,True,False,https://www.momoshop.com.tw/TP/TP0002735/goodsDetail/TP00027350006814,2026-10-06
G614PM,,,TP00027530005121,【ASUS 華碩】特仕版 ROG Strix G16 G614PM 幻潮黑 16吋電競筆電（R9/32G/1T+2T/RTX5060）,82999,False,False,True,False,https://www.momoshop.com.tw/TP/TP0002753/goodsDetail/TP00027530005121,2026-10-06
G614PM,,,TP00027350006816,【ASUS 華碩】特仕版16吋電競(ROG Strix G614PM/R9-8940HX/64G/2TB/RTX5060/W11),101999,False,False,True,False,https://www.momoshop.com.tw/TP/TP0002735/goodsDetail/TP00027350006816,2026-10-06
G614PM,,,TP00027530005122,【ASUS 華碩】特仕版 ROG Strix G16 G614PM 幻潮黑 16吋電競筆電（R9/32G/1T+4T/RTX5060）,92999,False,False,True,False,https://www.momoshop.com.tw/TP/TP0002753/goodsDetail/TP00027530005122,2026-10-06
G614PM,,,TP00027350006821,【ASUS 華碩】特仕版16吋電競(ROG Strix G614PM/R9-8940HX/64G/3TB/RTX5060/W11),105999,False,False,True,False,https://www.momoshop.com.tw/TP/TP0002735/goodsDetail/TP00027350006821,2026-10-06
G614PM,,,TP00027530005123,【ASUS 華碩】特仕版 ROG Strix G16 G614PM 幻潮黑 16吋電競筆電（R9/48G/1T/RTX5060/W11）,80999,False,False,True,False,https://www.momoshop.com.tw/TP/TP0002753/goodsDetail/TP00027530005123,2026-10-06
G614PM,,,TP00027530005124,【ASUS 華碩】特仕版 ROG Strix G16 G614PM 幻潮黑 16吋電競筆電（R9/48G/1T+512G/RTX5060）,82599,False,False,True,False,https://www.momoshop.com.tw/TP/TP0002753/goodsDetail/TP00027530005124,2026-10-06
G614PM,,,TP00027530005125,【ASUS 華碩】特仕版 ROG Strix G16 G614PM 幻潮黑 16吋電競筆電（R9/48G/1T+1T/RTX5060）,85999,False,False,True,False,https://www.momoshop.com.tw/TP/TP0002753/goodsDetail/TP00027530005125,2026-10-06
G614PM,,,TP00027530005126,【ASUS 華碩】特仕版 ROG Strix G16 G614PM 幻潮黑 16吋電競筆電（R9/48G/1T+2T/RTX5060）,88499,False,False,True,False,https://www.momoshop.com.tw/TP/TP0002753/goodsDetail/TP00027530005126,2026-10-06
G614PM,,,TP00027530005127,【ASUS 華碩】特仕版 ROG Strix G16 G614PM 幻潮黑 16吋電競筆電（R9/48G/1T+4T/RTX5060）,97999,False,False,True,False,https://www.momoshop.com.tw/TP/TP0002753/goodsDetail/TP00027530005127,2026-10-06
G614PM,,,TP00027530005130,【ASUS 華碩】特仕版 ROG Strix G16 G614PM 幻潮黑 16吋電競筆電（R9/64G/1T+512G/RTX5060）,91699,False,False,True,False,https://www.momoshop.com.tw/TP/TP0002753/goodsDetail/TP00027530005130,2026-10-06
G614PM,,,TP00027530005133,【ASUS 華碩】特仕版 ROG Strix G16 G614PM 幻潮黑 16吋電競筆電（R9/64G/1T+4T/RTX5060）,106999,False,False,True,False,https://www.momoshop.com.tw/TP/TP0002753/goodsDetail/TP00027530005133,2026-10-06
G614PM,G614PM-0044C8940HX-NBL/G614PM-0024C8940HX-NBL,config,15701063,【ASUS 華碩】遊戲手把組★16吋GeForce RTX 5060 R9電競筆電(G614PM/Zephyrus G16/R9-8940HX/16G/1TB/W11),69999,True,True,False,False,https://www.momoshop.com.tw/goods/GoodsDetail.jsp?i_code=15701063,2026-10-06
G614PM,G614PM-0044C8940HX-NBL/G614PM-0024C8940HX-NBL,config,15705115,【ASUS 華碩】27型電競螢幕組★16吋GeForce RTX5060 R9電競筆電(G614PM/Zephyrus G16/R9-8940HX/16G/1T/W11,70999,True,True,False,False,https://www.momoshop.com.tw/goods/GoodsDetail.jsp?i_code=15705115,2026-10-06
G614PM,,,TP00027350006806,【ASUS 華碩】特仕版16吋電競(ROG Strix G614PM/R9-8940HX/48G/1TB/RTX5060/W11),82999,False,False,True,False,https://www.momoshop.com.tw/TP/TP0002735/goodsDetail/TP00027350006806,2026-10-06
G614PM,G614PM-0044C8940HX-NBL/G614PM-0024C8940HX-NBL,config,15412095,【ASUS 華碩】升級16G組★16吋GeForce RTX 5060 R9電競筆電(G614PM/Zephyrus G16/R9-8940HX/16G/1TB/W11),75198,True,True,False,False,https://www.momoshop.com.tw/goods/GoodsDetail.jsp?i_code=15412095,2026-10-06
G614PM,,,TP00027350006807,【ASUS 華碩】特仕版16吋電競(ROG Strix G614PM/R9-8940HX/64G/1TB/RTX5060/W11),96999,False,False,True,False,https://www.momoshop.com.tw/TP/TP0002735/goodsDetail/TP00027350006807,2026-10-06
G614PM,,,TP00027350006808,【ASUS 華碩】特仕版16吋電競(ROG Strix G614PM/R9-8940HX/24G/1.5TB/RTX5060/W11),75499,False,False,True,False,https://www.momoshop.com.tw/TP/TP0002735/goodsDetail/TP00027350006808,2026-10-06
G614PM,,,TP00027350006810,【ASUS 華碩】特仕版16吋電競(ROG Strix G614PM/R9-8940HX/48G/1.5TB/RTX5060/W11),85999,False,False,True,False,https://www.momoshop.com.tw/TP/TP0002735/goodsDetail/TP00027350006810,2026-10-06
G614PM,,,TP00027350006812,【ASUS 華碩】特仕版16吋電競(ROG Strix G614PM/R9-8940HX/64G/1.5TB/RTX5060/W11),99999,False,False,True,False,https://www.momoshop.com.tw/TP/TP0002735/goodsDetail/TP00027350006812,2026-10-06
G614PM,,,TP00027350006813,【ASUS 華碩】特仕版16吋電競(ROG Strix G614PM/R9-8940HX/24G/2TB/RTX5060/W11),77499,False,False,True,False,https://www.momoshop.com.tw/TP/TP0002735/goodsDetail/TP00027350006813,2026-10-06
G614PM,,,TP00027350006815,【ASUS 華碩】特仕版16吋電競(ROG Strix G614PM/R9-8940HX/48G/2TB/RTX5060/W11),87999,False,False,True,False,https://www.momoshop.com.tw/TP/TP0002735/goodsDetail/TP00027350006815,2026-10-06
G614PM,,,TP00027350006817,【ASUS 華碩】特仕版16吋電競(ROG Strix G614PM/R9-8940HX/24G/3TB/RTX5060/W11),81499,False,False,True,False,https://www.momoshop.com.tw/TP/TP0002735/goodsDetail/TP00027350006817,2026-10-06
G614PM,,,TP00027350006819,【ASUS 華碩】特仕版16吋電競(ROG Strix G614PM/R9-8940HX/32G/3TB/RTX5060/W11),84499,False,False,True,False,https://www.momoshop.com.tw/TP/TP0002735/goodsDetail/TP00027350006819,2026-10-06
G614PM,,,TP00027350006820,【ASUS 華碩】特仕版16吋電競(ROG Strix G614PM/R9-8940HX/48G/3TB/RTX5060/W11),91999,False,False,True,False,https://www.momoshop.com.tw/TP/TP0002735/goodsDetail/TP00027350006820,2026-10-06
G614PR,G614PR-0074C8940HX-NBL,exact,15286906,【ASUS 華碩】特仕版 16吋電競筆電(G614PR-0074C8940HX-NBL/R9-8940HX/32G+32G/1TB+2TB SSD/RTX5070Ti),109999,True,False,True,False,https://www.momoshop.com.tw/goods/GoodsDetail.jsp?i_code=15286906,2026-10-06
G614PR,,,TP00027530004939,【ASUS 華碩】特仕版 ROG Strix G16 G614PR 16吋電競筆電（R9/32G+32G/2T/RTX5070Ti）,105999,False,False,True,False,https://www.momoshop.com.tw/TP/TP0002753/goodsDetail/TP00027530004939,2026-10-06
G614PR,G614PR-0074C8940HX-NBL/G614PR-0064C8940HX-NBL/G614PR-0044C8940HX-NBL,config,TP00027530004650,【ASUS 華碩】特仕版 ROG Strix G16 G614PR 16吋電競筆電（R9/16G/1T/RTX5070Ti/WIN11）,79999,False,False,True,False,https://www.momoshop.com.tw/TP/TP0002753/goodsDetail/TP00027530004650,2026-10-06
G614PR,G614PR-0074C8940HX-NBL/G614PR-0064C8940HX-NBL/G614PR-0044C8940HX-NBL,config,15212214,【ASUS 華碩】16吋GeForce RTX 5070Ti R9電競筆電(G614PR/Strix G16/R9-8940HX/16G/1TB/W11),79999,True,False,False,False,https://www.momoshop.com.tw/goods/GoodsDetail.jsp?i_code=15212214,2026-10-06
G614PR,G614PR-0074C8940HX-NBL,exact,15249192,【ASUS 華碩】特仕版 16吋電競筆電(G614PR-0074C8940HX-NBL/R9-8940HX/16G+16G/1TB+1TB SSD/RTX5070Ti),91999,True,False,True,False,https://www.momoshop.com.tw/goods/GoodsDetail.jsp?i_code=15249192,2026-10-06
G614PR,,,TP00027530004927,【ASUS 華碩】特仕版 ROG Strix G16 G614PR 16吋電競筆電（R9/16G+16G/1T/RTX5070Ti）,87499,False,False,True,False,https://www.momoshop.com.tw/TP/TP0002753/goodsDetail/TP00027530004927,2026-10-06
G614PR,G614PR-0074C8940HX-NBL/G614PR-0064C8940HX-NBL/G614PR-0044C8940HX-NBL,config,15701069,【ASUS 華碩】遊戲手把組★16吋GeForce RTX 5070Ti R9電競筆電(G614PR/Strix G16/R9-8940HX/16G/1TB/W11),81999,True,True,False,False,https://www.momoshop.com.tw/goods/GoodsDetail.jsp?i_code=15701069,2026-10-06
G614PR,,,TP00027530004940,【ASUS 華碩】特仕版 ROG Strix G16 G614PR 16吋電競筆電（R9/32G+32G/3T/RTX5070Ti）,108999,False,False,True,False,https://www.momoshop.com.tw/TP/TP0002753/goodsDetail/TP00027530004940,2026-10-06
G614PR,G614PR-0074C8940HX-NBL/G614PR-0064C8940HX-NBL/G614PR-0044C8940HX-NBL,config,TP00027350006292,【ASUS 華碩】特仕版16吋筆電(ROG Strix G614PR/R9-8940HX/16G/1TB/RTX5070Ti/W11)多規,79999,False,False,True,False,https://www.momoshop.com.tw/TP/TP0002735/goodsDetail/TP00027350006292,2026-10-06
G614PR,,,TP00027530004934,【ASUS 華碩】特仕版 ROG Strix G16 G614PR 16吋電競筆電（R9/16G+32G/2T/RTX5070Ti）,97999,False,False,True,False,https://www.momoshop.com.tw/TP/TP0002753/goodsDetail/TP00027530004934,2026-10-06
G614PR,,,TP00027530004930,【ASUS 華碩】特仕版 ROG Strix G16 G614PR 16吋電競筆電（R9/16G+16G/3T/RTX5070Ti）,95999,False,False,True,False,https://www.momoshop.com.tw/TP/TP0002753/goodsDetail/TP00027530004930,2026-10-06
G614PR,,,TP00027530004929,【ASUS 華碩】特仕版 ROG Strix G16 G614PR 16吋電競筆電（R9/16G+16G/2T/RTX5070Ti）,91999,False,False,True,False,https://www.momoshop.com.tw/TP/TP0002753/goodsDetail/TP00027530004929,2026-10-06
G614PR,,,TP00027530004928,【ASUS 華碩】特仕版 ROG Strix G16 G614PR 16吋電競筆電（R9/16G+16G/1.5T/RTX5070Ti）,89299,False,False,True,False,https://www.momoshop.com.tw/TP/TP0002753/goodsDetail/TP00027530004928,2026-10-06
G614PR,,,TP00027530004931,【ASUS 華碩】特仕版 ROG Strix G16 G614PR 16吋電競筆電（R9/16G+16G/5T/RTX5070Ti）,104999,False,False,True,False,https://www.momoshop.com.tw/TP/TP0002753/goodsDetail/TP00027530004931,2026-10-06
G614PR,,,TP00027530004932,【ASUS 華碩】特仕版 ROG Strix G16 G614PR 16吋電競筆電（R9/16G+32G/1T/RTX5070Ti）,92999,False,False,True,False,https://www.momoshop.com.tw/TP/TP0002753/goodsDetail/TP00027530004932,2026-10-06
G614PR,,,TP00027530004933,【ASUS 華碩】特仕版 ROG Strix G16 G614PR 16吋電競筆電（R9/16G+32G/1.5T/RTX5070Ti）,94599,False,False,True,False,https://www.momoshop.com.tw/TP/TP0002753/goodsDetail/TP00027530004933,2026-10-06
G614PR,,,TP00027530004935,【ASUS 華碩】特仕版 ROG Strix G16 G614PR 16吋電競筆電（R9/16G+32G/3T/RTX5070Ti）,100999,False,False,True,False,https://www.momoshop.com.tw/TP/TP0002753/goodsDetail/TP00027530004935,2026-10-06
G614PR,,,TP00027530004936,【ASUS 華碩】特仕版 ROG Strix G16 G614PR 16吋電競筆電（R9/16G+32G/5T/RTX5070Ti）,109999,False,False,True,False,https://www.momoshop.com.tw/TP/TP0002753/goodsDetail/TP00027530004936,2026-10-06
G614PR,,,TP00027530004937,【ASUS 華碩】特仕版 ROG Strix G16 G614PR 16吋電競筆電（R9/32G+32G/1T/RTX5070Ti）,101999,False,False,True,False,https://www.momoshop.com.tw/TP/TP0002753/goodsDetail/TP00027530004937,2026-10-06
G614PR,,,TP00027530004938,【ASUS 華碩】特仕版 ROG Strix G16 G614PR 16吋電競筆電（R9/32G+32G/1.5T/RTX5070Ti）,102999,False,False,True,False,https://www.momoshop.com.tw/TP/TP0002753/goodsDetail/TP00027530004938,2026-10-06
G614PR,,,TP00027530004941,【ASUS 華碩】特仕版 ROG Strix G16 G614PR 16吋電競筆電（R9/32G+32G/5T/RTX5070Ti）,117999,False,False,True,False,https://www.momoshop.com.tw/TP/TP0002753/goodsDetail/TP00027530004941,2026-10-06
G614PR,G614PR-0074C8940HX-NBL,exact,TP00014390006545,【ASUS 華碩】ROG G614PR-0074C8940HX-NBL 16吋 R9 RTX5070Ti 電競筆電,79999,False,False,False,False,https://www.momoshop.com.tw/TP/TP0001439/goodsDetail/TP00014390006545,2026-10-06
G614PR,G614PR-0074C8940HX-NBL/G614PR-0064C8940HX-NBL/G614PR-0044C8940HX-NBL,config,15705615,【ASUS 華碩】27型電競螢幕組★16吋GeForce RTX5070Ti R9電競筆電(G614PR/Strix G16/R9-8940HX/16G/1T/W11),82999,True,True,False,False,https://www.momoshop.com.tw/goods/GoodsDetail.jsp?i_code=15705615,2026-10-06
G614PR,,,TP00064080001207,【ASUS 華碩】特仕款 G16 RTX5070 Ti 獨顯 電競筆電 (G614PR/R9-8940HX/16G+8G/1TB/W11),85990,False,False,True,False,https://www.momoshop.com.tw/TP/TP0006408/goodsDetail/TP00064080001207,2026-10-06
G614PR,G614PR-0074C8940HX-NBL,exact,TP00056340007754,【ASUS 華碩】ROG Strix G16 G614PR-0074C8940HX-NBL 幻潮黑,81999,False,False,False,False,https://www.momoshop.com.tw/TP/TP0005634/goodsDetail/TP00056340007754,2026-10-06
G614PR,,,TP00064080001208,【ASUS 華碩】特仕款 G16 RTX5070 Ti 獨顯 電競筆電 (G614PR/R9-8940HX/16+16G/1TB/W11),89990,False,False,True,False,https://www.momoshop.com.tw/TP/TP0006408/goodsDetail/TP00064080001208,2026-10-06
G614PR,,,TP00027350006294,【ASUS 華碩】特仕版16吋筆電(ROG Strix G614PR/R9-8940HX/32G/1TB/RTX5070Ti/W11),87499,False,False,True,False,https://www.momoshop.com.tw/TP/TP0002735/goodsDetail/TP00027350006294,2026-10-06
G614PR,,,TP00064080001209,【ASUS 華碩】特仕款 G16 RTX5070 Ti 獨顯 電競筆電 (G614PR/R9-8940HX/16+32G/1TB/W11),96990,False,False,True,False,https://www.momoshop.com.tw/TP/TP0006408/goodsDetail/TP00064080001209,2026-10-06
G614PR,,,TP00027350006305,【ASUS 華碩】特仕版16吋筆電(ROG Strix G614PR/R9-8940HX/64G/2TB/RTX5070Ti/W11),113999,False,False,True,False,https://www.momoshop.com.tw/TP/TP0002735/goodsDetail/TP00027350006305,2026-10-06
G614PR,,,TP00027350006293,【ASUS 華碩】特仕版16吋筆電(ROG Strix G614PR/R9-8940HX/24G/1TB/RTX5070Ti/W11),84499,False,False,True,False,https://www.momoshop.com.tw/TP/TP0002735/goodsDetail/TP00027350006293,2026-10-06
G614PR,,,TP00027350006295,【ASUS 華碩】特仕版16吋筆電(ROG Strix G614PR/R9-8940HX/48G/1TB/RTX5070Ti/W11),94999,False,False,True,False,https://www.momoshop.com.tw/TP/TP0002735/goodsDetail/TP00027350006295,2026-10-06
G614PR,,,TP00027350006296,【ASUS 華碩】特仕版16吋筆電(ROG Strix G614PR/R9-8940HX/64G/1TB/RTX5070Ti/W11),108999,False,False,True,False,https://www.momoshop.com.tw/TP/TP0002735/goodsDetail/TP00027350006296,2026-10-06
G614PR,,,TP00027350006297,【ASUS 華碩】特仕版16吋筆電(ROG Strix G614PR/R9-8940HX/24G/1.5TB/RTX5070Ti/W11),87499,False,False,True,False,https://www.momoshop.com.tw/TP/TP0002735/goodsDetail/TP00027350006297,2026-10-06
G614PR,,,TP00027350006299,【ASUS 華碩】特仕版16吋筆電(ROG Strix G614PR/R9-8940HX/32G/1.5TB/RTX5070Ti/W11),90499,False,False,True,False,https://www.momoshop.com.tw/TP/TP0002735/goodsDetail/TP00027350006299,2026-10-06
G614PR,,,TP00027350006300,【ASUS 華碩】特仕版16吋筆電(ROG Strix G614PR/R9-8940HX/48G/1.5TB/RTX5070Ti/W11),97999,False,False,True,False,https://www.momoshop.com.tw/TP/TP0002735/goodsDetail/TP00027350006300,2026-10-06
G614PR,G614PR-0074C8940HX-NBL/G614PR-0064C8940HX-NBL/G614PR-0044C8940HX-NBL,config,15308000,【ASUS 華碩】16吋GeForce RTX 5070Ti R9電競筆電(G614PR/Strix G16/R9-8940HX/16G/1TB/W11),79999,True,False,False,False,https://www.momoshop.com.tw/goods/GoodsDetail.jsp?i_code=15308000,2026-10-06
G614PR,,,TP00027350006301,【ASUS 華碩】特仕版16吋筆電(ROG Strix G614PR/R9-8940HX/64G/1.5TB/RTX5070Ti/W11),111999,False,False,True,False,https://www.momoshop.com.tw/TP/TP0002735/goodsDetail/TP00027350006301,2026-10-06
G614PR,G614PR-0074C8940HX-NBL/G614PR-0064C8940HX-NBL/G614PR-0044C8940HX-NBL,config,15412342,【ASUS 華碩】包鼠組★16吋GeForce RTX 5070Ti R9電競筆電(G614PR/Strix G16/R9-8940HX/16G/1TB/W11),80999,True,True,False,False,https://www.momoshop.com.tw/goods/GoodsDetail.jsp?i_code=15412342,2026-10-06
G614PR,,,TP00027350006302,【ASUS 華碩】特仕版16吋筆電(ROG Strix G614PR/R9-8940HX/24G/2TB/RTX5070Ti/W11),89499,False,False,True,False,https://www.momoshop.com.tw/TP/TP0002735/goodsDetail/TP00027350006302,2026-10-06
G614PR,G614PR-0074C8940HX-NBL/G614PR-0064C8940HX-NBL/G614PR-0044C8940HX-NBL,config,15412356,【ASUS 華碩】升級16G組★16吋GeForce RTX 5070Ti R9電競筆電(G614PR/Strix G16/R9-8940HX/16G/1TB/W11),85999,True,True,False,False,https://www.momoshop.com.tw/goods/GoodsDetail.jsp?i_code=15412356,2026-10-06
G614PR,,,TP00027350006303,【ASUS 華碩】特仕版16吋筆電(ROG Strix G614PR/R9-8940HX/32G/2TB/RTX5070Ti/W11),92499,False,False,True,False,https://www.momoshop.com.tw/TP/TP0002735/goodsDetail/TP00027350006303,2026-10-06
G614PR,G614PR-0074C8940HX-NBL/G614PR-0064C8940HX-NBL/G614PR-0044C8940HX-NBL,config,15412349,【ASUS 華碩】升級16G組★16吋GeForce RTX 5070Ti R9電競筆電(G614PR/Strix G16/R9-8940HX/16G/1TB/W11),85999,True,True,False,False,https://www.momoshop.com.tw/goods/GoodsDetail.jsp?i_code=15412349,2026-10-06
G614PR,,,TP00027350006304,【ASUS 華碩】特仕版16吋筆電(ROG Strix G614PR/R9-8940HX/48G/2TB/RTX5070Ti/W11),99999,False,False,True,False,https://www.momoshop.com.tw/TP/TP0002735/goodsDetail/TP00027350006304,2026-10-06
G614PR,G614PR-0074C8940HX-NBL/G614PR-0064C8940HX-NBL/G614PR-0044C8940HX-NBL,config,15412331,【ASUS 華碩】TUF耳機組★16吋GeForce RTX 5070Ti R9電競筆電(G614PR/Strix G16/R9-8940HX/16G/1TB/W11),80999,True,True,False,False,https://www.momoshop.com.tw/goods/GoodsDetail.jsp?i_code=15412331,2026-10-06
G614PR,,,TP00027350006306,【ASUS 華碩】特仕版16吋筆電(ROG Strix G614PR/R9-8940HX/24G/3TB/RTX5070Ti/W11),93499,False,False,True,False,https://www.momoshop.com.tw/TP/TP0002735/goodsDetail/TP00027350006306,2026-10-06
G614PR,G614PR-0074C8940HX-NBL/G614PR-0064C8940HX-NBL/G614PR-0044C8940HX-NBL,config,15701071,【ASUS 華碩】遊戲手把組★16吋GeForce RTX 5070Ti R9電競筆電(G614PR/Strix G16/R9-8940HX/16G/1TB/W11),81999,True,True,False,False,https://www.momoshop.com.tw/goods/GoodsDetail.jsp?i_code=15701071,2026-10-06
G614PR,,,TP00027350006307,【ASUS 華碩】特仕版16吋筆電(ROG Strix G614PR/R9-8940HX/32G/3TB/RTX5070Ti/W11),96499,False,False,True,False,https://www.momoshop.com.tw/TP/TP0002735/goodsDetail/TP00027350006307,2026-10-06
G614PR,G614PR-0074C8940HX-NBL/G614PR-0064C8940HX-NBL/G614PR-0044C8940HX-NBL,config,15705621,【ASUS 華碩】27型電競螢幕組★16吋GeForce RTX5070Ti R9電競筆電(G614PR/Strix G16/R9-8940HX/16G/1T/W11),82999,True,True,False,False,https://www.momoshop.com.tw/goods/GoodsDetail.jsp?i_code=15705621,2026-10-06
G614PR,,,TP00027350006308,【ASUS 華碩】特仕版16吋筆電(ROG Strix G614PR/R9-8940HX/48G/3TB/RTX5070Ti/W11),103999,False,False,True,False,https://www.momoshop.com.tw/TP/TP0002735/goodsDetail/TP00027350006308,2026-10-06
G614PR,,,TP00027350006309,【ASUS 華碩】特仕版16吋筆電(ROG Strix G614PR/R9-8940HX/64G/3TB/RTX5070Ti/W11),117999,False,False,True,False,https://www.momoshop.com.tw/TP/TP0002735/goodsDetail/TP00027350006309,2026-10-06
G614PR,,,TP00004400000483,【ASUS 華碩】特仕版 升級32G 2T G614PR/R9-8940HX/RTX5070Ti 12G/32G/1T*2/W11/綠,94999,False,False,True,False,https://www.momoshop.com.tw/TP/TP0000440/goodsDetail/TP00004400000483,2026-10-06
G614PR,,,TP00004400000590,【ASUS 華碩】特仕版 1.5T G614PR/R9-8940HX/RTX5070Ti 12G/16G/512G+1T/W11/黑,84999,False,False,True,False,https://www.momoshop.com.tw/TP/TP0000440/goodsDetail/TP00004400000590,2026-10-06
G614PR,,,TP00004400000589,【ASUS 華碩】特仕版 32G 1.5T G614PR/R9-8940HX/RTX5070Ti 12G/32G/512+1T/W11/黑,91999,False,False,True,False,https://www.momoshop.com.tw/TP/TP0000440/goodsDetail/TP00004400000589,2026-10-06
G614PW,G614PW-0034C8940HX-NBL,config,15212213,【ASUS 華碩】16吋GeForce RTX 5080 R9電競筆電(G614PW/Strix G16/R9-8940HX/16G/1TB/W11),95999,True,False,False,False,https://www.momoshop.com.tw/goods/GoodsDetail.jsp?i_code=15212213,2026-10-06
G614PW,G614PW-0034C8940HX-NBL,exact,15249193,【ASUS 華碩】特仕版 16吋電競筆電(G614PW-0034C8940HX-NBL/R9-8940HX/16G+16G/1TB+1TB SSD/RTX5080),107999,True,False,True,False,https://www.momoshop.com.tw/goods/GoodsDetail.jsp?i_code=15249193,2026-10-06
G614PW,,,15286434,【ASUS 華碩】特仕版 16吋電競筆電(ROG Strix G614PW/R9-8940HX/16G+16G/1TB SSD/RTX5080/W11),103499,True,False,True,False,https://www.momoshop.com.tw/goods/GoodsDetail.jsp?i_code=15286434,2026-10-06
G614PW,G614PW-0034C8940HX-NBL,config,15702636,【ASUS 華碩】遊戲手把組★16吋GeForce RTX 5080 R9電競筆電(G614PW/Strix G16/R9-8940HX/16G/1TB/W11),97999,True,True,False,False,https://www.momoshop.com.tw/goods/GoodsDetail.jsp?i_code=15702636,2026-10-06
G614PW,,,TP00027530004736,【ASUS 華碩】特仕版 ROG Strix G16 G614PW 16吋電競筆電（R9/32G+32G/2T/RTX5080/W11）,122999,False,False,True,False,https://www.momoshop.com.tw/TP/TP0002753/goodsDetail/TP00027530004736,2026-10-06
G614PW,G614PW-0034C8940HX-NBL,config,15705857,【ASUS 華碩】27型電競螢幕組★16吋GeForce RTX5080 R9電競筆電(G614PW/Strix G16/R9-8940HX/16G/1T/W11),98999,True,True,False,False,https://www.momoshop.com.tw/goods/GoodsDetail.jsp?i_code=15705857,2026-10-06
G614PW,G614PW-0034C8940HX-NBL,exact,15286907,【ASUS 華碩】特仕版 16吋電競筆電(G614PW-0034C8940HX-NBL/R9-8940HX/32G+32G/1TB+2TB SSD/RTX5080),125999,True,False,True,False,https://www.momoshop.com.tw/goods/GoodsDetail.jsp?i_code=15286907,2026-10-06
G614PW,G614PW-0034C8940HX-NBL,config,TP00027530004649,【ASUS 華碩】特仕版 ROG Strix G16 G614PW 16吋電競筆電（R9/16G/1T/RTX5080/WIN11）,95999,False,False,True,False,https://www.momoshop.com.tw/TP/TP0002753/goodsDetail/TP00027530004649,2026-10-06
G614PW,,,TP00027350006291,【ASUS 華碩】特仕版16吋筆電(ROG Strix G614PW/R9-8940HX/64G/3TB/RTX5080/W11),133999,False,False,True,False,https://www.momoshop.com.tw/TP/TP0002735/goodsDetail/TP00027350006291,2026-10-06
G614PW,,,TP00027530004725,【ASUS 華碩】特仕版 ROG Strix G16 G614PW 16吋電競筆電（R9/32G/1T+512G/RTX5080/W11）,106999,False,False,True,False,https://www.momoshop.com.tw/TP/TP0002753/goodsDetail/TP00027530004725,2026-10-06
G614PW,,,TP00027530004737,【ASUS 華碩】特仕版 ROG Strix G16 G614PW 16吋電競筆電（R9/32G+32G/3T/RTX5080/W11）,125999,False,False,True,False,https://www.momoshop.com.tw/TP/TP0002753/goodsDetail/TP00027530004737,2026-10-06
G614PW,,,TP00027530004738,【ASUS 華碩】特仕版 ROG Strix G16 G614PW 16吋電競筆電（R9/32G+32G/5T/RTX5080/W11）,136999,False,False,True,False,https://www.momoshop.com.tw/TP/TP0002753/goodsDetail/TP00027530004738,2026-10-06
G614PW,,,TP00027530004724,【ASUS 華碩】特仕版 ROG Strix G16 G614PW 16吋電競筆電（R9/16G+16G/1T/RTX5080/W11）,103999,False,False,True,False,https://www.momoshop.com.tw/TP/TP0002753/goodsDetail/TP00027530004724,2026-10-06
G614PW,G614PW-0034C8940HX-NBL,config,TP00027350006274,【ASUS 華碩】特仕版16吋筆電(ROG Strix G614PW/R9-8940HX/16G/1TB/RTX5080/W11)多規,95999,False,False,True,False,https://www.momoshop.com.tw/TP/TP0002735/goodsDetail/TP00027350006274,2026-10-06
G614PW,,,TP00027530004726,【ASUS 華碩】特仕版 ROG Strix G16 G614PW 16吋電競筆電（R9/16G+16G/2T/RTX5080/W11）,108999,False,False,True,False,https://www.momoshop.com.tw/TP/TP0002753/goodsDetail/TP00027530004726,2026-10-06
G614PW,,,TP00027530004727,【ASUS 華碩】特仕版 ROG Strix G16 G614PW 16吋電競筆電（R9/16G+16G/3T/RTX5080/W11）,112999,False,False,True,False,https://www.momoshop.com.tw/TP/TP0002753/goodsDetail/TP00027530004727,2026-10-06
G614PW,,,TP00027530004728,【ASUS 華碩】特仕版 ROG Strix G16 G614PW 16吋電競筆電（R9/16G+16G/5T/RTX5080/W11）,121799,False,False,True,False,https://www.momoshop.com.tw/TP/TP0002753/goodsDetail/TP00027530004728,2026-10-06
G614PW,,,TP00027530004729,【ASUS 華碩】特仕版 ROG Strix G16 G614PW 16吋電競筆電（R9/16G+32G/1T/RTX5080/W11）,110999,False,False,True,False,https://www.momoshop.com.tw/TP/TP0002753/goodsDetail/TP00027530004729,2026-10-06
G614PW,,,TP00027530004730,【ASUS 華碩】特仕版 ROG Strix G16 G614PW 16吋電競筆電（R9/48G/1T+512G/RTX5080/W11）,112799,False,False,True,False,https://www.momoshop.com.tw/TP/TP0002753/goodsDetail/TP00027530004730,2026-10-06
G614PW,,,TP00027530004731,【ASUS 華碩】特仕版 ROG Strix G16 G614PW 16吋電競筆電（R9/16G+32G/2T/RTX5080/W11）,115999,False,False,True,False,https://www.momoshop.com.tw/TP/TP0002753/goodsDetail/TP00027530004731,2026-10-06
G614PW,,,TP00027530004732,【ASUS 華碩】特仕版 ROG Strix G16 G614PW 16吋電競筆電（R9/16G+32G/3T/RTX5080/W11）,118999,False,False,True,False,https://www.momoshop.com.tw/TP/TP0002753/goodsDetail/TP00027530004732,2026-10-06
G614PW,,,TP00027530004733,【ASUS 華碩】特仕版 ROG Strix G16 G614PW 16吋電競筆電（R9/16G+32G/5T/RTX5080/W11）,127999,False,False,True,False,https://www.momoshop.com.tw/TP/TP0002753/goodsDetail/TP00027530004733,2026-10-06
G614PW,,,TP00027530004734,【ASUS 華碩】特仕版 ROG Strix G16 G614PW 16吋電競筆電（R9/32G+32G/1T/RTX5080/W11）,118999,False,False,True,False,https://www.momoshop.com.tw/TP/TP0002753/goodsDetail/TP00027530004734,2026-10-06
G614PW,,,TP00027530004735,【ASUS 華碩】特仕版 ROG Strix G16 G614PW 16吋電競筆電（R9/64G/1T+512G/RTX5080/W11）,120999,False,False,True,False,https://www.momoshop.com.tw/TP/TP0002753/goodsDetail/TP00027530004735,2026-10-06
G614PW,,,TP00027350006275,【ASUS 華碩】特仕版16吋筆電(ROG Strix G614PW/R9-8940HX/16G+8G/1TB/RTX5080/W11),100499,False,False,True,False,https://www.momoshop.com.tw/TP/TP0002735/goodsDetail/TP00027350006275,2026-10-06
G614PW,,,TP00027350006276,【ASUS 華碩】特仕版16吋筆電(ROG Strix G614PW/R9-8940HX/16G+16G/1TB/RTX5080/W11),103499,False,False,True,False,https://www.momoshop.com.tw/TP/TP0002735/goodsDetail/TP00027350006276,2026-10-06
G614PW,,,TP00027350006277,【ASUS 華碩】特仕版16吋筆電(ROG Strix G614PW/R9-8940HX/16G+32G/1TB/RTX5080/W11),110999,False,False,True,False,https://www.momoshop.com.tw/TP/TP0002735/goodsDetail/TP00027350006277,2026-10-06
G614PW,,,TP00027350006278,【ASUS 華碩】特仕版16吋筆電(ROG Strix G614PW/R9-8940HX/32G+32G/1TB/RTX5080/W11),124999,False,False,True,False,https://www.momoshop.com.tw/TP/TP0002735/goodsDetail/TP00027350006278,2026-10-06
G614PW,,,TP00027350006279,【ASUS 華碩】特仕版16吋筆電(ROG Strix G614PW/R9-8940HX/24G/1.5TB/RTX5080/W11),103499,False,False,True,False,https://www.momoshop.com.tw/TP/TP0002735/goodsDetail/TP00027350006279,2026-10-06
G614PW,,,TP00027350006280,【ASUS 華碩】特仕版16吋筆電(ROG Strix G614PW/R9-8940HX/32G/1.5TB/RTX5080/W11),106499,False,False,True,False,https://www.momoshop.com.tw/TP/TP0002735/goodsDetail/TP00027350006280,2026-10-06
G614PW,,,TP00027350006281,【ASUS 華碩】特仕版16吋筆電(ROG Strix G614PW/R9-8940HX/48G/1.5TB/RTX5080/W11),113999,False,False,True,False,https://www.momoshop.com.tw/TP/TP0002735/goodsDetail/TP00027350006281,2026-10-06
G614PW,,,TP00027350006282,【ASUS 華碩】特仕版16吋筆電(ROG Strix G614PW/R9-8940HX/64G/1.5TB/RTX5080/W11),127999,False,False,True,False,https://www.momoshop.com.tw/TP/TP0002735/goodsDetail/TP00027350006282,2026-10-06
G614PW,,,TP00027350006283,【ASUS 華碩】特仕版16吋筆電(ROG Strix G614PW/R9-8940HX/24G/2TB/RTX5080/W11),105499,False,False,True,False,https://www.momoshop.com.tw/TP/TP0002735/goodsDetail/TP00027350006283,2026-10-06
G614PW,,,TP00027350006284,【ASUS 華碩】特仕版16吋筆電(ROG Strix G614PW/R9-8940HX/32G/2TB/RTX5080/W11),108499,False,False,True,False,https://www.momoshop.com.tw/TP/TP0002735/goodsDetail/TP00027350006284,2026-10-06
G614PW,,,TP00027350006285,【ASUS 華碩】特仕版16吋筆電(ROG Strix G614PW/R9-8940HX/48G/2TB/RTX5080/W11),115999,False,False,True,False,https://www.momoshop.com.tw/TP/TP0002735/goodsDetail/TP00027350006285,2026-10-06
G614PW,,,TP00027350006286,【ASUS 華碩】特仕版16吋筆電(ROG Strix G614PW/R9-8940HX/64G/2TB/RTX5080/W11),129999,False,False,True,False,https://www.momoshop.com.tw/TP/TP0002735/goodsDetail/TP00027350006286,2026-10-06
G614PW,,,TP00064080001210,【ASUS 華碩】特仕款 G16 RTX 5080獨顯 電競筆電 (G614PW/R9-8940HX/16G+8G/1TB/W11),101990,False,False,True,False,https://www.momoshop.com.tw/TP/TP0006408/goodsDetail/TP00064080001210,2026-10-06
G614PW,,,TP00027350006287,【ASUS 華碩】特仕版16吋筆電(ROG Strix G614PW/R9-8940HX/24G/3TB/RTX5080/W11),109499,False,False,True,False,https://www.momoshop.com.tw/TP/TP0002735/goodsDetail/TP00027350006287,2026-10-06
G614PW,,,TP00064080001211,【ASUS 華碩】特仕款 G16 RTX 5080獨顯 電競筆電 (G614PW/R9-8940HX/16G+16G/1TB/W11),105990,False,False,True,False,https://www.momoshop.com.tw/TP/TP0006408/goodsDetail/TP00064080001211,2026-10-06
G614PW,,,TP00027350006288,【ASUS 華碩】特仕版16吋筆電(ROG Strix G614PW/R9-8940HX/32G/3TB/RTX5080/W11),112499,False,False,True,False,https://www.momoshop.com.tw/TP/TP0002735/goodsDetail/TP00027350006288,2026-10-06
G614PW,,,TP00064080001212,【ASUS 華碩】特仕款 G16 RTX 5080獨顯 電競筆電 (G614PW/R9-8940HX/16G+32G/1TB/W11),112990,False,False,True,False,https://www.momoshop.com.tw/TP/TP0006408/goodsDetail/TP00064080001212,2026-10-06
G614PW,,,TP00027350006289,【ASUS 華碩】特仕版16吋筆電(ROG Strix G614PW/R9-8940HX/48G/3TB/RTX5080/W11),119999,False,False,True,False,https://www.momoshop.com.tw/TP/TP0002735/goodsDetail/TP00027350006289,2026-10-06
G614PW,,,TP00004400000658,【ASUS 華碩】特仕版 升級32G 2T G614PW/R9-8940HX/RTX5080 16G/32G/1T*2/W11/黑,110999,False,False,True,False,https://www.momoshop.com.tw/TP/TP0000440/goodsDetail/TP00004400000658,2026-10-06
G614PW,,,TP00004400000659,【ASUS 華碩】特仕版 升級32G G614PW/R9-8940HX/RTX5080 16G/32G/1T/W11/黑,105999,False,False,True,False,https://www.momoshop.com.tw/TP/TP0000440/goodsDetail/TP00004400000659,2026-10-06
G615JPR,G615JPR-0051G14900HX-NBL,exact,15214862,【ASUS 華碩】包鼠組★16吋 i9 GeForce RTX5070電競筆電(G615JPR-0051G14900HX-NBL/i9-14900HX/16G/1T),64999,True,True,False,False,https://www.momoshop.com.tw/goods/GoodsDetail.jsp?i_code=15214862,2026-10-06
G615LW,G615LW-0051G275HX-NBL,exact,15216809,【ASUS 華碩】包鼠組★16吋Ultra9 GeForce RTX5080電競AI筆電(G615LW-0051G275HX-NBL/Ultra 9-275HX/16G/1T,87999,True,True,False,False,https://www.momoshop.com.tw/goods/GoodsDetail.jsp?i_code=15216809,2026-10-06
G814PP,G814PP-0034C8940HX-NBL/G814PP-0064C8940HX-NBL,config,15412303,【ASUS 華碩】包鼠組★18吋GeForce RTX 5070 R9電競筆電(G814PP/Strix G18/R9-8940HX/16G/1TB/W11),75999,True,True,False,False,https://www.momoshop.com.tw/goods/GoodsDetail.jsp?i_code=15412303,2026-10-06
G814PP,,,15301213,【ASUS 華碩】特仕版18吋筆電(ROG Strix G814PP/R9-8940HX/16G+16G/1TB SSD/RTX5070/W11),83499,True,False,True,False,https://www.momoshop.com.tw/goods/GoodsDetail.jsp?i_code=15301213,2026-10-06
G814PP,G814PP-0034C8940HX-NBL/G814PP-0064C8940HX-NBL,config,15212216,【ASUS 華碩】18吋GeForce RTX 5070 R9電競筆電(G814PP/Strix G18/R9-8940HX/16G/1TB/W11),75999,True,False,False,False,https://www.momoshop.com.tw/goods/GoodsDetail.jsp?i_code=15212216,2026-10-06
G814PP,,,15301212,【ASUS 華碩】特仕版18吋筆電(ROG Strix G814PP/R9-8940HX/16G+16G/1TB+1TB SSD/RTX5070/W11),88499,True,False,True,False,https://www.momoshop.com.tw/goods/GoodsDetail.jsp?i_code=15301212,2026-10-06
G814PP,G814PP-0064C8940HX-NBL,exact,15286438,【ASUS 華碩】特仕版 18吋電競筆電(G814PP-0064C8940HX-NBL/R9-8940HX/16G+16G/1TB+1TB SSD/RTX5070),85999,True,False,True,False,https://www.momoshop.com.tw/goods/GoodsDetail.jsp?i_code=15286438,2026-10-06
G814PP,G814PP-0034C8940HX-NBL/G814PP-0064C8940HX-NBL,config,15412143,【ASUS 華碩】TUF耳機組★18吋GeForce RTX 5070 R9電競筆電(G814PP/Strix G18/R9-8940HX/16G/1TB/W11),75999,True,True,False,False,https://www.momoshop.com.tw/goods/GoodsDetail.jsp?i_code=15412143,2026-10-06
G814PP,,,TP00027530005095,【ASUS 華碩】特仕版 ROG Strix G18 G814PP 幻潮黑 18吋電競筆電（R9/32G/2T/RTX5070）,85999,False,False,True,False,https://www.momoshop.com.tw/TP/TP0002753/goodsDetail/TP00027530005095,2026-10-06
G814PP,G814PP-0034C8940HX-NBL/G814PP-0064C8940HX-NBL,config,15412307,【ASUS 華碩】升級16G組★18吋GeForce RTX 5070 R9電競筆電(G814PP/Strix G18/R9-8940HX/16G/1TB/W11),80499,True,True,False,False,https://www.momoshop.com.tw/goods/GoodsDetail.jsp?i_code=15412307,2026-10-06
G814PP,,,TP00027530005104,【ASUS 華碩】特仕版 ROG Strix G18 G814PP 幻潮黑 18吋電競筆電（R9/64G/1.5T/RTX5070）,99399,False,False,True,False,https://www.momoshop.com.tw/TP/TP0002753/goodsDetail/TP00027530005104,2026-10-06
G814PP,,,TP00027530005105,【ASUS 華碩】特仕版 ROG Strix G18 G814PP 幻潮黑 18吋電競筆電（R9/64G/2T/RTX5070）,102999,False,False,True,False,https://www.momoshop.com.tw/TP/TP0002753/goodsDetail/TP00027530005105,2026-10-06
G814PP,,,TP00027530005107,【ASUS 華碩】特仕版 ROG Strix G18 G814PP 幻潮黑 18吋電競筆電（R9/64G/5T/RTX5070）,114999,False,False,True,False,https://www.momoshop.com.tw/TP/TP0002753/goodsDetail/TP00027530005107,2026-10-06
G814PP,,,TP00027530005093,【ASUS 華碩】特仕版 ROG Strix G18 G814PP 幻潮黑 18吋電競筆電（R9/32G/1T/RTX5070/W11）,83499,False,False,True,False,https://www.momoshop.com.tw/TP/TP0002753/goodsDetail/TP00027530005093,2026-10-06
G814PP,,,TP00027530005094,【ASUS 華碩】特仕版 ROG Strix G18 G814PP 幻潮黑 18吋電競筆電（R9/32G/1.5T/RTX5070）,83999,False,False,True,False,https://www.momoshop.com.tw/TP/TP0002753/goodsDetail/TP00027530005094,2026-10-06
G814PP,,,TP00027530005096,【ASUS 華碩】特仕版 ROG Strix G18 G814PP 幻潮黑 18吋電競筆電（R9/32G/3T/RTX5070）,90999,False,False,True,False,https://www.momoshop.com.tw/TP/TP0002753/goodsDetail/TP00027530005096,2026-10-06
G814PP,,,TP00027530005097,【ASUS 華碩】特仕版 ROG Strix G18 G814PP 幻潮黑 18吋電競筆電（R9/32G/5T/RTX5070）,99999,False,False,True,False,https://www.momoshop.com.tw/TP/TP0002753/goodsDetail/TP00027530005097,2026-10-06
G814PP,G814PP-0034C8940HX-NBL/G814PP-0064C8940HX-NBL,config,15701065,【ASUS 華碩】遊戲手把組★18吋GeForce RTX 5070 R9電競筆電(G814PP/Strix G18/R9-8940HX/16G/1TB/W11),75999,True,True,False,False,https://www.momoshop.com.tw/goods/GoodsDetail.jsp?i_code=15701065,2026-10-06
G814PP,,,TP00027530005098,【ASUS 華碩】特仕版 ROG Strix G18 G814PP 幻潮黑 18吋電競筆電（R9/48G/1T/RTX5070/W11）,87699,False,False,True,False,https://www.momoshop.com.tw/TP/TP0002753/goodsDetail/TP00027530005098,2026-10-06
G814PP,,,TP00027530005099,【ASUS 華碩】特仕版 ROG Strix G18 G814PP 幻潮黑 18吋電競筆電（R9/48G/1.5T/RTX5070）,91999,False,False,True,False,https://www.momoshop.com.tw/TP/TP0002753/goodsDetail/TP00027530005099,2026-10-06
G814PP,,,TP00027530005100,【ASUS 華碩】特仕版 ROG Strix G18 G814PP 幻潮黑 18吋電競筆電（R9/48G/2T/RTX5070）,93999,False,False,True,False,https://www.momoshop.com.tw/TP/TP0002753/goodsDetail/TP00027530005100,2026-10-06
G814PP,,,TP00027530005101,【ASUS 華碩】特仕版 ROG Strix G18 G814PP 幻潮黑 18吋電競筆電（R9/48G/3T/RTX5070）,97999,False,False,True,False,https://www.momoshop.com.tw/TP/TP0002753/goodsDetail/TP00027530005101,2026-10-06
G814PP,G814PP-0034C8940HX-NBL/G814PP-0064C8940HX-NBL,config,15705131,【ASUS 華碩】27型電競螢幕組★18吋GeForce RTX 5070 R9電競筆電(G814PP/Strix G18/R9-8940HX/16G/1TB/W11),77999,True,True,False,False,https://www.momoshop.com.tw/goods/GoodsDetail.jsp?i_code=15705131,2026-10-06
G814PP,,,TP00027530005102,【ASUS 華碩】特仕版 ROG Strix G18 G814PP 幻潮黑 18吋電競筆電（R9/48G/5T/RTX5070）,107999,False,False,True,False,https://www.momoshop.com.tw/TP/TP0002753/goodsDetail/TP00027530005102,2026-10-06
G814PP,G814PP-0064C8940HX-NBL,exact,15286912,【ASUS 華碩】特仕版 18吋電競筆電(G814PP-0064C8940HX-NBL/R9-8940HX/32G+32G/1TB+2TB SSD/RTX5070),104999,True,False,True,False,https://www.momoshop.com.tw/goods/GoodsDetail.jsp?i_code=15286912,2026-10-06
G814PP,,,TP00027530005103,【ASUS 華碩】特仕版 ROG Strix G18 G814PP 幻潮黑 18吋電競筆電（R9/64G/1T/RTX5070/W11）,97999,False,False,True,False,https://www.momoshop.com.tw/TP/TP0002753/goodsDetail/TP00027530005103,2026-10-06
G814PP,,,TP00027530005106,【ASUS 華碩】特仕版 ROG Strix G18 G814PP 幻潮黑 18吋電競筆電（R9/64G/3T/RTX5070）,105599,False,False,True,False,https://www.momoshop.com.tw/TP/TP0002753/goodsDetail/TP00027530005106,2026-10-06
G814PP,G814PP-0034C8940HX-NBL/G814PP-0064C8940HX-NBL,config,TP00027530004677,【ASUS 華碩】特仕版 ROG Strix G18 G814PP 幻潮黑 18吋電競筆電（R9/16G/1T/RTX5070/W11）,75999,False,False,True,False,https://www.momoshop.com.tw/TP/TP0002753/goodsDetail/TP00027530004677,2026-10-06
G814PP,G814PP-0034C8940HX-NBL/G814PP-0064C8940HX-NBL,config,TP00027350006310,【ASUS 華碩】特仕版18吋電競筆電(ROG Strix G814PP/R9-8940HX/16G/1TB/RTX5070/W11)多規,75999,False,False,True,False,https://www.momoshop.com.tw/TP/TP0002735/goodsDetail/TP00027350006310,2026-10-06
G814PP,,,TP00027350006329,【ASUS 華碩】特仕版18吋筆電(ROG Strix G814PP/R9-8940HX/64G/3TB/RTX5070/W11),109999,False,False,True,False,https://www.momoshop.com.tw/TP/TP0002735/goodsDetail/TP00027350006329,2026-10-06
G814PP,,,TP00027350006314,【ASUS 華碩】特仕版18吋筆電(ROG Strix G814PP/R9-8940HX/16G+16G/1TB/RTX5070/W11),83499,False,False,True,False,https://www.momoshop.com.tw/TP/TP0002735/goodsDetail/TP00027350006314,2026-10-06
G814PP,,,TP00027350006315,【ASUS 華碩】特仕版18吋筆電(ROG Strix G814PP/R9-8940HX/16G+8G/1TB/RTX5070/W11),80499,False,False,True,False,https://www.momoshop.com.tw/TP/TP0002735/goodsDetail/TP00027350006315,2026-10-06
G814PP,,,TP00027350006316,【ASUS 華碩】特仕版18吋筆電(ROG Strix G814PP/R9-8940HX/16G+32G/1TB/RTX5070/W11),88999,False,False,True,False,https://www.momoshop.com.tw/TP/TP0002735/goodsDetail/TP00027350006316,2026-10-06
G814PP,,,TP00027350006317,【ASUS 華碩】特仕版18吋筆電(ROG Strix G814PP/R9-8940HX/32G+32G/1TB/RTX5070/W11),100999,False,False,True,False,https://www.momoshop.com.tw/TP/TP0002735/goodsDetail/TP00027350006317,2026-10-06
G814PP,G814PP-0034C8940HX-NBL/G814PP-0064C8940HX-NBL,config,15412304,【ASUS 華碩】升級16G組★18吋GeForce RTX 5070 R9電競筆電(G814PP/Strix G18/R9-8940HX/16G/1TB/W11),80499,True,True,False,False,https://www.momoshop.com.tw/goods/GoodsDetail.jsp?i_code=15412304,2026-10-06
G814PP,,,TP00027350006318,【ASUS 華碩】特仕版18吋筆電(ROG Strix G814PP/R9-8940HX/24G/1.5TB/RTX5070/W11),83499,False,False,True,False,https://www.momoshop.com.tw/TP/TP0002735/goodsDetail/TP00027350006318,2026-10-06
G814PP,,,TP00027350006319,【ASUS 華碩】特仕版18吋筆電(ROG Strix G814PP/R9-8940HX/32G/1.5TB/RTX5070/W11),86499,False,False,True,False,https://www.momoshop.com.tw/TP/TP0002735/goodsDetail/TP00027350006319,2026-10-06
G814PP,,,TP00027350006320,【ASUS 華碩】特仕版18吋筆電(ROG Strix G814PP/R9-8940HX/48G/1.5TB/RTX5070/W11),91999,False,False,True,False,https://www.momoshop.com.tw/TP/TP0002735/goodsDetail/TP00027350006320,2026-10-06
G814PP,,,TP00027350006321,【ASUS 華碩】特仕版18吋筆電(ROG Strix G814PP/R9-8940HX/64G/1.5TB/RTX5070/W11),103999,False,False,True,False,https://www.momoshop.com.tw/TP/TP0002735/goodsDetail/TP00027350006321,2026-10-06
G814PP,,,TP00027350006322,【ASUS 華碩】特仕版18吋筆電(ROG Strix G814PP/R9-8940HX/24G/2TB/RTX5070/W11),85499,False,False,True,False,https://www.momoshop.com.tw/TP/TP0002735/goodsDetail/TP00027350006322,2026-10-06
G814PP,,,TP00027350006323,【ASUS 華碩】特仕版18吋筆電(ROG Strix G814PP/R9-8940HX/32G/2TB/RTX5070/W11),88499,False,False,True,False,https://www.momoshop.com.tw/TP/TP0002735/goodsDetail/TP00027350006323,2026-10-06
G814PP,,,TP00027350006324,【ASUS 華碩】特仕版18吋筆電(ROG Strix G814PP/R9-8940HX/48G/2TB/RTX5070/W11),93999,False,False,True,False,https://www.momoshop.com.tw/TP/TP0002735/goodsDetail/TP00027350006324,2026-10-06
G814PP,,,TP00027350006325,【ASUS 華碩】特仕版18吋筆電(ROG Strix G814PP/R9-8940HX/64G/2TB/RTX5070/W11),105999,False,False,True,False,https://www.momoshop.com.tw/TP/TP0002735/goodsDetail/TP00027350006325,2026-10-06
G814PP,,,TP00027350006326,【ASUS 華碩】特仕版18吋筆電(ROG Strix G814PP/R9-8940HX/24G/3TB/RTX5070/W11),89499,False,False,True,False,https://www.momoshop.com.tw/TP/TP0002735/goodsDetail/TP00027350006326,2026-10-06
G814PP,,,TP00027350006327,【ASUS 華碩】特仕版18吋筆電(ROG Strix G814PP/R9-8940HX/32G/3TB/RTX5070/W11),92499,False,False,True,False,https://www.momoshop.com.tw/TP/TP0002735/goodsDetail/TP00027350006327,2026-10-06
G814PP,,,TP00027350006328,【ASUS 華碩】特仕版18吋筆電(ROG Strix G814PP/R9-8940HX/48G/3TB/RTX5070/W11),97999,False,False,True,False,https://www.momoshop.com.tw/TP/TP0002735/goodsDetail/TP00027350006328,2026-10-06
G815JPR,G815JPR-0031G14900HX-NBL,exact,15214883,【ASUS 華碩】包鼠組★18吋 i9 GeForce RTX5070電競筆電(G815JPR-0031G14900HX-NBL/i9-14900HX/16G/1TB),66999,True,True,False,False,https://www.momoshop.com.tw/goods/GoodsDetail.jsp?i_code=15214883,2026-10-06
G815LP,,,15512486,【ASUS 華碩】特仕版 18吋電競筆電(ROG Strix G815LP/Ultra 9 290HX Plus/16G+16G/1TB/RTX5070/W11),89499,True,False,True,False,https://www.momoshop.com.tw/goods/GoodsDetail.jsp?i_code=15512486,2026-10-06
G815LP,G815LP-0071C290HX-NBL,exact,15440016,【ASUS 華碩】特仕版 18吋電競筆電(G815LP-0071C290HX-NBL/Ultra 9-290HX Plus/16G+16G/1TB SSD/RTX5070),86999,True,False,True,False,https://www.momoshop.com.tw/goods/GoodsDetail.jsp?i_code=15440016,2026-10-06
G815LP,G815LP-0071C290HX-NBL,exact,15512646,【ASUS 華碩】特仕版 18吋電競筆電(G815LP-0071C290HX-NBL/Ultra 9-290HX Plus/32G/1TB+1TB SSD/RTX5070),90999,True,False,True,False,https://www.momoshop.com.tw/goods/GoodsDetail.jsp?i_code=15512646,2026-10-06
G815LP,G815LP-0071C290HX-NBL,exact,15403723,【ASUS 華碩】18吋GeForce RTX 5070 Ultra 9電競AI筆電(G815LP-0071C290HX-NBL/Ultra 9-290HX/16G/1T),81999,True,False,False,False,https://www.momoshop.com.tw/goods/GoodsDetail.jsp?i_code=15403723,2026-10-06
G815LP,G815LP-0071C290HX-NBL,config,TP00027530004890,【ASUS 華碩】特仕版 ROG Strix G18 G815LP 18吋電競筆電（Ultra 9/16G/1T/RTX5070/W11）,81999,False,False,True,False,https://www.momoshop.com.tw/TP/TP0002753/goodsDetail/TP00027530004890,2026-10-06
G815LP,,,TP00027350006765,【ASUS 華碩】特仕版18吋筆電(ROG G815LP/Ultra 9 290HX Plus/48G/2TB/RTX5070/W11),99999,False,False,True,False,https://www.momoshop.com.tw/TP/TP0002735/goodsDetail/TP00027350006765,2026-10-06
G815LP,G815LP-0071C290HX-NBL,config,TP00027350006753,【ASUS 華碩】特仕版18吋(ROG G815LP/Ultra 9 290HX Plus/16G/1TB/RTX5070/W11)多規,81999,False,False,True,False,https://www.momoshop.com.tw/TP/TP0002735/goodsDetail/TP00027350006753,2026-10-06
G815LP,,,TP00027350006755,【ASUS 華碩】特仕版18吋筆電(ROG G815LP/Ultra 9 290HX Plus/32G/1TB/RTX5070/W11),89499,False,False,True,False,https://www.momoshop.com.tw/TP/TP0002735/goodsDetail/TP00027350006755,2026-10-06
G815LP,,,TP00027350006770,【ASUS 華碩】特仕版18吋筆電(ROG G815LP/Ultra 9 290HX Plus/64G/3TB/RTX5070/W11),115999,False,False,True,False,https://www.momoshop.com.tw/TP/TP0002735/goodsDetail/TP00027350006770,2026-10-06
G815LP,,,TP00027350006757,【ASUS 華碩】特仕版18吋筆電(ROG G815LP/Ultra 9 290HX Plus/64G/1TB/RTX5070/W11),106999,False,False,True,False,https://www.momoshop.com.tw/TP/TP0002735/goodsDetail/TP00027350006757,2026-10-06
G815LP,,,TP00027350006754,【ASUS 華碩】特仕版18吋筆電(ROG G815LP/Ultra 9 290HX Plus/24G/1TB/RTX5070/W11),86499,False,False,True,False,https://www.momoshop.com.tw/TP/TP0002735/goodsDetail/TP00027350006754,2026-10-06
G815LP,G815LP-0071C290HX-NBL,exact,15701068,【ASUS 華碩】手把組★18吋GeForce RTX 5070 Ultra 9電競筆電(G815LP-0071C290HX-NBL/Ultra 9-290HX/16G/1T,84399,True,True,False,False,https://www.momoshop.com.tw/goods/GoodsDetail.jsp?i_code=15701068,2026-10-06
G815LP,,,TP00027350006756,【ASUS 華碩】特仕版18吋筆電(ROG G815LP/Ultra 9 290HX Plus/48G/1TB/RTX5070/W11),94999,False,False,True,False,https://www.momoshop.com.tw/TP/TP0002735/goodsDetail/TP00027350006756,2026-10-06
G815LP,,,TP00027530005263,【ASUS 華碩】特仕版 ROG Strix G18 G815LP 18吋電競筆電（Ultra 9/32G/1T/RTX5070/W11）,86999,False,False,True,False,https://www.momoshop.com.tw/TP/TP0002753/goodsDetail/TP00027530005263,2026-10-06
G815LP,,,TP00027350006759,【ASUS 華碩】特仕版18吋筆電(ROG G815LP/Ultra 9 290HX Plus/32G/1.5T/RTX5070/W11),92499,False,False,True,False,https://www.momoshop.com.tw/TP/TP0002735/goodsDetail/TP00027350006759,2026-10-06
G815LP,,,TP00027530005264,【ASUS 華碩】特仕版 ROG Strix G18 G815LP 18吋電競筆電（Ultra 9/32G/1.5T/RTX5070）,89999,False,False,True,False,https://www.momoshop.com.tw/TP/TP0002753/goodsDetail/TP00027530005264,2026-10-06
G815LP,,,TP00027350006760,【ASUS 華碩】特仕版18吋筆電(ROG G815LP/Ultra 9 290HX Plus/48G/1.5T/RTX5070/W11),97999,False,False,True,False,https://www.momoshop.com.tw/TP/TP0002735/goodsDetail/TP00027350006760,2026-10-06
G815LP,,,TP00027530005265,【ASUS 華碩】特仕版 ROG Strix G18 G815LP 18吋電競筆電（Ultra 9/32G/2T/RTX5070/W11）,90999,False,False,True,False,https://www.momoshop.com.tw/TP/TP0002753/goodsDetail/TP00027530005265,2026-10-06
G815LP,,,TP00027350006761,【ASUS 華碩】特仕版18吋筆電(ROG G815LP/Ultra 9 290HX Plus/64G/1.5T/RTX5070/W11),109999,False,False,True,False,https://www.momoshop.com.tw/TP/TP0002735/goodsDetail/TP00027350006761,2026-10-06
G815LP,,,TP00027530005266,【ASUS 華碩】特仕版 ROG Strix G18 G815LP 18吋電競筆電（Ultra 9/32G/3T/RTX5070/W11）,96499,False,False,True,False,https://www.momoshop.com.tw/TP/TP0002753/goodsDetail/TP00027530005266,2026-10-06
G815LP,,,TP00027350006762,【ASUS 華碩】特仕版18吋筆電(ROG G815LP/Ultra 9 290HX Plus/24G/2TB/RTX5070/W11),91499,False,False,True,False,https://www.momoshop.com.tw/TP/TP0002735/goodsDetail/TP00027350006762,2026-10-06
G815LP,,,TP00027530005267,【ASUS 華碩】特仕版 ROG Strix G18 G815LP 18吋電競筆電（Ultra 9/32G/5T/RTX5070/W11）,104999,False,False,True,False,https://www.momoshop.com.tw/TP/TP0002753/goodsDetail/TP00027530005267,2026-10-06
G815LP,,,TP00027350006763,【ASUS 華碩】特仕版18吋筆電(ROG G815LP/Ultra 9 290HX Plus/24G/1.5T/RTX5070/W11),89499,False,False,True,False,https://www.momoshop.com.tw/TP/TP0002735/goodsDetail/TP00027350006763,2026-10-06
G815LP,,,TP00027530005268,【ASUS 華碩】特仕版 ROG Strix G18 G815LP 18吋電競筆電（Ultra 9/48G/1T/RTX5070/W11）,93699,False,False,True,False,https://www.momoshop.com.tw/TP/TP0002753/goodsDetail/TP00027530005268,2026-10-06
G815LP,,,TP00027350006764,【ASUS 華碩】特仕版18吋筆電(ROG G815LP/Ultra 9 290HX Plus/32G/2TB/RTX5070/W11),94499,False,False,True,False,https://www.momoshop.com.tw/TP/TP0002735/goodsDetail/TP00027350006764,2026-10-06
G815LP,,,TP00027530005269,【ASUS 華碩】特仕版 ROG Strix G18 G815LP 18吋電競筆電（Ultra 9/48G/1.5T/RTX5070）,96599,False,False,True,False,https://www.momoshop.com.tw/TP/TP0002753/goodsDetail/TP00027530005269,2026-10-06
G815LP,,,TP00027350006766,【ASUS 華碩】特仕版18吋筆電(ROG G815LP/Ultra 9 290HX Plus/64G/2TB/RTX5070/W11),111999,False,False,True,False,https://www.momoshop.com.tw/TP/TP0002735/goodsDetail/TP00027350006766,2026-10-06
G815LP,,,TP00027530005270,【ASUS 華碩】特仕版 ROG Strix G18 G815LP 18吋電競筆電（Ultra 9/48G/2T/RTX5070/W11）,98199,False,False,True,False,https://www.momoshop.com.tw/TP/TP0002753/goodsDetail/TP00027530005270,2026-10-06
G815LP,,,TP00027350006767,【ASUS 華碩】特仕版18吋筆電(ROG G815LP/Ultra 9 290HX Plus/24G/3TB/RTX5070/W11),95499,False,False,True,False,https://www.momoshop.com.tw/TP/TP0002735/goodsDetail/TP00027350006767,2026-10-06
G815LP,,,TP00027530005271,【ASUS 華碩】特仕版 ROG Strix G18 G815LP 18吋電競筆電（Ultra 9/48G/3T/RTX5070/W11）,101699,False,False,True,False,https://www.momoshop.com.tw/TP/TP0002753/goodsDetail/TP00027530005271,2026-10-06
G815LP,,,TP00027350006768,【ASUS 華碩】特仕版18吋筆電(ROG G815LP/Ultra 9 290HX Plus/32G/3TB/RTX5070/W11),98499,False,False,True,False,https://www.momoshop.com.tw/TP/TP0002735/goodsDetail/TP00027350006768,2026-10-06
G815LP,,,TP00027530005272,【ASUS 華碩】特仕版 ROG Strix G18 G815LP 18吋電競筆電（Ultra 9/48G/5T/RTX5070/W11）,109999,False,False,True,False,https://www.momoshop.com.tw/TP/TP0002753/goodsDetail/TP00027530005272,2026-10-06
G815LP,,,TP00027350006769,【ASUS 華碩】特仕版18吋筆電(ROG G815LP/Ultra 9 290HX Plus/48G/3TB/RTX5070/W11),103999,False,False,True,False,https://www.momoshop.com.tw/TP/TP0002735/goodsDetail/TP00027350006769,2026-10-06
G815LP,,,TP00027530005273,【ASUS 華碩】特仕版 ROG Strix G18 G815LP 18吋電競筆電（Ultra 9/64G/1T/RTX5070/W11）,102999,False,False,True,False,https://www.momoshop.com.tw/TP/TP0002753/goodsDetail/TP00027530005273,2026-10-06
G815LP,,,TP00027530005274,【ASUS 華碩】特仕版 ROG Strix G18 G815LP 18吋電競筆電（Ultra 9/64G/1.5T/RTX5070）,104999,False,False,True,False,https://www.momoshop.com.tw/TP/TP0002753/goodsDetail/TP00027530005274,2026-10-06
G815LP,,,TP00027530005275,【ASUS 華碩】特仕版 ROG Strix G18 G815LP 18吋電競筆電（Ultra 9/64G/2T/RTX5070/W11）,106999,False,False,True,False,https://www.momoshop.com.tw/TP/TP0002753/goodsDetail/TP00027530005275,2026-10-06
G815LP,,,TP00027530005276,【ASUS 華碩】特仕版 ROG Strix G18 G815LP 18吋電競筆電（Ultra 9/64G/3T/RTX5070/W11）,109999,False,False,True,False,https://www.momoshop.com.tw/TP/TP0002753/goodsDetail/TP00027530005276,2026-10-06
G815LP,,,TP00027530005277,【ASUS 華碩】特仕版 ROG Strix G18 G815LP 18吋電競筆電（Ultra 9/64G/5T/RTX5070/W11）,118999,False,False,True,False,https://www.momoshop.com.tw/TP/TP0002753/goodsDetail/TP00027530005277,2026-10-06
G815LP,G815LP-0071C290HX-NBL,exact,15705137,【ASUS 華碩】螢幕組★18吋GeForce RTX5070 Ultra9電競筆電(G815LP-0071C290HX-NBL/Ultra 9-290HX/16G/1T),85199,True,True,False,False,https://www.momoshop.com.tw/goods/GoodsDetail.jsp?i_code=15705137,2026-10-06
G815LP,,,TP00004400000661,【ASUS 華碩】特仕版 升級32G G815LP/Ultra 9 290HX/RTX5070 12G/32G/1T/W11/黑,89999,False,False,True,False,https://www.momoshop.com.tw/TP/TP0000440/goodsDetail/TP00004400000661,2026-10-06
G815LP,,,TP00004400000660,【ASUS 華碩】特仕版 升級32G 2T G815LP/Ultra 9 290HX/RTX5070 12G/32G/1T*2/W11/黑,94999,False,False,True,False,https://www.momoshop.com.tw/TP/TP0000440/goodsDetail/TP00004400000660,2026-10-06
G815LW,G815LW-0071G290HX-NBLM,exact,15702637,【ASUS 華碩】手把組★18吋GeForce RTX5080 Ultra9電競筆電(G815LW-0071G290HX-NBLM/Ultra 9-290HX/16G/1T),119999,True,True,False,False,https://www.momoshop.com.tw/goods/GoodsDetail.jsp?i_code=15702637,2026-10-06
G815LW,G815LW-0071G290HX-NBLM,exact,15286913,【ASUS 華碩】特仕版 18吋電競AI筆電(G815LW-0071G290HX-NBLM/Ultra 9-290HX/16G+16G/1TB+1TB SSD/RTX5080),129999,True,False,True,False,https://www.momoshop.com.tw/goods/GoodsDetail.jsp?i_code=15286913,2026-10-06
G815LW,G815LW-0071G290HX-NBLM,exact,15212211,【ASUS 華碩】18吋GeForce RTX 5080 Ultra 9電競AI筆電(G815LW-0071G290HX-NBLM/Ultra 9-290HX/16G/1T),119999,True,False,False,False,https://www.momoshop.com.tw/goods/GoodsDetail.jsp?i_code=15212211,2026-10-06
G815LW,,,15286427,【ASUS 華碩】特仕版 18吋電競筆電(ROG Strix G815LW/Ultra 9 290HX Plus/32G/1TB SSD/RTX5080),127499,True,False,True,False,https://www.momoshop.com.tw/goods/GoodsDetail.jsp?i_code=15286427,2026-10-06
G815LW,G815LW-0071G290HX-NBLM,exact,15705862,【ASUS 華碩】螢幕組★18吋GeForce RTX5080 Ultra9電競筆電(G815LW-0071G290HX-NBLM/Ultra 9-290HX/16G/1T),119999,True,True,False,False,https://www.momoshop.com.tw/goods/GoodsDetail.jsp?i_code=15705862,2026-10-06
G815LW,,,TP00027530004655,【ASUS 華碩】特仕版 ROG Strix G18 G815LW 18吋電競筆電（Ultra 9/16G/1T/RTX5080/W11）,119999,False,False,True,False,https://www.momoshop.com.tw/TP/TP0002753/goodsDetail/TP00027530004655,2026-10-06
G815LW,,,TP00027350006208,【ASUS 華碩】特仕版18吋電競筆電(ROG G815LW/Ultra 9 290HX/64G/1TB/RTX5080),145999,False,False,True,False,https://www.momoshop.com.tw/TP/TP0002735/goodsDetail/TP00027350006208,2026-10-06
G815LW,,,TP00027350006234,【ASUS 華碩】特仕版18吋電競筆電(ROG G815LW/Ultra 9 290HX/48G/1TB+2TB/RTX5080),141999,False,False,True,False,https://www.momoshop.com.tw/TP/TP0002735/goodsDetail/TP00027350006234,2026-10-06
G815LW,,,TP00027350006203,【ASUS 華碩】特仕版18吋電競筆電(ROG G815LW/Ultra 9 290HX/16G/1TB/RTX5080)多規,119999,False,False,True,False,https://www.momoshop.com.tw/TP/TP0002735/goodsDetail/TP00027350006203,2026-10-06
G815LW,,,TP00027350006204,【ASUS 華碩】特仕版18吋電競筆電(ROG G815LW/Ultra 9 290HX/24G/1TB/RTX5080),124499,False,False,True,False,https://www.momoshop.com.tw/TP/TP0002735/goodsDetail/TP00027350006204,2026-10-06
G815LW,,,TP00027350006205,【ASUS 華碩】特仕版18吋電競筆電(ROG G815LW/Ultra 9 290HX/32G/1TB/RTX5080),127499,False,False,True,False,https://www.momoshop.com.tw/TP/TP0002735/goodsDetail/TP00027350006205,2026-10-06
G815LW,,,TP00027350006207,【ASUS 華碩】特仕版18吋電競筆電(ROG G815LW/Ultra 9 290HX/48G/1TB/RTX5080),132999,False,False,True,False,https://www.momoshop.com.tw/TP/TP0002735/goodsDetail/TP00027350006207,2026-10-06
G815LW,,,TP00027350006210,【ASUS 華碩】特仕版18吋電競筆電(ROG G815LW/Ultra 9 290HX/24G/1TB+512G/RTX5080),127499,False,False,True,False,https://www.momoshop.com.tw/TP/TP0002735/goodsDetail/TP00027350006210,2026-10-06
G815LW,,,TP00027350006213,【ASUS 華碩】特仕版18吋電競筆電(ROG G815LW/Ultra 9 290HX/32G/1TB+512G/RTX5080),130499,False,False,True,False,https://www.momoshop.com.tw/TP/TP0002735/goodsDetail/TP00027350006213,2026-10-06
G815LW,,,TP00027350006214,【ASUS 華碩】特仕版18吋電競筆電(ROG G815LW/Ultra 9 290HX/48G/1TB+512G/RTX5080),135999,False,False,True,False,https://www.momoshop.com.tw/TP/TP0002735/goodsDetail/TP00027350006214,2026-10-06
G815LW,,,TP00027350006220,【ASUS 華碩】特仕版18吋電競筆電(ROG G815LW/Ultra 9 290HX/24G/1TB+1TB/RTX5080),129499,False,False,True,False,https://www.momoshop.com.tw/TP/TP0002735/goodsDetail/TP00027350006220,2026-10-06
G815LW,,,TP00027350006221,【ASUS 華碩】特仕版18吋電競筆電(ROG G815LW/Ultra 9 290HX/32G/1TB+1TB/RTX5080),132499,False,False,True,False,https://www.momoshop.com.tw/TP/TP0002735/goodsDetail/TP00027350006221,2026-10-06
G815LW,,,TP00027350006223,【ASUS 華碩】特仕版18吋電競筆電(ROG G815LW/Ultra 9 290HX/48G/1TB+1TB/RTX5080),137999,False,False,True,False,https://www.momoshop.com.tw/TP/TP0002735/goodsDetail/TP00027350006223,2026-10-06
G815LW,,,TP00027350006230,【ASUS 華碩】特仕版18吋電競筆電(ROG G815LW/Ultra 9 290HX/24G/1TB+2TB/RTX5080),133499,False,False,True,False,https://www.momoshop.com.tw/TP/TP0002735/goodsDetail/TP00027350006230,2026-10-06
G815LW,,,TP00027350006231,【ASUS 華碩】特仕版18吋電競筆電(ROG G815LW/Ultra 9 290HX/32G/1TB+2TB/RTX5080),136499,False,False,True,False,https://www.momoshop.com.tw/TP/TP0002735/goodsDetail/TP00027350006231,2026-10-06
G835LW,G835LW-0021A275HX-NBLM,config,TP00027530003133,【ASUS 華碩】【福利品】特仕版 ROG Strix SCAR 18 G835LW 18吋電競筆電（U9/32G/1T/RTX5080）,102999,False,False,True,True,https://www.momoshop.com.tw/TP/TP0002753/goodsDetail/TP00027530003133,2026-10-06
G835LXG,G835LXG-0081A290HX-NBLM,exact,15403719,【ASUS 華碩】18吋 Ultra 9 GeForce RTX5090電競AI筆電(G835LXG-0081A290HX-NBLM/Ultra 9-290HX/64G*2/4T),245999,True,False,False,False,https://www.momoshop.com.tw/goods/GoodsDetail.jsp?i_code=15403719,2026-10-06
G835LXG,G835LXG-0081A290HX-NBLM,exact,15512659,【ASUS 華碩】特仕版 18吋電競筆電(G835LXG-0081A290HX-NBLM/Ultra 9-290HX/128G/4TB+4TB SSD/RTX5090),258999,True,False,True,False,https://www.momoshop.com.tw/goods/GoodsDetail.jsp?i_code=15512659,2026-10-06
G835LXG,G835LXG-0081A290HX-NBLM,exact,15704618,【ASUS 華碩】手把組★18吋Ultra9 RTX5090電競AI筆電(G835LXG-0081A290HX-NBLM/Ultra 9-290HX/64G*2/4T/W11,245999,True,True,False,False,https://www.momoshop.com.tw/goods/GoodsDetail.jsp?i_code=15704618,2026-10-06
G835LXG,G835LXG-0081A290HX-NBLM,exact,15512656,【ASUS 華碩】特仕版 18吋電競筆電(G835LXG-0081A290HX-NBLM/Ultra 9-290HX/128G/4TB+2TB SSD/RTX5090),249999,True,False,True,False,https://www.momoshop.com.tw/goods/GoodsDetail.jsp?i_code=15512656,2026-10-06
G835LXG,G835LXG-0181A290HX-NBLM,exact,15746608,【ASUS 華碩】18吋 Ultra 9 GeForce RTX5090電競AI筆電(G835LXG-0181A290HX-NBLM/Ultra 9-290HX/64G/1TB),199999,True,False,False,False,https://www.momoshop.com.tw/goods/GoodsDetail.jsp?i_code=15746608,2026-10-06
G835LXG,,,TP00027530005259,【ASUS 華碩】ROG Strix SCAR G835LXG 18吋電競筆電（U9/32G*2/1T/RTX5090/W11）,199999,False,False,False,False,https://www.momoshop.com.tw/TP/TP0002753/goodsDetail/TP00027530005259,2026-10-06
G835LXG,G835LXG-0081A290HX-NBLM,exact,15705869,【ASUS 華碩】螢幕組★18吋 Ultra9 RTX5090電競筆電(G835LXG-0081A290HX-NBLM/Ultra 9-290HX/64G*2/4T/W11),245999,True,True,False,False,https://www.momoshop.com.tw/goods/GoodsDetail.jsp?i_code=15705869,2026-10-06
G835LXG,G835LXG-0171A290HX-NBLM,exact,15704617,【ASUS 華碩】手把組★18吋 Ultra9 RTX5090電競AI筆電(G835LXG-0171A290HX-NBLM/Ultra 9-290HX/64G/1T/W11),179999,True,True,False,False,https://www.momoshop.com.tw/goods/GoodsDetail.jsp?i_code=15704617,2026-10-06
G835LXG,G835LXG-0171A290HX-NBLM,exact,15705868,【ASUS 華碩】螢幕組★18吋 Ultra9 RTX5090電競AI筆電(G835LXG-0171A290HX-NBLM/Ultra 9-290HX/64G/1T/W11),179999,True,True,False,False,https://www.momoshop.com.tw/goods/GoodsDetail.jsp?i_code=15705868,2026-10-06
GA403GM,GA403GM-0092H465H-NBLO,config,15151163,【ASUS 華碩】14吋 GeForce RTX 5060 Ryzen AI 9電競筆電(GA403GM/Zephyrus G14/465/32G/2TB),95999,True,False,False,False,https://www.momoshop.com.tw/goods/GoodsDetail.jsp?i_code=15151163,2026-10-06
GA403GM,GA403GM-0092H465H-NBLO,exact,15286908,【ASUS 華碩】特仕版 14吋電競筆電(GA403GM-0092H465H-NBLO/AI 9 465/32G/改4TB SSD/RTX5060/Win11),107999,True,False,True,False,https://www.momoshop.com.tw/goods/GoodsDetail.jsp?i_code=15286908,2026-10-06
GA403GM,,,TP00027530005278,【ASUS 華碩】特仕版 Zephyrus G14 GA403GM 14吋電競筆電（Ryzen AI 9 /32G/4T/RTX5060）,107999,False,False,True,False,https://www.momoshop.com.tw/TP/TP0002753/goodsDetail/TP00027530005278,2026-10-06
GA403GM,GA403GM-0092H465H-NBLO,config,TP00027530004653,【ASUS 華碩】特仕版 Zephyrus G14 GA403GM 14吋電競筆電（Ryzen AI 9 /32G/2T/RTX5060）,95999,False,False,True,False,https://www.momoshop.com.tw/TP/TP0002753/goodsDetail/TP00027530004653,2026-10-06
GA403GM,GA403GM-0092H465H-NBLO,config,TP00027350006385,【ASUS 華碩】特仕版14吋筆電(ROG GA403GM/Ryzen AI 9 465/32G/2TB/RTX5060/W11)多規,95999,False,False,True,False,https://www.momoshop.com.tw/TP/TP0002735/goodsDetail/TP00027350006385,2026-10-06
GA403GM,,,TP00027350006386,【ASUS 華碩】特仕版14吋筆電(ROG GA403GM/Ryzen AI 9 465/32G/4TB/RTX5060/W11),113999,False,False,True,False,https://www.momoshop.com.tw/TP/TP0002735/goodsDetail/TP00027350006386,2026-10-06
GA403WR,GA403WR-0058HHX370-NBLO,exact,15216807,【ASUS 華碩】包滑鼠組★14吋GeForce RTX5070 Ti  AI 9電競AI筆電(GA403WR-0058HHX370-NBLO/HX370/64G/1T),93999,True,True,False,False,https://www.momoshop.com.tw/goods/GoodsDetail.jsp?i_code=15216807,2026-10-06
GU405AR,GU405AR-0028H386H-NBLO,config,15151162,【ASUS 華碩】14吋GeForce RTX 5070 Ti Ultra 9 電競筆電(GU405AR/Zephyrus G14/Ultra 9-386H/64G/2TB/W11),139999,True,False,False,False,https://www.momoshop.com.tw/goods/GoodsDetail.jsp?i_code=15151162,2026-10-06
GU405AR,,,15440776,【ASUS 華碩】特仕版 14吋電競筆電(ROG Zephyrus GU405AR/Ultra 9 386H/64G/4TB/RTX5070Ti/W11),157999,True,False,True,False,https://www.momoshop.com.tw/goods/GoodsDetail.jsp?i_code=15440776,2026-10-06
GU405AR,GU405AR-0028H386H-NBLO,config,15701072,【ASUS 華碩】手把組★14吋GeForce RTX 5070 Ti Ultra9電競筆電(GU405AR/Zephyrus G14/Ultra 9-386H/64G/2T,142399,True,True,False,False,https://www.momoshop.com.tw/goods/GoodsDetail.jsp?i_code=15701072,2026-10-06
GU405AR,GU405AR-0028H386H-NBLO,config,15705721,【ASUS 華碩】螢幕組★14吋GeForce RTX5070 Ti Ultra9 電競筆電(GU405AR/Zephyrus G14/Ultra 9-386H/64G/2T,143199,True,True,False,False,https://www.momoshop.com.tw/goods/GoodsDetail.jsp?i_code=15705721,2026-10-06
GU405AR,,,TP00027530005279,【ASUS 華碩】特仕版 Zephyrus G14 GU405AR 14吋電競筆電（Ultra 9/64G/4T/RTX5070Ti）,150999,False,False,True,False,https://www.momoshop.com.tw/TP/TP0002753/goodsDetail/TP00027530005279,2026-10-06
GU405AR,GU405AR-0028H386H-NBLO,exact,15286911,【ASUS 華碩】特仕版 14吋電競筆電(GU405AR-0028H386H-NBLO/Ultra 9-386H/64G/改4TB SSD/RTX5070Ti/Win11),150999,True,False,True,False,https://www.momoshop.com.tw/goods/GoodsDetail.jsp?i_code=15286911,2026-10-06
GU405AR,,,TP00027350006384,【ASUS 華碩】特仕版14吋筆電(ROG GU405AR/Ultra 9 386H/64G/4TB/RTX5070Ti/W11),157999,False,False,True,False,https://www.momoshop.com.tw/TP/TP0002735/goodsDetail/TP00027350006384,2026-10-06
GU405AR,GU405AR-0028H386H-NBLO,config,TP00027530004652,【ASUS 華碩】特仕版 Zephyrus G14 GU405AR 14吋電競筆電（Ultra 9/64G/2T/RTX5070Ti）,139999,False,False,True,False,https://www.momoshop.com.tw/TP/TP0002753/goodsDetail/TP00027530004652,2026-10-06
GU405AR,GU405AR-0028H386H-NBLO,config,TP00027350006383,【ASUS 華碩】特仕版14吋筆電(ROG GU405AR/Ultra 9 386H/64G/2TB/RTX5070Ti/W11)多規,139999,False,False,True,False,https://www.momoshop.com.tw/TP/TP0002735/goodsDetail/TP00027350006383,2026-10-06
GU605CX,GU605CX-0028E285H-NBLO/GU605CX-0038H285H-NBLO,config,15268130,【ASUS 華碩】包鼠組★16吋GeForce RTX 5090 Ultra 9電競AI筆電(GU605CX/Zephyrus G16/Ultra9-285H/64G/1T),147999,True,True,False,False,https://www.momoshop.com.tw/goods/GoodsDetail.jsp?i_code=15268130,2026-10-06
GU606AM,GU606AM-0022H386H-NBLO/GU606AM-0032I386H-NBLO,config,TP00027350006822,【ASUS 華碩】特仕版16吋筆電(ROG GU606AM/Ultra 9 386H/32G/1TB/RTX5060/W11/灰)多規,95999,False,False,True,False,https://www.momoshop.com.tw/TP/TP0002735/goodsDetail/TP00027350006822,2026-10-06
GU606AM,,,TP00027350006824,【ASUS 華碩】特仕版16吋筆電(ROG GU606AM/Ultra 9 386H/32G/2TB/RTX5060/W11/灰),100999,False,False,True,False,https://www.momoshop.com.tw/TP/TP0002735/goodsDetail/TP00027350006824,2026-10-06
GU606AM,,,TP00027350006825,【ASUS 華碩】特仕版16吋筆電(ROG GU606AM/Ultra 9 386H/32G/1.5TB/RTX5060/W11/灰),98999,False,False,True,False,https://www.momoshop.com.tw/TP/TP0002735/goodsDetail/TP00027350006825,2026-10-06
GU606AM,,,TP00027350006826,【ASUS 華碩】特仕版16吋筆電(ROG GU606AM/Ultra 9 386H/32G/3TB/RTX5060/W11/灰),104999,False,False,True,False,https://www.momoshop.com.tw/TP/TP0002735/goodsDetail/TP00027350006826,2026-10-06
GU606AM,,,TP00027350006827,【ASUS 華碩】特仕版16吋筆電(ROG GU606AM/Ultra 9 386H/32G/5TB/RTX5060/W11/灰),113999,False,False,True,False,https://www.momoshop.com.tw/TP/TP0002735/goodsDetail/TP00027350006827,2026-10-06
GU606AM,GU606AM-0022H386H-NBLO/GU606AM-0032I386H-NBLO,config,TP00027350006378,【ASUS 華碩】特仕版16吋筆電(ROG GU606AM/Ultra 9 386H/32G/1TB/RTX5060/W11/銀)多規,95999,False,False,True,False,https://www.momoshop.com.tw/TP/TP0002735/goodsDetail/TP00027350006378,2026-10-06
GU606AM,,,TP00027350006379,【ASUS 華碩】特仕版16吋筆電(ROG GU606AM/Ultra 9 386H/32G/1.5TB/RTX5060/W11/銀),98999,False,False,True,False,https://www.momoshop.com.tw/TP/TP0002735/goodsDetail/TP00027350006379,2026-10-06
GU606AM,,,TP00027350006380,【ASUS 華碩】特仕版16吋筆電(ROG GU606AM/Ultra 9 386H/32G/2TB/RTX5060/W11/銀),100999,False,False,True,False,https://www.momoshop.com.tw/TP/TP0002735/goodsDetail/TP00027350006380,2026-10-06
GU606AM,,,TP00027350006381,【ASUS 華碩】特仕版16吋筆電(ROG GU606AM/Ultra 9 386H/32G/3TB/RTX5060/W11/銀),104999,False,False,True,False,https://www.momoshop.com.tw/TP/TP0002735/goodsDetail/TP00027350006381,2026-10-06
GU606AM,,,TP00027350006382,【ASUS 華碩】特仕版16吋筆電(ROG GU606AM/Ultra 9 386H/32G/5TB/RTX5060/W11/銀),113999,False,False,True,False,https://www.momoshop.com.tw/TP/TP0002735/goodsDetail/TP00027350006382,2026-10-06
GU606AR,GU606AR-0058I386H-NBLO,config,15212212,【ASUS 華碩】16吋GeForce RTX 5070Ti Ultra 9 電競筆電(GU606AR/Zephyrus G16/Ultra 9-386H /64G/1TB),139999,True,False,False,False,https://www.momoshop.com.tw/goods/GoodsDetail.jsp?i_code=15212212,2026-10-06
GU606AR,GU606AR-0058I386H-NBLO,exact,15301218,【ASUS 華碩】特仕版 16吋電競筆電(GU606AR-0058I386H-NBLO/Ultra 9-386H/64G/1TB+2TB SSD/RTX5070Ti),145999,True,False,True,False,https://www.momoshop.com.tw/goods/GoodsDetail.jsp?i_code=15301218,2026-10-06
GU606AR,,,15440779,【ASUS 華碩】特仕版 16吋電競筆電(ROG Zephyrus GU606AR/Ultra 9 386H/64G/1TB+1TB/RTX5070Ti/W11),144999,True,False,True,False,https://www.momoshop.com.tw/goods/GoodsDetail.jsp?i_code=15440779,2026-10-06
GU606AR,GU606AR-0058I386H-NBLO,config,15702635,【ASUS 華碩】手把組★16吋GeForce RTX 5070Ti Ultra9電競筆電(GU606AR/Zephyrus G16/Ultra 9-386H /64G/1T,142399,True,True,False,False,https://www.momoshop.com.tw/goods/GoodsDetail.jsp?i_code=15702635,2026-10-06
GU606AR,GU606AR-0058I386H-NBLO,config,15705846,【ASUS 華碩】螢幕組★16吋GeForce RTX 5070Ti Ultra9 電競筆電(GU606AR/Zephyrus G16/Ultra 9-386H/64G/1T,143199,True,True,False,False,https://www.momoshop.com.tw/goods/GoodsDetail.jsp?i_code=15705846,2026-10-06
GU606AR,,,TP00027530005280,【ASUS 華碩】特仕版 ROG Zephyrus G16 GU606AR 16吋電競筆電（U9/64G/1.5T/RTX5070Ti）,141999,False,False,True,False,https://www.momoshop.com.tw/TP/TP0002753/goodsDetail/TP00027530005280,2026-10-06
GU606AR,,,TP00027530005281,【ASUS 華碩】特仕版 ROG Zephyrus G16 GU606AR 16吋電競筆電（U9/64G/1T+1T/RTX5070Ti）,143999,False,False,True,False,https://www.momoshop.com.tw/TP/TP0002753/goodsDetail/TP00027530005281,2026-10-06
GU606AR,,,TP00027530005282,【ASUS 華碩】特仕版 ROG Zephyrus G16 GU606AR 16吋電競筆電（U9/64G/1T+2T/RTX5070Ti）,146999,False,False,True,False,https://www.momoshop.com.tw/TP/TP0002753/goodsDetail/TP00027530005282,2026-10-06
GU606AR,,,TP00027530005283,【ASUS 華碩】特仕版 ROG Zephyrus G16 GU606AR 16吋電競筆電（U9/64G/1T+4T/RTX5070Ti）,156999,False,False,True,False,https://www.momoshop.com.tw/TP/TP0002753/goodsDetail/TP00027530005283,2026-10-06
GU606AR,GU606AR-0058I386H-NBLO,config,TP00027530004740,【ASUS 華碩】特仕版 ROG Zephyrus G16 GU606AR 灰 16吋電競筆電（U9/64G/1T/RTX5070Ti）,139999,False,False,True,False,https://www.momoshop.com.tw/TP/TP0002753/goodsDetail/TP00027530004740,2026-10-06
GU606AR,GU606AR-0058I386H-NBLO,config,TP00027350006373,【ASUS 華碩】特仕版16吋筆電(ROG GU606AR/Ultra 9 386H/64G/1TB/RTX5070Ti/W11)多規,139999,False,False,True,False,https://www.momoshop.com.tw/TP/TP0002735/goodsDetail/TP00027350006373,2026-10-06
GU606AR,,,TP00027350006374,【ASUS 華碩】特仕版16吋筆電(ROG GU606AR/Ultra 9 386H/64G/1.5TB/RTX5070Ti/W11),142999,False,False,True,False,https://www.momoshop.com.tw/TP/TP0002735/goodsDetail/TP00027350006374,2026-10-06
GU606AR,,,TP00027350006375,【ASUS 華碩】特仕版16吋筆電(ROG GU606AR/Ultra 9 386H/64G/2TB/RTX5070Ti/W11),144999,False,False,True,False,https://www.momoshop.com.tw/TP/TP0002735/goodsDetail/TP00027350006375,2026-10-06
GU606AR,,,TP00027350006376,【ASUS 華碩】特仕版16吋筆電(ROG GU606AR/Ultra 9 386H/64G/3TB/RTX5070Ti/W11),148999,False,False,True,False,https://www.momoshop.com.tw/TP/TP0002735/goodsDetail/TP00027350006376,2026-10-06
GU606AR,,,TP00027350006377,【ASUS 華碩】特仕版16吋筆電(ROG GU606AR/Ultra 9 386H/64G/5TB/RTX5070Ti/W11),157999,False,False,True,False,https://www.momoshop.com.tw/TP/TP0002735/goodsDetail/TP00027350006377,2026-10-06
GU606AX,GU606AX-0048H386H-NBLO,config,15212209,【ASUS 華碩】16吋 GeForce RTX 5090 Ultra 9 電競筆電(GU606AX/Zephyrus G16/Ultra 9-386H/64G/1TB),189999,True,False,False,False,https://www.momoshop.com.tw/goods/GoodsDetail.jsp?i_code=15212209,2026-10-06
GU606AX,GU606AX-0048H386H-NBLO,config,15704620,【ASUS 華碩】手把組★16吋 GeForce RTX 5090 Ultra 9電競筆電(GU606AX/Zephyrus G16/Ultra 9-386H/64G/1T),189999,True,True,False,False,https://www.momoshop.com.tw/goods/GoodsDetail.jsp?i_code=15704620,2026-10-06
GU606AX,,,TP00027530005284,【ASUS 華碩】特仕版 ROG Zephyrus G16 GU606AX 銀 16吋電競筆電（U9/64G/1.5T/RTX5090）,191999,False,False,True,False,https://www.momoshop.com.tw/TP/TP0002753/goodsDetail/TP00027530005284,2026-10-06
GU606AX,,,TP00027530005285,【ASUS 華碩】特仕版 ROG Zephyrus G16 GU606AX 銀 16吋電競筆電（U9/64G/1T+1T/RTX5090）,194999,False,False,True,False,https://www.momoshop.com.tw/TP/TP0002753/goodsDetail/TP00027530005285,2026-10-06
GU606AX,,,TP00027530005286,【ASUS 華碩】特仕版 ROG Zephyrus G16 GU606AX 銀 16吋電競筆電（U9/64G/1T+2T/RTX5090）,197999,False,False,True,False,https://www.momoshop.com.tw/TP/TP0002753/goodsDetail/TP00027530005286,2026-10-06
GU606AX,GU606AX-0048H386H-NBLO,config,TP00027530004742,【ASUS 華碩】特仕版 ROG Zephyrus G16 GU606AX 銀 16吋電競筆電（U9/64G/1T/RTX5090）,189999,False,False,True,False,https://www.momoshop.com.tw/TP/TP0002753/goodsDetail/TP00027530004742,2026-10-06
GU606AX,GU606AX-0048H386H-NBLO,config,15705871,【ASUS 華碩】27型螢幕組★16吋GeForce RTX5090 Ultra9電競筆電(GU606AX/Zephyrus G16/Ultra 9-386H/64G/1T,189999,True,True,False,False,https://www.momoshop.com.tw/goods/GoodsDetail.jsp?i_code=15705871,2026-10-06
GU606AX,GU606AX-0048H386H-NBLO,exact,15301222,【ASUS 華碩】特仕版 16吋電競筆電(GU606AX-0048H386H-NBLO/Ultra 9-386H/64G/1TB+2TB SSD/RTX5090),194999,True,False,True,False,https://www.momoshop.com.tw/goods/GoodsDetail.jsp?i_code=15301222,2026-10-06
GU606AX,GU606AX-0048H386H-NBLO,exact,15301221,【ASUS 華碩】特仕版 16吋電競筆電(GU606AX-0048H386H-NBLO/Ultra 9-386H/64G/1TB+1TB SSD/RTX5090),191999,True,False,True,False,https://www.momoshop.com.tw/goods/GoodsDetail.jsp?i_code=15301221,2026-10-06
GU606AX,GU606AX-0048H386H-NBLO,config,TP00027350006364,【ASUS 華碩】特仕版16吋筆電(ROG GU606AX/Ultra 9 386H/64G/1TB/RTX5090/W11)多規,189999,False,False,True,False,https://www.momoshop.com.tw/TP/TP0002735/goodsDetail/TP00027350006364,2026-10-06
GU606AX,,,TP00027350006365,【ASUS 華碩】特仕版16吋筆電(ROG GU606AX/Ultra 9 386H/64G/1.5TB/RTX5090/W11),192999,False,False,True,False,https://www.momoshop.com.tw/TP/TP0002735/goodsDetail/TP00027350006365,2026-10-06
GU606AX,GU606AX-0078I386H,config,TP00027350006366,【ASUS 華碩】特仕版16吋筆電(ROG GU606AX/Ultra 9 386H/64G/2TB/RTX5090/W11),194999,False,False,True,False,https://www.momoshop.com.tw/TP/TP0002735/goodsDetail/TP00027350006366,2026-10-06
GU606AX,,,TP00027350006367,【ASUS 華碩】特仕版16吋筆電(ROG GU606AX/Ultra 9 386H/64G/3TB/RTX5090/W11),198999,False,False,True,False,https://www.momoshop.com.tw/TP/TP0002735/goodsDetail/TP00027350006367,2026-10-06
GX651AX,GX651AX-0022B386H-NBLO/GX651AX-SR017W,config,15151161,【ASUS 華碩】16吋 GeForce RTX 5090 Ultra 9 電競筆電(GX651AX/Zephyrus Duo 16/Ultra 9-386H/64G/2TB),239999,True,False,False,False,https://www.momoshop.com.tw/goods/GoodsDetail.jsp?i_code=15151161,2026-10-06
GX651AX,GX651AX-0022B386H-NBLO/GX651AX-SR017W,config,15705879,【ASUS 華碩】螢幕組★16吋 GeForce RTX5090 Ultra9電競筆電(GX651AX/Zephyrus Duo 16/Ultra 9-386H/64G/2T,239999,True,True,False,False,https://www.momoshop.com.tw/goods/GoodsDetail.jsp?i_code=15705879,2026-10-06
GX651AX,GX651AX-0022B386H-NBLO/GX651AX-SR017W,config,15704635,【ASUS 華碩】手把組★16吋GeForce RTX5090 Ultra 9電競筆電(GX651AX/Zephyrus Duo 16/Ultra 9-386H/64G/2T,239999,True,True,False,False,https://www.momoshop.com.tw/goods/GoodsDetail.jsp?i_code=15704635,2026-10-06
GZ302EA,GZ302EA-0161A395-NBL,config,15746609,【ASUS 華碩】13.4吋Copilot+PC AI觸控電競筆電(ROG Flow GZ302EA/AI MAX+ 395/64G/1TB/8060S/W11),109999,True,False,False,False,https://www.momoshop.com.tw/goods/GoodsDetail.jsp?i_code=15746609,2026-10-06
GZ302EA,GZ302EA-0161A395-NBL,config,TP00027530005260,【ASUS 華碩】Flow Z13 GZ302EA 13.4吋電競筆電（Ryzen AI MAX+ 395/64G/1TB/WIN11）,109999,False,False,False,False,https://www.momoshop.com.tw/TP/TP0002753/goodsDetail/TP00027530005260,2026-10-06
GZ302EA,GZ302EA-0081A395-NBL/GZ302EA-0101A395-NBL,config,15285055,【ASUS 華碩】包鼠組★13.4吋Copilot+PC AI觸控電競筆電(ROG Flow GZ302EA/AI MAX+ 395/128G/1T/8060S/W11),93999,True,True,False,False,https://www.momoshop.com.tw/goods/GoodsDetail.jsp?i_code=15285055,2026-10-06
GZ302EA,GZ302EA-0021A395-NBL,config,15268132,【ASUS 華碩】包鼠組★13.4吋Copilot+PC AI觸控電競筆電(ROG Flow GZ302EA/AI MAX+ 395/32G/1TB/8060S/W11),74999,True,True,False,False,https://www.momoshop.com.tw/goods/GoodsDetail.jsp?i_code=15268132,2026-10-06
H7606WP,,,TP00027530004590,【ASUS 華碩】ProArt P16 OLED H7606WP 16吋效能筆電（Ryzen AI 9/64G/1T/5070/W11P）,119999,False,False,False,False,https://www.momoshop.com.tw/TP/TP0002753/goodsDetail/TP00027530004590,2026-10-06
H7606WX,H7606WX-0043KHX370,config,15286450,【ASUS 華碩】16吋GeForce RTX 5090 Ryzen AI 9行動工作站筆電(ProArt P16 H7606WX/HX370/64G/2TB/4K/W11P),199999,True,False,False,False,https://www.momoshop.com.tw/goods/GoodsDetail.jsp?i_code=15286450,2026-10-06
H7606WX,H7606WX-0043KHX370,config,TP00027530004656,【ASUS 華碩】ProArt P16 OLED H7606WX 16吋效能筆電（Ryzen AI 9/64G/2T/5090/W11P）,199999,False,False,False,False,https://www.momoshop.com.tw/TP/TP0002753/goodsDetail/TP00027530004656,2026-10-06
HN7306EA,HN7306EA-0033K395,config,14964170,【ASUS 華碩】13.3吋Ryzen AI翻轉觸控筆電(ProArt PX13 HN7306EA/MAX+395/32G/1TB/W11),89999,True,False,False,False,https://www.momoshop.com.tw/goods/GoodsDetail.jsp?i_code=14964170,2026-10-06
HN7306EA,HN7306EA-0033K395,config,TP00027530004427,【ASUS 華碩】ProArt PX13 HN7306EA 13.3吋AI繪圖OLED觸控筆電（AI MAX+ 395/32G/1TB）,89999,False,False,False,False,https://www.momoshop.com.tw/TP/TP0002753/goodsDetail/TP00027530004427,2026-10-06
HN7306EA,,,TP00027350005834,【ASUS 華碩】特仕版13.3吋筆電(ProArt HN7306EA/RAI MAX+ 395/32G/2TB SSD/W11/二年保),101999,False,False,True,False,https://www.momoshop.com.tw/TP/TP0002735/goodsDetail/TP00027350005834,2026-10-06
HN7306EA,HN7306EA-0033K395,config,TP00027350005833,【ASUS 華碩】特仕版13.3吋筆電(ProArt HN7306EA/RAI MAX+ 395/32G/1TB/Win11/二年保)多規,89999,False,False,True,False,https://www.momoshop.com.tw/TP/TP0002735/goodsDetail/TP00027350005833,2026-10-06
HT7407NA,HT7407NA-0033K88100,config,15313038,【ASUS 華碩】14吋行動工作站筆電(ProArt PZ14 HT7407NA/Snapdragon X2 Elite/16G/512G/3K OLED/W11),69999,True,False,False,False,https://www.momoshop.com.tw/goods/GoodsDetail.jsp?i_code=15313038,2026-10-06
HT7407NA,HT7407NA-0033K88100,config,TP00027350006637,【ASUS 華碩】14吋筆電(ProArt PZ14 HT7407NA/X2E-88-100/16G/512G/W11),69999,False,False,False,False,https://www.momoshop.com.tw/TP/TP0002735/goodsDetail/TP00027350006637,2026-10-06
M1502NAQ,,,15512459,【ASUS 華碩】特仕版 15.6吋輕薄筆電(Vivobook 15 M1502NAQ/R5-150/8G+8G/512G SSD/Win11),28499,True,False,True,False,https://www.momoshop.com.tw/goods/GoodsDetail.jsp?i_code=15512459,2026-10-06
M1502NAQ,,,15512469,【ASUS 華碩】特仕版 15.6吋輕薄筆電(Vivobook 15 M1502NAQ/R5-150/8G+16G/512G SSD/Win11),30999,True,False,True,False,https://www.momoshop.com.tw/goods/GoodsDetail.jsp?i_code=15512469,2026-10-06
M1502NAQ,M1502NAQ-0041B150H/M1502NAQ-0091C150H,config,15313044,【ASUS 華碩】15.6吋Ryzen 5輕薄筆電(VivoBook M1502NAQ/Ryzen5-150/8G/512G SSD/W11),23999,True,False,False,False,https://www.momoshop.com.tw/goods/GoodsDetail.jsp?i_code=15313044,2026-10-06
M1502NAQ,,,15512472,【ASUS 華碩】特仕版 15.6吋輕薄筆電(Vivobook 15 M1502NAQ/R5-150/8G+16G/1TB SSD/Win11),34499,True,False,True,False,https://www.momoshop.com.tw/goods/GoodsDetail.jsp?i_code=15512472,2026-10-06
M1502NAQ,,,15512468,【ASUS 華碩】特仕版 15.6吋輕薄筆電(Vivobook 15 M1502NAQ/R5-150/8G+8G/512G SSD/Win11),28499,True,False,True,False,https://www.momoshop.com.tw/goods/GoodsDetail.jsp?i_code=15512468,2026-10-06
M1502NAQ,,,15512471,【ASUS 華碩】特仕版 15.6吋輕薄筆電(Vivobook 15 M1502NAQ/R5-150/8G+8G/1TB SSD/Win11),31999,True,False,True,False,https://www.momoshop.com.tw/goods/GoodsDetail.jsp?i_code=15512471,2026-10-06
M1502NAQ,,,15512460,【ASUS 華碩】特仕版 15.6吋輕薄筆電(Vivobook 15 M1502NAQ/R5-150/8G+16G/512G SSD/Win11),30999,True,False,True,False,https://www.momoshop.com.tw/goods/GoodsDetail.jsp?i_code=15512460,2026-10-06
M1502NAQ,,,15512475,【ASUS 華碩】特仕版 15.6吋輕薄筆電(Vivobook 15 M1502NAQ/R5-150/8G+16G/2TB SSD/Win11),38499,True,False,True,False,https://www.momoshop.com.tw/goods/GoodsDetail.jsp?i_code=15512475,2026-10-06
M1502NAQ,,,15512474,【ASUS 華碩】特仕版 15.6吋輕薄筆電(Vivobook 15 M1502NAQ/R5-150/8G+8G/2TB SSD/Win11),35999,True,False,True,False,https://www.momoshop.com.tw/goods/GoodsDetail.jsp?i_code=15512474,2026-10-06
M1502NAQ,M1502NAQ-0041B150H/M1502NAQ-0091C150H,config,TP00027350006701,【ASUS 華碩】特仕版15.6吋筆電(Vivobook M1502NAQ/R5-150/8G/512G SSD/W11/藍)多規,23999,False,False,True,False,https://www.momoshop.com.tw/TP/TP0002735/goodsDetail/TP00027350006701,2026-10-06
M1502NAQ,,,TP00027350006716,【ASUS 華碩】特仕版15.6吋筆電(Vivobook M1502NAQ/R5-150/8G+8G/1TB SSD/W11/金),31999,False,False,True,False,https://www.momoshop.com.tw/TP/TP0002735/goodsDetail/TP00027350006716,2026-10-06
M1502NAQ,,,TP00027350006706,【ASUS 華碩】特仕版15.6吋筆電(Vivobook M1502NAQ/R5-150/8G+8G/1TB SSD/W11/藍),31999,False,False,True,False,https://www.momoshop.com.tw/TP/TP0002735/goodsDetail/TP00027350006706,2026-10-06
M1502NAQ,,,TP00027350006702,【ASUS 華碩】特仕版15.6吋筆電(Vivobook M1502NAQ/R5-150/8G+8G/512G SSD/W11/藍),28499,False,False,True,False,https://www.momoshop.com.tw/TP/TP0002735/goodsDetail/TP00027350006702,2026-10-06
M1502NAQ,,,TP00027350006704,【ASUS 華碩】特仕版15.6吋筆電(Vivobook M1502NAQ/R5-150/8G+16G/512G SSD/W11/藍),30999,False,False,True,False,https://www.momoshop.com.tw/TP/TP0002735/goodsDetail/TP00027350006704,2026-10-06
M1502NAQ,,,TP00027350006705,【ASUS 華碩】特仕版15.6吋筆電(Vivobook M1502NAQ/R5-150/8G+32G/512G SSD/W11/藍),36999,False,False,True,False,https://www.momoshop.com.tw/TP/TP0002735/goodsDetail/TP00027350006705,2026-10-06
M1502NAQ,,,TP00027350006707,【ASUS 華碩】特仕版15.6吋筆電(Vivobook M1502NAQ/R5-150/8G+16G/1TB SSD/W11/藍),34499,False,False,True,False,https://www.momoshop.com.tw/TP/TP0002735/goodsDetail/TP00027350006707,2026-10-06
M1502NAQ,,,TP00027350006708,【ASUS 華碩】特仕版15.6吋筆電(Vivobook M1502NAQ/R5-150/8G+32G/1TB SSD/W11/藍),40499,False,False,True,False,https://www.momoshop.com.tw/TP/TP0002735/goodsDetail/TP00027350006708,2026-10-06
M1502NAQ,,,TP00027350006709,【ASUS 華碩】特仕版15.6吋筆電(Vivobook M1502NAQ/R5-150/8G+8G/2TB SSD/W11/藍),35999,False,False,True,False,https://www.momoshop.com.tw/TP/TP0002735/goodsDetail/TP00027350006709,2026-10-06
M1502NAQ,,,15256407,【ASUS 華碩】15.6吋輕薄筆電(M1502NAQ/R5 150/8GB DDR5/512GB SSD/W11H),23999,True,False,False,False,https://www.momoshop.com.tw/goods/GoodsDetail.jsp?i_code=15256407,2026-10-06
M1502NAQ,,,TP00027350006710,【ASUS 華碩】特仕版15.6吋筆電(Vivobook M1502NAQ/R5-150/8G+16G/2TB SSD/W11/藍),38499,False,False,True,False,https://www.momoshop.com.tw/TP/TP0002735/goodsDetail/TP00027350006710,2026-10-06
M1502NAQ,,,TP00056340008017,【ASUS 華碩】 Vivobook 15.6吋輕薄筆電(M1502NAQ/R5 150/8GB DDR5/512GB SSD/無包鼠),23999,False,False,False,False,https://www.momoshop.com.tw/TP/TP0005634/goodsDetail/TP00056340008017,2026-10-06
M1502NAQ,,,TP00027350006711,【ASUS 華碩】特仕版15.6吋筆電(Vivobook M1502NAQ/R5-150/8G+32G/2TB SSD/W11/藍),44499,False,False,True,False,https://www.momoshop.com.tw/TP/TP0002735/goodsDetail/TP00027350006711,2026-10-06
M1502NAQ,M1502NAQ-0041B150H/M1502NAQ-0091C150H,config,TP00027350006712,【ASUS 華碩】特仕版15.6吋筆電(Vivobook M1502NAQ/R5-150/8G/512G SSD/W11/金)多規,23999,False,False,True,False,https://www.momoshop.com.tw/TP/TP0002735/goodsDetail/TP00027350006712,2026-10-06
M1502NAQ,,,TP00027350006713,【ASUS 華碩】特仕版15.6吋筆電(Vivobook M1502NAQ/R5-150/8G+8G/512G SSD/W11/金),28499,False,False,True,False,https://www.momoshop.com.tw/TP/TP0002735/goodsDetail/TP00027350006713,2026-10-06
M1502NAQ,,,TP00027350006714,【ASUS 華碩】特仕版15.6吋筆電(Vivobook M1502NAQ/R5-150/8G+16G/512G SSD/W11/金),30999,False,False,True,False,https://www.momoshop.com.tw/TP/TP0002735/goodsDetail/TP00027350006714,2026-10-06
M1502NAQ,,,TP00027350006715,【ASUS 華碩】特仕版15.6吋筆電(Vivobook M1502NAQ/R5-150/8G+32G/512G SSD/W11/金),36999,False,False,True,False,https://www.momoshop.com.tw/TP/TP0002735/goodsDetail/TP00027350006715,2026-10-06
M1502NAQ,,,TP00027350006717,【ASUS 華碩】特仕版15.6吋筆電(Vivobook M1502NAQ/R5-150/8G+16G/1TB SSD/W11/金),34499,False,False,True,False,https://www.momoshop.com.tw/TP/TP0002735/goodsDetail/TP00027350006717,2026-10-06
M1502NAQ,,,TP00027350006718,【ASUS 華碩】特仕版15.6吋筆電(Vivobook M1502NAQ/R5-150/8G+32G/1TB SSD/W11/金),40499,False,False,True,False,https://www.momoshop.com.tw/TP/TP0002735/goodsDetail/TP00027350006718,2026-10-06
M1502NAQ,,,TP00027350006719,【ASUS 華碩】特仕版15.6吋筆電(Vivobook M1502NAQ/R5-150/8G+8G/2TB SSD/W11/金),35999,False,False,True,False,https://www.momoshop.com.tw/TP/TP0002735/goodsDetail/TP00027350006719,2026-10-06
M1502NAQ,,,TP00027350006720,【ASUS 華碩】特仕版15.6吋筆電(Vivobook M1502NAQ/R5-150/8G+16G/2TB SSD/W11/金),38499,False,False,True,False,https://www.momoshop.com.tw/TP/TP0002735/goodsDetail/TP00027350006720,2026-10-06
M1502NAQ,,,TP00027350006722,【ASUS 華碩】特仕版15.6吋筆電(Vivobook M1502NAQ/R5-150/8G+32G/2TB SSD/W11/金),44499,False,False,True,False,https://www.momoshop.com.tw/TP/TP0002735/goodsDetail/TP00027350006722,2026-10-06
M1502XA,M1502XA-0021B7840HS,config,15496441,【ASUS 華碩】15.6吋Ryzen 7輕薄筆電(VivoBook M1502XA/Ryzen7-7840HS/8G/512G SSD/W11),27999,True,False,False,False,https://www.momoshop.com.tw/goods/GoodsDetail.jsp?i_code=15496441,2026-10-06
M1502XA,,,15655811,【ASUS 華碩】特仕版 15.6吋 Ryzen 7 輕薄筆電(VivoBook 15 M1502XA/Ryzen7-7840HS/8+8G/512G SSD/W11),32499,True,False,True,False,https://www.momoshop.com.tw/goods/GoodsDetail.jsp?i_code=15655811,2026-10-06
M1502XA,,,15512496,【ASUS 華碩】特仕版 15.6吋輕薄筆電(Vivobook M1502XA/R7-7840HS/8G+8G/512G SSD/W11),32499,True,False,True,False,https://www.momoshop.com.tw/goods/GoodsDetail.jsp?i_code=15512496,2026-10-06
M1502XA,,,15655813,【ASUS 華碩】特仕版 15.6吋 Ryzen 7 輕薄筆電(VivoBook 15 M1502XA/Ryzen7-7840HS/8+8G/1TB SSD/W11),36999,True,False,True,False,https://www.momoshop.com.tw/goods/GoodsDetail.jsp?i_code=15655813,2026-10-06
M1502XA,M1502XA-0021B7840HS,exact,TP00014390007081,【ASUS 華碩】M1502XA-0021B7840HS 15.6吋 R7 文書筆電 午夜藍,27999,False,False,False,False,https://www.momoshop.com.tw/TP/TP0001439/goodsDetail/TP00014390007081,2026-10-06
M1502XA,M1502XA-0021B7840HS,config,TP00027530004973,【ASUS 華碩】特仕版 Vivobook 15 M1502XA 15.6吋文書效能筆電（R7-7840HS/8G/512G/W11）,27999,False,False,True,False,https://www.momoshop.com.tw/TP/TP0002753/goodsDetail/TP00027530004973,2026-10-06
M1502XA,M1502XA-0021B7840HS,config,TP00027350006781,【ASUS 華碩】特仕版15.6吋筆電(Vivobook M1502XA/R7-7840HS/8G/512G SSD/W11/藍)多規,27999,False,False,True,False,https://www.momoshop.com.tw/TP/TP0002735/goodsDetail/TP00027350006781,2026-10-06
M1502XA,,,TP00027350006790,【ASUS 華碩】特仕版15.6吋筆電(Vivobook M1502XA/R7-7840HS/8G+32G/2TB SSD/W11/藍),50999,False,False,True,False,https://www.momoshop.com.tw/TP/TP0002735/goodsDetail/TP00027350006790,2026-10-06
M1502XA,,,TP00027350006784,【ASUS 華碩】特仕版15.6吋筆電(Vivobook M1502XA/R7-7840HS/8G+32G/512G SSD/W11/藍),42999,False,False,True,False,https://www.momoshop.com.tw/TP/TP0002735/goodsDetail/TP00027350006784,2026-10-06
M1502XA,,,TP00027350006786,【ASUS 華碩】特仕版15.6吋筆電(Vivobook M1502XA/R7-7840HS/8G+16G/1TB SSD/W11/藍),39499,False,False,True,False,https://www.momoshop.com.tw/TP/TP0002735/goodsDetail/TP00027350006786,2026-10-06
M1502XA,M1502XA-0021B7840HS,exact,TP00056340007901,【ASUS 華碩】Vivobook 15 M1502XA-0021B7840HS 午夜藍/無包鼠,27999,False,False,False,False,https://www.momoshop.com.tw/TP/TP0005634/goodsDetail/TP00056340007901,2026-10-06
M1502XA,,,TP00027350006782,【ASUS 華碩】特仕版15.6吋筆電(Vivobook M1502XA/R7-7840HS/8G+8G/512G SSD/W11/藍),32499,False,False,True,False,https://www.momoshop.com.tw/TP/TP0002735/goodsDetail/TP00027350006782,2026-10-06
M1502XA,,,TP00027350006783,【ASUS 華碩】特仕版15.6吋筆電(Vivobook M1502XA/R7-7840HS/8G+16G/512G SSD/W11/藍),35499,False,False,True,False,https://www.momoshop.com.tw/TP/TP0002735/goodsDetail/TP00027350006783,2026-10-06
M1502XA,,,TP00027350006785,【ASUS 華碩】特仕版15.6吋筆電(Vivobook M1502XA/R7-7840HS/8G+8G/1TB SSD/W11/藍),36499,False,False,True,False,https://www.momoshop.com.tw/TP/TP0002735/goodsDetail/TP00027350006785,2026-10-06
M1502XA,,,TP00027350006787,【ASUS 華碩】特仕版15.6吋筆電(Vivobook M1502XA/R7-7840HS/8G+32G/1TB SSD/W11/藍),46999,False,False,True,False,https://www.momoshop.com.tw/TP/TP0002735/goodsDetail/TP00027350006787,2026-10-06
M1502XA,,,TP00027350006788,【ASUS 華碩】特仕版15.6吋筆電(Vivobook M1502XA/R7-7840HS/8G+8G/2TB SSD/W11/藍),40499,False,False,True,False,https://www.momoshop.com.tw/TP/TP0002735/goodsDetail/TP00027350006788,2026-10-06
M1502XA,,,TP00027350006789,【ASUS 華碩】特仕版15.6吋筆電(Vivobook M1502XA/R7-7840HS/8G+16G/2TB SSD/W11/藍),43499,False,False,True,False,https://www.momoshop.com.tw/TP/TP0002735/goodsDetail/TP00027350006789,2026-10-06
M1502XA,,,TP00004400000286,【ASUS 華碩】特仕版 直升16G 1T SSD M1502XA/R7-7840HS/16G/1T SSD/W11/藍,34798,False,False,True,False,https://www.momoshop.com.tw/TP/TP0000440/goodsDetail/TP00004400000286,2026-10-06
M1502XA,,,TP00004400000288,【ASUS 華碩】特仕版 直升16G RAM (M1502XA/R7-7840HS/16G/512G SSD/W11/藍),31798,False,False,True,False,https://www.momoshop.com.tw/TP/TP0000440/goodsDetail/TP00004400000288,2026-10-06
M1605NAQ,,,TP00056340007432,【ASUS 華碩】 Vivobook 16 M1605NAQ-0051K150H 搖滾黑,26999,False,False,False,False,https://www.momoshop.com.tw/TP/TP0005634/goodsDetail/TP00056340007432,2026-10-06
M1807GA,M1807GA-0061B445H,config,14931831,【ASUS 華碩】18吋Ryzen AI 7 輕薄筆電(Vivobook 18 M1807GA/Ryzen AI 7 445/16G/512G SSD/W11),40999,True,False,False,False,https://www.momoshop.com.tw/goods/GoodsDetail.jsp?i_code=14931831,2026-10-06
M1807GA,,,14976558,【ASUS 華碩】特仕版 18吋輕薄筆(Vivobook 18 M1807GA/Ryzen AI 7 445/16G+16G/512G SSD/Win11),48499,True,False,True,False,https://www.momoshop.com.tw/goods/GoodsDetail.jsp?i_code=14976558,2026-10-06
M1807GA,,,14976556,【ASUS 華碩】特仕版 18吋輕薄筆(Vivobook 18 M1807GA/Ryzen AI 7 445/16G+8G/512G SSD/Win11),44499,True,False,True,False,https://www.momoshop.com.tw/goods/GoodsDetail.jsp?i_code=14976556,2026-10-06
M1807GA,,,15286439,【ASUS 華碩】特仕版 18吋AI輕薄筆電(Vivobook 18 M1807GA/Ryzen AI 7 445/16G+16G/改1TB SSD/Win11),50999,True,False,True,False,https://www.momoshop.com.tw/goods/GoodsDetail.jsp?i_code=15286439,2026-10-06
M1807GA,M1807GA-0061B445H,config,TP00027350005365,【ASUS 華碩】特仕版18吋筆電(Vivobook M1807GA/Ryzen AI 7 445/16G/512G/W11/藍)多規,40999,False,False,True,False,https://www.momoshop.com.tw/TP/TP0002735/goodsDetail/TP00027350005365,2026-10-06
M1807GA,,,15286440,【ASUS 華碩】特仕版 18吋AI輕薄筆電(Vivobook 18 M1807GA/Ryzen AI 7 445/16G+16G/512G SSD/Win11),47999,True,False,True,False,https://www.momoshop.com.tw/goods/GoodsDetail.jsp?i_code=15286440,2026-10-06
M1807GA,M1807GA-0051B445H,config,TP00027350005369,【ASUS 華碩】特仕版18吋筆電(Vivobook M1807GA/Ryzen AI 7 445/16G/1TB SSD/W11/藍),44999,False,False,True,False,https://www.momoshop.com.tw/TP/TP0002735/goodsDetail/TP00027350005369,2026-10-06
M1807GA,,,TP00027350005375,【ASUS 華碩】特仕版18吋筆電(Vivobook M1807GA/Ryzen AI 7 445/16G+16G/2TB/W11/藍),56499,False,False,True,False,https://www.momoshop.com.tw/TP/TP0002735/goodsDetail/TP00027350005375,2026-10-06
M1807GA,,,TP00027350005376,【ASUS 華碩】特仕版18吋筆電(Vivobook M1807GA/Ryzen AI 7 445/16G+32G/2TB/W11/藍),63999,False,False,True,False,https://www.momoshop.com.tw/TP/TP0002735/goodsDetail/TP00027350005376,2026-10-06
M1807GA,,,TP00027350005366,【ASUS 華碩】特仕版18吋筆電(Vivobook M1807GA/Ryzen AI 7 445/16G+8G/512G/W11/藍),44499,False,False,True,False,https://www.momoshop.com.tw/TP/TP0002735/goodsDetail/TP00027350005366,2026-10-06
M1807GA,,,TP00027350005367,【ASUS 華碩】特仕版18吋筆電(Vivobook M1807GA/Ryzen AI 7 445/16G+16G/512G/W11/藍),48499,False,False,True,False,https://www.momoshop.com.tw/TP/TP0002735/goodsDetail/TP00027350005367,2026-10-06
M1807GA,,,TP00027350005368,【ASUS 華碩】特仕版18吋筆電(Vivobook M1807GA/Ryzen AI 7 445/16G+32G/512G/W11/藍),55999,False,False,True,False,https://www.momoshop.com.tw/TP/TP0002735/goodsDetail/TP00027350005368,2026-10-06
M1807GA,,,TP00027350005370,【ASUS 華碩】特仕版18吋筆電(Vivobook M1807GA/Ryzen AI 7 445/16G/2TB SSD/W11/藍),48999,False,False,True,False,https://www.momoshop.com.tw/TP/TP0002735/goodsDetail/TP00027350005370,2026-10-06
M1807GA,,,TP00027350005371,【ASUS 華碩】特仕版18吋筆電(Vivobook M1807GA/Ryzen AI 7 445/16G+8G/1TB/W11/藍),48499,False,False,True,False,https://www.momoshop.com.tw/TP/TP0002735/goodsDetail/TP00027350005371,2026-10-06
M1807GA,,,TP00027350005372,【ASUS 華碩】特仕版18吋筆電(Vivobook M1807GA/Ryzen AI 7 445/16G+16G/1TB/W11/藍),52499,False,False,True,False,https://www.momoshop.com.tw/TP/TP0002735/goodsDetail/TP00027350005372,2026-10-06
M1807GA,,,TP00027350005373,【ASUS 華碩】特仕版18吋筆電(Vivobook M1807GA/Ryzen AI 7 445/16G+32G/1TB/W11/藍),59999,False,False,True,False,https://www.momoshop.com.tw/TP/TP0002735/goodsDetail/TP00027350005373,2026-10-06
M1807GA,,,TP00027350005374,【ASUS 華碩】特仕版18吋筆電(Vivobook M1807GA/Ryzen AI 7 445/16G+8G/2TB/W11/藍),52499,False,False,True,False,https://www.momoshop.com.tw/TP/TP0002735/goodsDetail/TP00027350005374,2026-10-06
M5506WA,M5506WA-0058K365H,config,14731974,【ASUS 華碩】 15.6吋Ryzen AI 9 輕薄筆電(Vivobook S M5506WA/AI 9 365/24G/512GB/W11/3K OLED),41999,True,False,False,False,https://www.momoshop.com.tw/goods/GoodsDetail.jsp?i_code=14731974,2026-10-06
P3405CVA,,,14429530,【ASUS 華碩】+27型螢幕組★ 14吋i7商用筆電(P3405CVA/i7-13620H/32G/1TB SSD/W11P),37900,True,True,False,False,https://www.momoshop.com.tw/goods/GoodsDetail.jsp?i_code=14429530,2026-10-06
P5405CSA,,,13321914,【ASUS 華碩】14吋Ultra 5商用AI筆電(P5405CSA/Ultra 5-226V/16G/1TB SSD/W11P),45900,True,False,False,False,https://www.momoshop.com.tw/goods/GoodsDetail.jsp?i_code=13321914,2026-10-06
P5405CSA,,,13449840,【ASUS 華碩】14吋Ultra 5 AI商用筆電(P5405CSA-0131A226V/Ultra 5-226V/16G/1T SSD/W11P),45900,True,False,False,False,https://www.momoshop.com.tw/goods/GoodsDetail.jsp?i_code=13449840,2026-10-06
P5405CSA,,,TP00064080001777,【ASUS 華碩】特仕款 14吋 AI 商用筆電 (P5405CSA/U5-228V/32GB/512G+512G/W11P),60990,False,False,True,False,https://www.momoshop.com.tw/TP/TP0006408/goodsDetail/TP00064080001777,2026-10-06
P5405CSA,,,TP00064080001778,【ASUS 華碩】特仕款 14吋 AI 商用筆電 (P5405CSA/U5-228V/32GB/512G+1TB/W11P),64990,False,False,True,False,https://www.momoshop.com.tw/TP/TP0006408/goodsDetail/TP00064080001778,2026-10-06
P5405CSA,,,TP00064080001780,【ASUS 華碩】特仕款 14吋 AI 商用筆電 (P5405CSA/U5-228V/32G/512G+4TB/W11P),77990,False,False,True,False,https://www.momoshop.com.tw/TP/TP0006408/goodsDetail/TP00064080001780,2026-10-06
P5405CSA,,,TP00064080001814,【ASUS 華碩】特仕款 14吋 AI 商用筆電 (P5405CSA/U5-228V/32GB/512G+2TB/W11P),69990,False,False,True,False,https://www.momoshop.com.tw/TP/TP0006408/goodsDetail/TP00064080001814,2026-10-06
PM3406CKA,,,14656372,【ASUS 華碩】14吋AMD Ryzen AI 5四核商用筆電(PM3406CKA/Ryzen AI 5 330/16GB/1TB SSD/W11P),43900,True,False,False,False,https://www.momoshop.com.tw/goods/GoodsDetail.jsp?i_code=14656372,2026-10-06
PM3606CKA,,,14228570,【ASUS 華碩】16吋AMD Ryzen AI 7八核商用筆電(PM3606CKA/Ryzen AI 7 350/16GB/1TB SSD/W11P),47900,True,False,False,False,https://www.momoshop.com.tw/goods/GoodsDetail.jsp?i_code=14228570,2026-10-06
PM3606CKA,,,14658723,【ASUS 華碩】16吋AMD Ryzen AI 5八核商用筆電(PM3606CKA/Ryzen AI 5 330/16GB/1TB SSD/W11P),43900,True,False,False,False,https://www.momoshop.com.tw/goods/GoodsDetail.jsp?i_code=14658723,2026-10-06
PM3606CKA,,,14288795,【ASUS 華碩】16吋AMD Ryzen AI 7八核商用筆電(PM3606CKA/Ryzen AI 7 350/16GB/1TB SSD/W11P),47900,True,False,False,False,https://www.momoshop.com.tw/goods/GoodsDetail.jsp?i_code=14288795,2026-10-06
PM5406CGA,,,15304788,【ASUS 華碩】14吋Ryzen AI 7商用AI筆電(PM5406CGA/Ryzen AI 7 445/16G/1TB SSD/W11P),50900,True,False,False,False,https://www.momoshop.com.tw/goods/GoodsDetail.jsp?i_code=15304788,2026-10-06
PM5406CGA,,,15249236,【ASUS 華碩】14吋AMD Ryzen AI 7六核商用筆電(PM5406CGA/Ryzen AI 7 445/16GB/1TB SSD/W11P),50900,True,False,False,False,https://www.momoshop.com.tw/goods/GoodsDetail.jsp?i_code=15249236,2026-10-06
PM5406CGA,,,15249237,【ASUS 華碩】14吋AMD Ryzen AI 5 四核商用筆電(PM5406CGA/Ryzen AI 5 430/16GB/1TB SSD/W11P),46900,True,False,False,False,https://www.momoshop.com.tw/goods/GoodsDetail.jsp?i_code=15249237,2026-10-06
PM5406CGA,,,15304795,【ASUS 華碩】14吋Ryzen AI 5商用AI筆電(PM5406CGA/Ryzen AI 5 430/16G/1TB SSD/W11P),46900,True,False,False,False,https://www.momoshop.com.tw/goods/GoodsDetail.jsp?i_code=15304795,2026-10-06
PM5606CGA,,,15304762,【ASUS 華碩】16吋Ryzen AI 7商用AI筆電(PM5606CGA/Ryzen AI 7 445/16G/1TB SSD/W11P),50900,True,False,False,False,https://www.momoshop.com.tw/goods/GoodsDetail.jsp?i_code=15304762,2026-10-06
PM5606CGA,,,15249241,【ASUS 華碩】16吋AMD Ryzen AI 5 四核商用筆電(PM5606CGA/Ryzen AI 5 430/16GB/1TB SSD/W11P),46900,True,False,False,False,https://www.momoshop.com.tw/goods/GoodsDetail.jsp?i_code=15249241,2026-10-06
PM5606CGA,,,15304784,【ASUS 華碩】16吋Ryzen AI 5商用AI筆電(PM5606CGA/Ryzen AI 5 430/16G/1TB SSD/W11P),46900,True,False,False,False,https://www.momoshop.com.tw/goods/GoodsDetail.jsp?i_code=15304784,2026-10-06
PM5606CGA,,,15249239,【ASUS 華碩】16吋AMD Ryzen AI 7六核商用筆電(PM5606CGA/Ryzen AI 7 445/16GB/1TB SSD/W11P),50900,True,False,False,False,https://www.momoshop.com.tw/goods/GoodsDetail.jsp?i_code=15249239,2026-10-06
S3407CA,S3407CA-0062G225H,config,14799166,【ASUS 】 Type-C HUB組★14吋Ultra 5輕薄AI筆電(VivoBook S14 S3407CA/Ultra 5-225H/16G/512G SSD/W11),31999,True,True,False,False,https://www.momoshop.com.tw/goods/GoodsDetail.jsp?i_code=14799166,2026-10-06
S3407QA,S3407QA-0042G26100,config,15080286,【ASUS 華碩】14吋Copilot+PC AI筆電(VivoBook S14 S3407QA/Snapdragon X X1-26-100/16G/512G SSD/W11),37999,True,False,False,False,https://www.momoshop.com.tw/goods/GoodsDetail.jsp?i_code=15080286,2026-10-06
S3407QA,S3407QA-0042G26100,exact,15404393,【ASUS 華碩】特仕版 14吋AI筆電(S3407QA-0042G26100/Snapdragon X X1-26-100/16G/改裝1TB SSD/OLED),39999,True,False,True,False,https://www.momoshop.com.tw/goods/GoodsDetail.jsp?i_code=15404393,2026-10-06
S3407QA,S3407QA-0022G26100,config,TP00027530004085,【ASUS 華碩】【福利品】 Vivobook S14 S3407QA 灰 14吋AI文書效能筆電（X X1 26 100/16G/1T）,25999,False,False,False,True,https://www.momoshop.com.tw/TP/TP0002753/goodsDetail/TP00027530004085,2026-10-06
S3407QA,S3407QA-0042G26100,exact,TP00014390007275,【ASUS 華碩】S3407QA-0042G26100 14吋 X1 AI筆電 夜幕灰,37999,False,False,False,False,https://www.momoshop.com.tw/TP/TP0001439/goodsDetail/TP00014390007275,2026-10-06
S3407QA,,,TP00027530004087,【ASUS 華碩】特仕版 Vivobook S14 S3407QA 14吋AI文書效能OLED筆電（X X1 26 100/16G/2T）,36299,False,False,True,False,https://www.momoshop.com.tw/TP/TP0002753/goodsDetail/TP00027530004087,2026-10-06
S3407QA,S3407QA-0042G26100,config,TP00027530004550,【ASUS 華碩】特仕版 Vivobook S14 S3407QA 14吋AI效能OLED筆電（X X1 26 100/16G/512G）,37999,False,False,True,False,https://www.momoshop.com.tw/TP/TP0002753/goodsDetail/TP00027530004550,2026-10-06
S3407QA,S3407QA-0042G26100,config,TP00027350005936,【ASUS 華碩】特仕版14吋筆電(Vivobook S14 S3407QA/X1 26 100/16G/512G SSD/W11)多規,37999,False,False,True,False,https://www.momoshop.com.tw/TP/TP0002735/goodsDetail/TP00027350005936,2026-10-06
S3407QA,S3407QA-0022G26100,config,TP00027350005937,【ASUS 華碩】特仕版14吋筆電(Vivobook S14 S3407QA/X1 26 100/16G/1TB SSD/W11),42499,False,False,True,False,https://www.momoshop.com.tw/TP/TP0002735/goodsDetail/TP00027350005937,2026-10-06
S3407QA,S3407QA-0042G26100,exact,TP00064080001247,【ASUS 華碩】特仕款 S14 AI 輕薄文書筆電 (S3407QA-0042G26100/X1 26 100/16G/1TB/W11),45990,False,False,True,False,https://www.momoshop.com.tw/TP/TP0006408/goodsDetail/TP00064080001247,2026-10-06
S3407QA,S3407QA-0042G26100,exact,TP00056340007447,【ASUS 華碩】Vivobook S14 S3407QA-0042G26100 夜幕灰 AI筆電,37999,False,False,False,False,https://www.momoshop.com.tw/TP/TP0005634/goodsDetail/TP00056340007447,2026-10-06
S3407QA,S3407QA-0042G26100,exact,TP00064080001248,【ASUS 華碩】特仕款 S14 AI 輕薄文書筆電 (S3407QA-0042G26100/X1 26 100/16G/2TB/W11),50990,False,False,True,False,https://www.momoshop.com.tw/TP/TP0006408/goodsDetail/TP00064080001248,2026-10-06
S3407QA,,,TP00027350005938,【ASUS 華碩】特仕版14吋筆電(Vivobook S14 S3407QA/X1 26 100/16G/2TB SSD/W11),46499,False,False,True,False,https://www.momoshop.com.tw/TP/TP0002735/goodsDetail/TP00027350005938,2026-10-06
S3407QA,,,TP00027350005939,【ASUS 華碩】特仕版14吋筆電(Vivobook S14 S3407QA/X1 26 100/16G/4TB SSD/W11),55999,False,False,True,False,https://www.momoshop.com.tw/TP/TP0002735/goodsDetail/TP00027350005939,2026-10-06
S3607AA,S3607AA-0062S325/S3607AA-0052G325/S3607AA-0072C325/S3607AA-0082E325,config,15252518,【ASUS 華碩】16吋Copilot+PC AI筆電(VivoBook S16 S3607AA/Ultra 5-325/16G/512G SSD/W11/OLED),37999,True,False,False,False,https://www.momoshop.com.tw/goods/GoodsDetail.jsp?i_code=15252518,2026-10-06
S3607AA,S3607AA-0052G325,exact,14976263,【ASUS 華碩】特仕版 16輕薄AI筆電(S3607AA-0052G325/Ultra 5-325/16G+16G/改1TB SSD/OLED/Win11),47999,True,False,True,False,https://www.momoshop.com.tw/goods/GoodsDetail.jsp?i_code=14976263,2026-10-06
S3607AA,S3607AA-0062S325/S3607AA-0052G325/S3607AA-0072C325/S3607AA-0082E325,config,15482687,【ASUS 華碩】16吋Copilot+PC AI筆電(VivoBook S16 S3607AA/Ultra 5-325/16G/512G SSD/W11/OLED),37999,True,False,False,False,https://www.momoshop.com.tw/goods/GoodsDetail.jsp?i_code=15482687,2026-10-06
S3607AA,S3607AA-0082E325,exact,15655806,【ASUS 華碩】特仕版 16吋 Ultra5 輕薄筆電(VivoBook S16 S3607AA-0082E325/Ultra5-325/16G/1TB SSD/W11),41499,True,False,True,False,https://www.momoshop.com.tw/goods/GoodsDetail.jsp?i_code=15655806,2026-10-06
S3607AA,S3607AA-0062S325/S3607AA-0052G325/S3607AA-0072C325/S3607AA-0082E325,config,15441243,【ASUS 華碩】Office2024組★16吋Copilot+PC AI筆電(VivoBook S16 S3607AA/Ultra 5-325/16G/512G SSD/OLED),42999,True,True,False,False,https://www.momoshop.com.tw/goods/GoodsDetail.jsp?i_code=15441243,2026-10-06
S3607AA,S3607AA-0062S325/S3607AA-0052G325/S3607AA-0072C325/S3607AA-0082E325,config,15271768,【ASUS 華碩】滑鼠組★16吋Copilot+PC AI筆電(VivoBook S16 S3607AA/Ultra 5-325/16G/512G SSD/W11/OLED),38499,True,True,False,False,https://www.momoshop.com.tw/goods/GoodsDetail.jsp?i_code=15271768,2026-10-06
S3607AA,S3607AA-0082E325,exact,15286445,【ASUS 華碩】特仕版 16輕薄AI筆電(S3607AA-0082E325/Ultra 5-325/16G+16G/改1TB SSD/OLED/Win11),47999,True,False,True,False,https://www.momoshop.com.tw/goods/GoodsDetail.jsp?i_code=15286445,2026-10-06
S3607AA,,,15045103,【ASUS 華碩】特仕版 16吋輕薄筆電(Vivobook S16 S3607AA/Ultra 5 325/16G+16G/1TB SSD/Win11/OLED),49499,True,False,True,False,https://www.momoshop.com.tw/goods/GoodsDetail.jsp?i_code=15045103,2026-10-06
S3607AA,S3607AA-0072C325,exact,15655804,【ASUS 華碩】特仕版 16吋 Ultra5 輕薄筆電(VivoBook S16 S3607AA-0072C325/Ultra5-325/16G/1TB SSD/W11),41499,True,False,True,False,https://www.momoshop.com.tw/goods/GoodsDetail.jsp?i_code=15655804,2026-10-06
S3607AA,S3607AA-0062S325,exact,15249185,【ASUS 華碩】特仕版 16輕薄AI筆電(S3607AA-0062S325/Ultra 5-325/16G+16G/改1TB SSD/OLED/Win11),47999,True,False,True,False,https://www.momoshop.com.tw/goods/GoodsDetail.jsp?i_code=15249185,2026-10-06
S3607AA,S3607AA-0052G325,exact,15286447,【ASUS 華碩】特仕版 16輕薄AI筆電(S3607AA-0052G325/Ultra 5-325/16G+16G/512G SSD/OLED/Win11),44999,True,False,True,False,https://www.momoshop.com.tw/goods/GoodsDetail.jsp?i_code=15286447,2026-10-06
S3607AA,S3607AA-0072C325,exact,15286441,【ASUS 華碩】特仕版 16輕薄AI筆電(S3607AA-0072C325/Ultra 5-325/16G+16G/改1TB SSD/OLED/Win11),47999,True,False,True,False,https://www.momoshop.com.tw/goods/GoodsDetail.jsp?i_code=15286441,2026-10-06
S3607AA,S3607AA-0062S325/S3607AA-0052G325/S3607AA-0072C325/S3607AA-0082E325,config,15271770,【ASUS 華碩】65W充電組★16吋Copilot+PC AI筆電(VivoBook S16 S3607AA/Ultra 5-325/16G/512G/W11/OLED),38499,True,True,False,False,https://www.momoshop.com.tw/goods/GoodsDetail.jsp?i_code=15271770,2026-10-06
S3607AA,S3607AA-0062S325/S3607AA-0052G325/S3607AA-0072C325/S3607AA-0082E325,config,15544966,【ASUS 華碩】滑鼠組★16吋Copilot+PC AI筆電(VivoBook S16 S3607AA/Ultra 5-325/16G/512G SSD/W11/OLED),38499,True,True,False,False,https://www.momoshop.com.tw/goods/GoodsDetail.jsp?i_code=15544966,2026-10-06
S3607AA,S3607AA-0062S325/S3607AA-0052G325/S3607AA-0072C325/S3607AA-0082E325,config,15544969,【ASUS 華碩】Office2024組★16吋Copilot+PC AI筆電(VivoBook S16 S3607AA/Ultra 5-325/16G/512G/W11/OLED),42999,True,True,False,False,https://www.momoshop.com.tw/goods/GoodsDetail.jsp?i_code=15544969,2026-10-06
S3607AA,S3607AA-0062S325/S3607AA-0052G325/S3607AA-0072C325/S3607AA-0082E325,config,15544967,【ASUS 華碩】65W充電組★16吋Copilot+PC AI筆電(VivoBook S16 S3607AA/Ultra 5-325/16G/512G/W11/OLED),38499,True,True,False,False,https://www.momoshop.com.tw/goods/GoodsDetail.jsp?i_code=15544967,2026-10-06
S3607AA,S3607AA-0072C325,exact,15286443,【ASUS 華碩】特仕版 16輕薄AI筆電(S3607AA-0072C325/Ultra 5-325/16G+16G/512G SSD/OLED/Win11),44999,True,False,True,False,https://www.momoshop.com.tw/goods/GoodsDetail.jsp?i_code=15286443,2026-10-06
S3607AA,S3607AA-0062S325/S3607AA-0052G325/S3607AA-0072C325/S3607AA-0082E325,config,15544952,【ASUS 華碩】微軟M365組★16吋Copilot+PC AI筆電(VivoBook S16 S3607AA/Ultra 5-325/16G/512G/W11/OLED),40379,True,True,False,False,https://www.momoshop.com.tw/goods/GoodsDetail.jsp?i_code=15544952,2026-10-06
S3607AA,S3607AA-0082E325,exact,15286446,【ASUS 華碩】特仕版 16輕薄AI筆電(S3607AA-0082E325/Ultra 5-325/16G+16G/512G SSD/OLED/Win11),44999,True,False,True,False,https://www.momoshop.com.tw/goods/GoodsDetail.jsp?i_code=15286446,2026-10-06
S3607AA,,,14976600,【ASUS 華碩】特仕版 16吋輕薄筆電(Vivobook S16 S3607AA/Ultra 5 325/16G+16G/512G SSD/Win11/OLED),45499,True,False,True,False,https://www.momoshop.com.tw/goods/GoodsDetail.jsp?i_code=14976600,2026-10-06
S3607AA,S3607AA-0062S325/S3607AA-0052G325/S3607AA-0072C325/S3607AA-0082E325,config,TP00027530004634,【ASUS 華碩】特仕版 Vivobook S16 S3607AA 酷玩銀 16吋AI文書效能筆電（U5/16G/512G/W11）,37999,False,False,True,False,https://www.momoshop.com.tw/TP/TP0002753/goodsDetail/TP00027530004634,2026-10-06
S3607AA,S3607AA-0062S325/S3607AA-0052G325/S3607AA-0072C325/S3607AA-0082E325,config,15271161,【ASUS 華碩】微軟M365組★16吋Copilot+PC AI筆電(VivoBook S16 S3607AA/Ultra 5-325/16G/512G/W11/OLED),40389,True,True,False,False,https://www.momoshop.com.tw/goods/GoodsDetail.jsp?i_code=15271161,2026-10-06
S3607AA,,,14976607,【ASUS 華碩】特仕版 16吋輕薄筆電(Vivobook S16 S3607AA/Ultra 5 325/16G+16G/1TB SSD/Win11/OLED),49499,True,False,True,False,https://www.momoshop.com.tw/goods/GoodsDetail.jsp?i_code=14976607,2026-10-06
S3607AA,,,14976614,【ASUS 華碩】特仕版 16吋輕薄筆電(Vivobook S16 S3607AA/Ultra 5 325/16G+16G/2TB SSD/Win11/OLED),53499,True,False,True,False,https://www.momoshop.com.tw/goods/GoodsDetail.jsp?i_code=14976614,2026-10-06
S3607AA,S3607AA-0062S325,exact,15286448,【ASUS 華碩】特仕版 16輕薄AI筆電(S3607AA-0062S325/Ultra 5-325/16G+16G/512G SSD/OLED/Win11),44999,True,False,True,False,https://www.momoshop.com.tw/goods/GoodsDetail.jsp?i_code=15286448,2026-10-06
S3607AA,S3607AA-0052G325,exact,TP00064080001569,【ASUS 華碩】特仕款 S16 AI效能筆電 (S3607AA-0052G325/Ultra5-325/16+32G/升2TB/W11),67990,False,False,True,False,https://www.momoshop.com.tw/TP/TP0006408/goodsDetail/TP00064080001569,2026-10-06
S3607AA,S3607AA-0052G325,exact,TP00064080001558,【ASUS 華碩】特仕款 S16 AI效能OLED筆電 (S3607AA-0052G325/Ultra5-325/16G/1TB/W11),45990,False,False,True,False,https://www.momoshop.com.tw/TP/TP0006408/goodsDetail/TP00064080001558,2026-10-06
S3607AA,S3607AA-0062S325/S3607AA-0052G325/S3607AA-0072C325/S3607AA-0082E325,config,TP00027350006618,【ASUS 華碩】特仕版16吋筆電(Vivobook S3607AA/Ultra 5 325/16G/512G/W11/綠)多規,37999,False,False,True,False,https://www.momoshop.com.tw/TP/TP0002735/goodsDetail/TP00027350006618,2026-10-06
S3607AA,S3607AA-0052G325,exact,TP00064080001559,【ASUS 華碩】特仕款 S16 AI效能OLED筆電 (S3607AA-0052G325/Ultra5-325/16G/2TB/W11),50990,False,False,True,False,https://www.momoshop.com.tw/TP/TP0006408/goodsDetail/TP00064080001559,2026-10-06
S3607AA,S3607AA-0052G325,exact,TP00064080001564,【ASUS 華碩】特仕款 S16 AI效能筆電(S3607AA-0052G325/Ultra5-325/16+16G/512GB/W11),47990,False,False,True,False,https://www.momoshop.com.tw/TP/TP0006408/goodsDetail/TP00064080001564,2026-10-06
S3607AA,S3607AA-0052G325,exact,TP00064080001565,【ASUS 華碩】特仕款 S16 AI效能筆電 (S3607AA-0052G325/Ultra5-325/16+16G/升1TB/W11),55990,False,False,True,False,https://www.momoshop.com.tw/TP/TP0006408/goodsDetail/TP00064080001565,2026-10-06
S3607AA,S3607AA-0052G325,exact,TP00064080001566,【ASUS 華碩】特仕款 S16 AI效能筆電 (S3607AA-0052G325/Ultra5-325/16+16G/升2TB/W11),60990,False,False,True,False,https://www.momoshop.com.tw/TP/TP0006408/goodsDetail/TP00064080001566,2026-10-06
S3607AA,S3607AA-0052G325,exact,TP00064080001567,【ASUS 華碩】特仕款 S16 AI效能筆電(S3607AA-0052G325/Ultra5-325/16+32G/512GB/W11),54990,False,False,True,False,https://www.momoshop.com.tw/TP/TP0006408/goodsDetail/TP00064080001567,2026-10-06
S3607AA,S3607AA-0052G325,exact,TP00064080001568,【ASUS 華碩】特仕款 S16 AI效能筆電 (S3607AA-0052G325/Ultra5-325/16+32G/升1TB/W11),62990,False,False,True,False,https://www.momoshop.com.tw/TP/TP0006408/goodsDetail/TP00064080001568,2026-10-06
S3607AA,S3607AA-0062S325,exact,TP00064080001570,【ASUS 華碩】特仕款 S16 AI效能OLED筆電 (S3607AA-0062S325/Ultra5-325/16G/1TB/W11),45990,False,False,True,False,https://www.momoshop.com.tw/TP/TP0006408/goodsDetail/TP00064080001570,2026-10-06
S3607AA,S3607AA-0062S325,exact,TP00064080001571,【ASUS 華碩】特仕款 S16 AI效能OLED筆電 (S3607AA-0062S325/Ultra5-325/16G/2TB/W11),50990,False,False,True,False,https://www.momoshop.com.tw/TP/TP0006408/goodsDetail/TP00064080001571,2026-10-06
S3607AA,S3607AA-0062S325,exact,TP00064080001577,【ASUS 華碩】特仕款 S16 AI效能筆電 (S3607AA-0062S325/Ultra5-325/16+16G/升1TB/W11),55990,False,False,True,False,https://www.momoshop.com.tw/TP/TP0006408/goodsDetail/TP00064080001577,2026-10-06
S3607AA,S3607AA-0062S325,exact,TP00064080001578,【ASUS 華碩】特仕款 S16 AI效能筆電 (S3607AA-0062S325/Ultra5-325/16+16G/升2TB/W11),60990,False,False,True,False,https://www.momoshop.com.tw/TP/TP0006408/goodsDetail/TP00064080001578,2026-10-06
S3607AA,S3607AA-0062S325,exact,TP00064080001579,【ASUS 華碩】特仕款 S16 AI效能筆電(S3607AA-0062S325/Ultra5-325/16+16G/512GB/W11),47990,False,False,True,False,https://www.momoshop.com.tw/TP/TP0006408/goodsDetail/TP00064080001579,2026-10-06
S3607AA,S3607AA-0062S325,exact,TP00064080001580,【ASUS 華碩】特仕款 S16 AI效能筆電 (S3607AA-0062S325/Ultra5-325/16+32G/升1TB/W11),62990,False,False,True,False,https://www.momoshop.com.tw/TP/TP0006408/goodsDetail/TP00064080001580,2026-10-06
S3607AA,S3607AA-0062S325,exact,TP00064080001581,【ASUS 華碩】特仕款 S16 AI效能筆電 (S3607AA-0062S325/Ultra5-325/16+32G/升2TB/W11),67990,False,False,True,False,https://www.momoshop.com.tw/TP/TP0006408/goodsDetail/TP00064080001581,2026-10-06
S3607AA,S3607AA-0062S325,exact,TP00064080001582,【ASUS 華碩】特仕款 S16 AI效能筆電(S3607AA-0062S325/Ultra5-325/16+32G/512GB/W11),54990,False,False,True,False,https://www.momoshop.com.tw/TP/TP0006408/goodsDetail/TP00064080001582,2026-10-06
S3607AA,S3607AA-0072C325,exact,TP00064080001583,【ASUS 華碩】特仕款 S16 AI效能OLED筆電 (S3607AA-0072C325/Ultra5-325/16G/1TB/W11),45990,False,False,True,False,https://www.momoshop.com.tw/TP/TP0006408/goodsDetail/TP00064080001583,2026-10-06
S3607AA,S3607AA-0072C325,exact,TP00064080001584,【ASUS 華碩】特仕款 S16 AI效能OLED筆電 (S3607AA-0072C325/Ultra5-325/16G/2TB/W11),50990,False,False,True,False,https://www.momoshop.com.tw/TP/TP0006408/goodsDetail/TP00064080001584,2026-10-06
S3607AA,S3607AA-0072C325,exact,TP00064080001588,【ASUS 華碩】特仕款 S16 AI效能筆電 (S3607AA-0072C325/Ultra5-325/16+16G/升1TB/W11),55990,False,False,True,False,https://www.momoshop.com.tw/TP/TP0006408/goodsDetail/TP00064080001588,2026-10-06
S3607AA,S3607AA-0072C325,exact,TP00064080001590,【ASUS 華碩】特仕款 S16 AI效能筆電 (S3607AA-0072C325/Ultra5-325/16+16G/升2TB/W11),60990,False,False,True,False,https://www.momoshop.com.tw/TP/TP0006408/goodsDetail/TP00064080001590,2026-10-06
S3607AA,S3607AA-0072C325,exact,TP00064080001591,【ASUS 華碩】特仕款 S16 AI效能筆電(S3607AA-0072C325/Ultra5-325/16+16G/512GB/W11),47990,False,False,True,False,https://www.momoshop.com.tw/TP/TP0006408/goodsDetail/TP00064080001591,2026-10-06
S3607AA,S3607AA-0072C325,exact,TP00064080001592,【ASUS 華碩】特仕款 S16 AI效能筆電 (S3607AA-0072C325/Ultra5-325/16+32G/升1TB/W11),62990,False,False,True,False,https://www.momoshop.com.tw/TP/TP0006408/goodsDetail/TP00064080001592,2026-10-06
S3607AA,S3607AA-0072C325,exact,TP00064080001594,【ASUS 華碩】特仕款 S16 AI效能筆電 (S3607AA-0072C325/Ultra5-325/16+32G/升2TB/W11),67990,False,False,True,False,https://www.momoshop.com.tw/TP/TP0006408/goodsDetail/TP00064080001594,2026-10-06
S3607AA,S3607AA-0072C325,exact,TP00014390006638,【ASUS 華碩】S3607AA-0072C325 16吋 U5 筆電 瑰蜜粉,39999,False,False,False,False,https://www.momoshop.com.tw/TP/TP0001439/goodsDetail/TP00014390006638,2026-10-06
S3607AA,S3607AA-0072C325,exact,TP00064080001596,【ASUS 華碩】特仕款 S16 AI效能筆電(S3607AA-0072C325/Ultra5-325/16+32G/512GB/W11),54990,False,False,True,False,https://www.momoshop.com.tw/TP/TP0006408/goodsDetail/TP00064080001596,2026-10-06
S3607AA,S3607AA-0052G325,exact,TP00014390006873,【ASUS 華碩】S3607AA-0052G325 16吋 U5 筆電｜夜幕灰,39999,False,False,False,False,https://www.momoshop.com.tw/TP/TP0001439/goodsDetail/TP00014390006873,2026-10-06
S3607AA,S3607AA-0062S325/S3607AA-0052G325/S3607AA-0072C325/S3607AA-0082E325,config,TP00027530004345,【ASUS 華碩】特仕版 Vivobook S16 S3607AA 夜幕灰 16吋AI文書效能筆電（U5/16G/512G/W11）,37999,False,False,True,False,https://www.momoshop.com.tw/TP/TP0002753/goodsDetail/TP00027530004345,2026-10-06
S3607AA,S3607AA-0062S325/S3607AA-0052G325/S3607AA-0072C325/S3607AA-0082E325,config,TP00027530004743,【ASUS 華碩】特仕版 Vivobook S16 S3607AA 瑰蜜粉 16吋AI文書效能筆電（U5/16G/512G/W11）,37999,False,False,True,False,https://www.momoshop.com.tw/TP/TP0002753/goodsDetail/TP00027530004743,2026-10-06
S3607AA,S3607AA-0062S325/S3607AA-0052G325/S3607AA-0072C325/S3607AA-0082E325,config,TP00027530004744,【ASUS 華碩】特仕版 Vivobook S16 S3607AA 開心果綠 16吋AI文書效能筆電（U5/16G/512G/W11）,37999,False,False,True,False,https://www.momoshop.com.tw/TP/TP0002753/goodsDetail/TP00027530004744,2026-10-06
S3607AA,S3607AA-0052G325,exact,TP00056340007433,【ASUS 華碩】Vivobook S16 S3607AA-0052G325夜幕灰,37999,False,False,False,False,https://www.momoshop.com.tw/TP/TP0005634/goodsDetail/TP00056340007433,2026-10-06
S3607AA,S3607AA-0062S325,exact,TP00014390006570,【ASUS 華碩】S3607AA-0062S325 16吋 U5 筆電 酷玩銀,39999,False,False,False,False,https://www.momoshop.com.tw/TP/TP0001439/goodsDetail/TP00014390006570,2026-10-06
S3607AA,S3607AA-0062S325/S3607AA-0052G325/S3607AA-0072C325/S3607AA-0082E325,config,TP00027350005380,【ASUS 華碩】特仕版16吋筆電(Vivobook S3607AA/Ultra 5 325/16G/512G/W11/灰)多規,37999,False,False,True,False,https://www.momoshop.com.tw/TP/TP0002735/goodsDetail/TP00027350005380,2026-10-06
S3607AA,,,TP00027350006620,【ASUS 華碩】特仕版16吋筆電(Vivobook S3607AA/Ultra 5 325/16G+16G/512G/W11/綠),45499,False,False,True,False,https://www.momoshop.com.tw/TP/TP0002735/goodsDetail/TP00027350006620,2026-10-06
S3607AA,,,TP00027350005381,【ASUS 華碩】特仕版16吋筆電(Vivobook S3607AA/Ultra 5 325/16G+8G/512G/W11/灰),42499,False,False,True,False,https://www.momoshop.com.tw/TP/TP0002735/goodsDetail/TP00027350005381,2026-10-06
S3607AA,,,TP00027350005382,【ASUS 華碩】特仕版16吋筆電(Vivobook S3607AA/Ultra 5 325/16G+16G/512G/W11/灰),45499,False,False,True,False,https://www.momoshop.com.tw/TP/TP0002735/goodsDetail/TP00027350005382,2026-10-06
S3607AA,,,TP00027350005383,【ASUS 華碩】特仕版16吋筆電(Vivobook S3607AA/Ultra 5 325/16G+32G/512G/W11/灰),52999,False,False,True,False,https://www.momoshop.com.tw/TP/TP0002735/goodsDetail/TP00027350005383,2026-10-06
S3607AA,,,TP00027350005384,【ASUS 華碩】特仕版16吋筆電(Vivobook S3607AA/Ultra 5 325/16G+8G/1TB SSD/W11/灰),46499,False,False,True,False,https://www.momoshop.com.tw/TP/TP0002735/goodsDetail/TP00027350005384,2026-10-06
S3607AA,,,TP00027350005385,【ASUS 華碩】特仕版16吋筆電(Vivobook S3607AA/Ultra 5 325/16G+16G/1TB SSD/W11/灰),49499,False,False,True,False,https://www.momoshop.com.tw/TP/TP0002735/goodsDetail/TP00027350005385,2026-10-06
S3607AA,,,TP00027350005386,【ASUS 華碩】特仕版16吋筆電(Vivobook S3607AA/Ultra 5 325/16G+32G/1TB SSD/W11/灰),56999,False,False,True,False,https://www.momoshop.com.tw/TP/TP0002735/goodsDetail/TP00027350005386,2026-10-06
S3607AA,,,TP00027350005387,【ASUS 華碩】特仕版16吋筆電(Vivobook S3607AA/Ultra 5 325/16G+8G/2TB SSD/W11/灰),50499,False,False,True,False,https://www.momoshop.com.tw/TP/TP0002735/goodsDetail/TP00027350005387,2026-10-06
S3607AA,,,TP00027350005388,【ASUS 華碩】特仕版16吋筆電(Vivobook S3607AA/Ultra 5 325/16G+16G/2TB SSD/W11/灰),53499,False,False,True,False,https://www.momoshop.com.tw/TP/TP0002735/goodsDetail/TP00027350005388,2026-10-06
S3607AA,,,TP00027350005390,【ASUS 華碩】特仕版16吋筆電(Vivobook S3607AA/Ultra 5 325/16G+32G/2TB SSD/W11/灰),60999,False,False,True,False,https://www.momoshop.com.tw/TP/TP0002735/goodsDetail/TP00027350005390,2026-10-06
S3607AA,S3607AA-0062S325/S3607AA-0052G325/S3607AA-0072C325/S3607AA-0082E325,config,TP00027350005721,【ASUS 華碩】特仕版16吋筆電(Vivobook S3607AA/Ultra 5 325/16G/512G/W11/銀)多規,49499,False,False,True,False,https://www.momoshop.com.tw/TP/TP0002735/goodsDetail/TP00027350005721,2026-10-06
S3607AA,,,TP00027350005722,【ASUS 華碩】特仕版16吋筆電(Vivobook S3607AA/Ultra 5 325/24G/512G/W11/銀),42499,False,False,True,False,https://www.momoshop.com.tw/TP/TP0002735/goodsDetail/TP00027350005722,2026-10-06
S3607AA,,,TP00027350005724,【ASUS 華碩】特仕版16吋筆電(Vivobook S3607AA/Ultra 5 325/48G/512G/W11/銀),51999,False,False,True,False,https://www.momoshop.com.tw/TP/TP0002735/goodsDetail/TP00027350005724,2026-10-06
S3607AA,,,TP00027350005725,【ASUS 華碩】特仕版16吋筆電(Vivobook S3607AA/Ultra 5 325/24G/1TB SSD/W11/銀),46499,False,False,True,False,https://www.momoshop.com.tw/TP/TP0002735/goodsDetail/TP00027350005725,2026-10-06
S3607AA,,,TP00027350005726,【ASUS 華碩】特仕版16吋筆電(Vivobook S3607AA/Ultra 5 325/32G/1TB SSD/W11/銀),49499,False,False,True,False,https://www.momoshop.com.tw/TP/TP0002735/goodsDetail/TP00027350005726,2026-10-06
S3607AA,,,TP00027350005727,【ASUS 華碩】特仕版16吋筆電(Vivobook S3607AA/Ultra 5 325/48G/1TB SSD/W11/銀),55999,False,False,True,False,https://www.momoshop.com.tw/TP/TP0002735/goodsDetail/TP00027350005727,2026-10-06
S3607AA,,,TP00027350005728,【ASUS 華碩】特仕版16吋筆電(Vivobook S3607AA/Ultra 5 325/24G/2TB SSD/W11/銀),50499,False,False,True,False,https://www.momoshop.com.tw/TP/TP0002735/goodsDetail/TP00027350005728,2026-10-06
S3607AA,,,TP00027350005729,【ASUS 華碩】特仕版16吋筆電(Vivobook S3607AA/Ultra 5 325/32G/2TB SSD/W11/銀),53499,False,False,True,False,https://www.momoshop.com.tw/TP/TP0002735/goodsDetail/TP00027350005729,2026-10-06
S3607AA,,,TP00027350005730,【ASUS 華碩】特仕版16吋筆電(Vivobook S3607AA/Ultra 5 325/48G/2TB SSD/W11/銀),59999,False,False,True,False,https://www.momoshop.com.tw/TP/TP0002735/goodsDetail/TP00027350005730,2026-10-06
S3607AA,,,TP00027350006568,【ASUS 華碩】特仕版16吋筆電(Vivobook S3607AA/Ultra 5 325/16G+8G/512G/W11/粉),42499,False,False,True,False,https://www.momoshop.com.tw/TP/TP0002735/goodsDetail/TP00027350006568,2026-10-06
S3607AA,,,TP00027350006569,【ASUS 華碩】特仕版16吋筆電(Vivobook S3607AA/Ultra 5 325/16G+16G/512G/W11/粉),45499,False,False,True,False,https://www.momoshop.com.tw/TP/TP0002735/goodsDetail/TP00027350006569,2026-10-06
S3607AA,,,TP00027350006570,【ASUS 華碩】特仕版16吋筆電(Vivobook S3607AA/Ultra 5 325/16G+32G/512G/W11/粉),52999,False,False,True,False,https://www.momoshop.com.tw/TP/TP0002735/goodsDetail/TP00027350006570,2026-10-06
S3607AA,,,TP00027350006571,【ASUS 華碩】特仕版16吋筆電(Vivobook S3607AA/Ultra 5 325/16G+8G/1TB SSD/W11/粉),46499,False,False,True,False,https://www.momoshop.com.tw/TP/TP0002735/goodsDetail/TP00027350006571,2026-10-06
S3607AA,,,TP00027350006573,【ASUS 華碩】特仕版16吋筆電(Vivobook S3607AA/Ultra 5 325/16G+32G/1TB SSD/W11/粉),56999,False,False,True,False,https://www.momoshop.com.tw/TP/TP0002735/goodsDetail/TP00027350006573,2026-10-06
S3607AA,,,TP00027350006574,【ASUS 華碩】特仕版16吋筆電(Vivobook S3607AA/Ultra 5 325/16G+8G/2TB SSD/W11/粉),50499,False,False,True,False,https://www.momoshop.com.tw/TP/TP0002735/goodsDetail/TP00027350006574,2026-10-06
S3607AA,,,TP00027350006575,【ASUS 華碩】特仕版16吋筆電(Vivobook S3607AA/Ultra 5 325/16G+16G/2TB SSD/W11/粉),53499,False,False,True,False,https://www.momoshop.com.tw/TP/TP0002735/goodsDetail/TP00027350006575,2026-10-06
S3607AA,,,TP00027350006576,【ASUS 華碩】特仕版16吋筆電(Vivobook S3607AA/Ultra 5 325/16G+32G/2TB SSD/W11/粉),60999,False,False,True,False,https://www.momoshop.com.tw/TP/TP0002735/goodsDetail/TP00027350006576,2026-10-06
S3607AA,,,TP00027350006619,【ASUS 華碩】特仕版16吋筆電(Vivobook S3607AA/Ultra 5 325/16G+8G/512G/W11/綠),42499,False,False,True,False,https://www.momoshop.com.tw/TP/TP0002735/goodsDetail/TP00027350006619,2026-10-06
S3607AA,,,TP00027350006621,【ASUS 華碩】特仕版16吋筆電(Vivobook S3607AA/Ultra 5 325/16G+32G/512G/W11/綠),52999,False,False,True,False,https://www.momoshop.com.tw/TP/TP0002735/goodsDetail/TP00027350006621,2026-10-06
S3607AA,S3607AA-0052G325,exact,15655808,【ASUS 華碩】特仕版 16吋 Ultra5 輕薄筆電(VivoBook S16 S3607AA-0052G325/Ultra5-325/16G/1TB SSD/W11),41499,True,False,True,False,https://www.momoshop.com.tw/goods/GoodsDetail.jsp?i_code=15655808,2026-10-06
S3607AA,,,TP00027350006622,【ASUS 華碩】特仕版16吋筆電(Vivobook S3607AA/Ultra 5 325/16G+8G/1TB SSD/W11/綠),46499,False,False,True,False,https://www.momoshop.com.tw/TP/TP0002735/goodsDetail/TP00027350006622,2026-10-06
S3607AA,,,TP00027350006623,【ASUS 華碩】特仕版16吋筆電(Vivobook S3607AA/Ultra 5 325/16G+16G/1TB SSD/W11/綠),49499,False,False,True,False,https://www.momoshop.com.tw/TP/TP0002735/goodsDetail/TP00027350006623,2026-10-06
S3607AA,S3607AA-0082E325,exact,TP00014390006639,【ASUS 華碩】S3607AA-0082E325 16吋 U5 筆電 開心果綠,39999,False,False,False,False,https://www.momoshop.com.tw/TP/TP0001439/goodsDetail/TP00014390006639,2026-10-06
S3607AA,,,TP00027350006624,【ASUS 華碩】特仕版16吋筆電(Vivobook S3607AA/Ultra 5 325/16G+32G/1TB SSD/W11/綠),56999,False,False,True,False,https://www.momoshop.com.tw/TP/TP0002735/goodsDetail/TP00027350006624,2026-10-06
S3607AA,,,TP00027350006625,【ASUS 華碩】特仕版16吋筆電(Vivobook S3607AA/Ultra 5 325/16G+8G/2TB SSD/W11/綠),50499,False,False,True,False,https://www.momoshop.com.tw/TP/TP0002735/goodsDetail/TP00027350006625,2026-10-06
S3607AA,,,TP00027350006626,【ASUS 華碩】特仕版16吋筆電(Vivobook S3607AA/Ultra 5 325/16G+16G/2TB SSD/W11/綠),53499,False,False,True,False,https://www.momoshop.com.tw/TP/TP0002735/goodsDetail/TP00027350006626,2026-10-06
S3607AA,,,TP00027350006627,【ASUS 華碩】特仕版16吋筆電(Vivobook S3607AA/Ultra 5 325/16G+32G/2TB SSD/W11/綠),60999,False,False,True,False,https://www.momoshop.com.tw/TP/TP0002735/goodsDetail/TP00027350006627,2026-10-06
S3607AA,,,TP00004400000593,【ASUS 華碩】特仕版 直升1T SSD S3607AA/Ultra 5 325/16G/1T SSD/Win11/OLED/灰,42999,False,False,True,False,https://www.momoshop.com.tw/TP/TP0000440/goodsDetail/TP00004400000593,2026-10-06
S3607AA,,,TP00004400000594,【ASUS 華碩】特仕版 直升32G 1T SSD S3607AA/Ultra 5 325/32G/1T SSD/Win11/OLED/灰,49999,False,False,True,False,https://www.momoshop.com.tw/TP/TP0000440/goodsDetail/TP00004400000594,2026-10-06
S3607CA,S3607CA-0082G225H,config,14964303,【ASUS 華碩】16吋Ultra 5輕薄AI筆電(VivoBook S16 S3607CA/Ultra 5-225H/16G/512G SSD/W11),37999,True,False,False,False,https://www.momoshop.com.tw/goods/GoodsDetail.jsp?i_code=14964303,2026-10-06
S3607CA,S3607CA-0182G225H,exact,15078399,【ASUS 華碩】特仕版 16吋輕薄AI筆電(S3607CA-0182G225H/Ultra 5-225H/16G/改1TB SSD/OLED/Win11),41999,True,False,True,False,https://www.momoshop.com.tw/goods/GoodsDetail.jsp?i_code=15078399,2026-10-06
S3607CA,,,15086747,【ASUS 華碩】特仕版 16吋輕薄筆電(Vivobook S16 S3607CA/Ultra 5 225H/16G+16G/1TB SSD/Win11/OLED),49499,True,False,True,False,https://www.momoshop.com.tw/goods/GoodsDetail.jsp?i_code=15086747,2026-10-06
S3607CA,,,15086744,【ASUS 華碩】特仕版 16吋輕薄筆電(Vivobook S16 S3607CA/Ultra 5 225H/16G+16G/512G SSD/Win11/OLED),45499,True,False,True,False,https://www.momoshop.com.tw/goods/GoodsDetail.jsp?i_code=15086744,2026-10-06
S3607CA,,,15086693,【ASUS 華碩】特仕版 16吋輕薄筆電(Vivobook S16 S3607CA/Ultra 5 225H/16G+8G/512G SSD/Win11/OLED),42499,True,False,True,False,https://www.momoshop.com.tw/goods/GoodsDetail.jsp?i_code=15086693,2026-10-06
S3607CA,,,15086746,【ASUS 華碩】特仕版 16吋輕薄筆電(Vivobook S16 S3607CA/Ultra 5 225H/16G+8G/1TB SSD/Win11/OLED),46499,True,False,True,False,https://www.momoshop.com.tw/goods/GoodsDetail.jsp?i_code=15086746,2026-10-06
S3607CA,,,15086751,【ASUS 華碩】特仕版 16吋輕薄筆電(Vivobook S16 S3607CA/Ultra 5 225H/16G+16G/2TB SSD/Win11/OLED),53499,True,False,True,False,https://www.momoshop.com.tw/goods/GoodsDetail.jsp?i_code=15086751,2026-10-06
S3607CA,S3607CA-0182G225H,exact,TP00055180000874,【ASUS 華碩】S3607CA-0182G225H(Ultra 5 225H/16GB/512G/Win11/16/灰),37999,False,False,False,False,https://www.momoshop.com.tw/TP/TP0005518/goodsDetail/TP00055180000874,2026-10-06
S3607CA,,,15086750,【ASUS 華碩】特仕版 16吋輕薄筆電(Vivobook S16 S3607CA/Ultra 5 225H/16G+8G/2TB SSD/Win11/OLED),50499,True,False,True,False,https://www.momoshop.com.tw/goods/GoodsDetail.jsp?i_code=15086750,2026-10-06
S3607CA,S3607CA-0182G225H,exact,TP00064080001751,【ASUS 華碩】特仕款 S16 AI效能筆電 (S3607CA-0182G225H/Ultra5-225/16+8G/512G/W11),43990,False,False,True,False,https://www.momoshop.com.tw/TP/TP0006408/goodsDetail/TP00064080001751,2026-10-06
S3607CA,,,TP00027350005784,【ASUS 華碩】特仕版16吋筆電(S3607CA/Ultra 5 225H/16G+16G/512G/W11/二年保),45499,False,False,True,False,https://www.momoshop.com.tw/TP/TP0002735/goodsDetail/TP00027350005784,2026-10-06
S3607CA,S3607CA-0182G225H,exact,TP00064080001760,【ASUS 華碩】特仕款 S16 AI效能筆電(S3607CA-0182G225H/Ultra5-225H/16+32G/2TB/W11),67990,False,False,True,False,https://www.momoshop.com.tw/TP/TP0006408/goodsDetail/TP00064080001760,2026-10-06
S3607CA,S3607CA-0182G225H,exact,TP00064080001749,【ASUS 華碩】特仕款 S16 AI效能筆電 (S3607CA-0182G225H/Ultra5-225H/16G/升1TB/W11),45990,False,False,True,False,https://www.momoshop.com.tw/TP/TP0006408/goodsDetail/TP00064080001749,2026-10-06
S3607CA,S3607CA-0182G225H,exact,TP00064080001750,【ASUS 華碩】特仕款 S16 AI效能筆電 (S3607CA-0182G225H/Ultra5-225H/16G/升2TB/W11),50990,False,False,True,False,https://www.momoshop.com.tw/TP/TP0006408/goodsDetail/TP00064080001750,2026-10-06
S3607CA,S3607CA-0182G225H,exact,TP00064080001752,【ASUS 華碩】特仕款 S16 AI效能筆電 (S3607CA-0182G225H/Ultra5-225H/16+8G/1TB/W11),51990,False,False,True,False,https://www.momoshop.com.tw/TP/TP0006408/goodsDetail/TP00064080001752,2026-10-06
S3607CA,S3607CA-0182G225H,exact,TP00064080001753,【ASUS 華碩】特仕款 S16 AI效能筆電 (S3607CA-0182G225H/Ultra5-225H/16+8G/2TB/W11),56990,False,False,True,False,https://www.momoshop.com.tw/TP/TP0006408/goodsDetail/TP00064080001753,2026-10-06
S3607CA,S3607CA-0182G225H,exact,TP00064080001754,【ASUS 華碩】特仕款 S16AI效能筆電(S3607CA-0182G225H/Ultra5-225H/16+16G/512G/W11),47990,False,False,True,False,https://www.momoshop.com.tw/TP/TP0006408/goodsDetail/TP00064080001754,2026-10-06
S3607CA,S3607CA-0182G225H,exact,TP00064080001755,【ASUS 華碩】特仕款 S16 AI效能筆電(S3607CA-0182G225H/Ultra5-225H/16+16G/1TB/W11),55990,False,False,True,False,https://www.momoshop.com.tw/TP/TP0006408/goodsDetail/TP00064080001755,2026-10-06
S3607CA,S3607CA-0182G225H,exact,TP00064080001756,【ASUS 華碩】特仕款 S16 AI效能筆電(S3607CA-0182G225H/Ultra5-225H/16+16G/2TB/W11),60990,False,False,True,False,https://www.momoshop.com.tw/TP/TP0006408/goodsDetail/TP00064080001756,2026-10-06
S3607CA,S3607CA-0182G225H,exact,TP00064080001757,【ASUS 華碩】特仕款 S16AI效能筆電(S3607CA-0182G225H/Ultra5-225H/16+32G/512G/W11),54990,False,False,True,False,https://www.momoshop.com.tw/TP/TP0006408/goodsDetail/TP00064080001757,2026-10-06
S3607CA,S3607CA-0182G225H,exact,TP00064080001759,【ASUS 華碩】特仕款 S16 AI效能筆電(S3607CA-0182G225H/Ultra5-225H/16+32G/1TB/W11),62990,False,False,True,False,https://www.momoshop.com.tw/TP/TP0006408/goodsDetail/TP00064080001759,2026-10-06
S3607CA,S3607CA-0082G225H,config,TP00027530004503,【ASUS 華碩】特仕版 Vivobook S16 S3607CA 灰 16吋AI文書效能筆電（U5/16G/512G/W11）,37999,False,False,True,False,https://www.momoshop.com.tw/TP/TP0002753/goodsDetail/TP00027530004503,2026-10-06
S3607CA,S3607CA-0182G225H,exact,TP00056340007761,【ASUS 華碩】Vivobook S16 S3607CA-0182G225H 夜幕灰,37999,False,False,False,False,https://www.momoshop.com.tw/TP/TP0005634/goodsDetail/TP00056340007761,2026-10-06
S3607CA,S3607CA-0082G225H,config,TP00027350005782,【ASUS 華碩】特仕版16吋筆電(S3607CA/Ultra 5 225H/16G/512G/W11/二年保)多規,37999,False,False,True,False,https://www.momoshop.com.tw/TP/TP0002735/goodsDetail/TP00027350005782,2026-10-06
S3607CA,,,TP00027350005785,【ASUS 華碩】特仕版16吋筆電(S3607CA/Ultra 5 225H/16G+32G/512G/W11/二年保),52999,False,False,True,False,https://www.momoshop.com.tw/TP/TP0002735/goodsDetail/TP00027350005785,2026-10-06
S3607CA,,,TP00027350005786,【ASUS 華碩】特仕版16吋筆電(S3607CA/Ultra 5 225H/16G+8G/1TB SSD/W11/二年保),46499,False,False,True,False,https://www.momoshop.com.tw/TP/TP0002735/goodsDetail/TP00027350005786,2026-10-06
S3607CA,S3607CA-0092S225H,config,14880010,【ASUS 華碩】65W充電組★16吋Ultra5 AI輕薄筆電(VivoBook S16 S3607CA/Ultra 5-225H/16G/1TB/W11),34999,True,True,False,False,https://www.momoshop.com.tw/goods/GoodsDetail.jsp?i_code=14880010,2026-10-06
S3607CA,,,TP00027350005787,【ASUS 華碩】特仕版16吋筆電(S3607CA/Ultra 5 225H/16G+16G/1TB SSD/W11/二年保),49499,False,False,True,False,https://www.momoshop.com.tw/TP/TP0002735/goodsDetail/TP00027350005787,2026-10-06
S3607CA,S3607CA-0092S225H,config,14799165,【ASUS 】 Type-C HUB組★16吋Ultra5 AI輕薄筆電(VivoBook S16 S3607CA/Ultra 5-225H/16G/1TB SSD/W11),34999,True,True,False,False,https://www.momoshop.com.tw/goods/GoodsDetail.jsp?i_code=14799165,2026-10-06
S3607CA,,,TP00027350005788,【ASUS 華碩】特仕版16吋筆電(S3607CA/Ultra 5 225H/16G+32G/1TB SSD/W11/二年保),56999,False,False,True,False,https://www.momoshop.com.tw/TP/TP0002735/goodsDetail/TP00027350005788,2026-10-06
S3607CA,S3607CA-0142S255H/S3607CA-0152G255H,config,14799158,【ASUS 】 Type-C HUB組★16吋Ultra7 AI輕薄筆電(VivoBook S16 S3607CA/Ultra7-255H/16G/1TB SSD/W11/OLED),37999,True,True,False,False,https://www.momoshop.com.tw/goods/GoodsDetail.jsp?i_code=14799158,2026-10-06
S3607CA,,,TP00027350005789,【ASUS 華碩】特仕版16吋筆電(S3607CA/Ultra 5 225H/16G+8G/2TB SSD/W11/二年保),50499,False,False,True,False,https://www.momoshop.com.tw/TP/TP0002735/goodsDetail/TP00027350005789,2026-10-06
S3607CA,,,TP00027350005790,【ASUS 華碩】特仕版16吋筆電(S3607CA/Ultra 5 225H/16G+16G/2TB SSD/W11/二年保),53499,False,False,True,False,https://www.momoshop.com.tw/TP/TP0002735/goodsDetail/TP00027350005790,2026-10-06
S3607CA,,,TP00027350005791,【ASUS 華碩】特仕版16吋筆電(S3607CA/Ultra 5 225H/16G+32G/2TB SSD/W11/二年保),60999,False,False,True,False,https://www.momoshop.com.tw/TP/TP0002735/goodsDetail/TP00027350005791,2026-10-06
S3607NA,S3607NA-0062B88100,exact,15351701,【ASUS 華碩】特仕版 16吋AI筆電(S3607NA-0062B88100/Snapdragon X2 Elite/16G/改1TB SSD/OLED),51999,True,False,True,False,https://www.momoshop.com.tw/goods/GoodsDetail.jsp?i_code=15351701,2026-10-06
S3607NA,S3607NA-0062B88100,exact,15404444,【ASUS 華碩】特仕版 16吋AI筆電(S3607NA-0062B88100/Snapdragon X2 Elite/16G/改1TB SSD/OLED),51999,True,False,True,False,https://www.momoshop.com.tw/goods/GoodsDetail.jsp?i_code=15404444,2026-10-06
S3607NA,S3607NA-0062B88100,config,TP00027530004635,【ASUS 華碩】特仕版 Vivobook S16 S3607NA 16吋AI效能筆電（Elite X2E88100/16G/512G）,47999,False,False,True,False,https://www.momoshop.com.tw/TP/TP0002753/goodsDetail/TP00027530004635,2026-10-06
S3607NA,,,TP00027350006091,【ASUS 華碩】特仕版16吋筆電(Vivobook S3607NA/X2E-88-100/16G/4TB SSD/W11/藍),65999,False,False,True,False,https://www.momoshop.com.tw/TP/TP0002735/goodsDetail/TP00027350006091,2026-10-06
S3607NA,S3607NA-0062B88100,config,TP00027350006081,【ASUS 華碩】特仕版16吋筆電(Vivobook S3607NA/X2E-88-100/16G/512G/W11/藍)多規,47999,False,False,True,False,https://www.momoshop.com.tw/TP/TP0002735/goodsDetail/TP00027350006081,2026-10-06
S3607NA,,,TP00027350006086,【ASUS 華碩】特仕版16吋筆電(Vivobook S3607NA/X2E-88-100/16G/1TB SSD/W11/藍),52499,False,False,True,False,https://www.momoshop.com.tw/TP/TP0002735/goodsDetail/TP00027350006086,2026-10-06
S3607NA,,,TP00027350006089,【ASUS 華碩】特仕版16吋筆電(Vivobook S3607NA/X2E-88-100/16G/2TB SSD/W11/藍),56499,False,False,True,False,https://www.momoshop.com.tw/TP/TP0002735/goodsDetail/TP00027350006089,2026-10-06
S3607QA,S3607QA-0042G26100,config,15080282,【ASUS 華碩】16吋Copilot+PC AI筆電(VivoBook S16 S3607QA/Snapdragon X X1-26-100/16G/512G/W11/OLED),38999,True,False,False,False,https://www.momoshop.com.tw/goods/GoodsDetail.jsp?i_code=15080282,2026-10-06
S3607QA,S3607QA-0042G26100,exact,15655735,【ASUS 華碩】特仕版 16吋AI筆電(S3607QA-0042G26100/Snapdragon X X1-26-100/16G/改裝1TB SSD/OLED),39999,True,False,True,False,https://www.momoshop.com.tw/goods/GoodsDetail.jsp?i_code=15655735,2026-10-06
S3607QA,S3607QA-0042G26100,exact,15249194,【ASUS 華碩】特仕版 16吋AI筆電(S3607QA-0042G26100/Snapdragon X X1-26-100/16G/改裝2TB SSD/OLED),43999,True,False,True,False,https://www.momoshop.com.tw/goods/GoodsDetail.jsp?i_code=15249194,2026-10-06
S3607QA,S3607QA-0042G26100,config,TP00027530004591,【ASUS 華碩】特仕版 Vivobook S16 S3607QA 16吋AI效能OLED筆電（X X1 26 100/16G/512G）,38999,False,False,True,False,https://www.momoshop.com.tw/TP/TP0002753/goodsDetail/TP00027530004591,2026-10-06
S3607QA,S3607QA-0042G26100,exact,TP00014390007274,【ASUS 華碩】S3607QA-0042G26100 16吋 X1 AI筆電 夜幕灰,38999,False,False,False,False,https://www.momoshop.com.tw/TP/TP0001439/goodsDetail/TP00014390007274,2026-10-06
S3607QA,S3607QA-0032G26100,config,TP00027530004599,【ASUS 華碩】特仕版 Vivobook S16 S3607QA 16吋AI效能OLED筆電（X X1 26 100/16G/1T）,41999,False,False,True,False,https://www.momoshop.com.tw/TP/TP0002753/goodsDetail/TP00027530004599,2026-10-06
S3607QA,S3607QA-0042G26100,exact,TP00056340007534,【ASUS 華碩】Vivobook S16 S3607QA-0042G26100 AI筆電 筆記型電腦,38999,False,False,False,False,https://www.momoshop.com.tw/TP/TP0005634/goodsDetail/TP00056340007534,2026-10-06
S3607QA,S3607QA-0022G26100,config,TP00027350005975,【ASUS 華碩】特仕版16吋筆電(Vivobook S3607QA/X1 26 100/16G/1TB SSD/W11),42999,False,False,True,False,https://www.momoshop.com.tw/TP/TP0002735/goodsDetail/TP00027350005975,2026-10-06
S3607QA,,,TP00027530004600,【ASUS 華碩】特仕版 Vivobook S16 S3607QA 16吋AI效能OLED筆電（X X1 26 100/16G/2T）,43999,False,False,True,False,https://www.momoshop.com.tw/TP/TP0002753/goodsDetail/TP00027530004600,2026-10-06
S3607QA,,,TP00027530004601,【ASUS 華碩】特仕版 Vivobook S16 S3607QA 16吋AI效能OLED筆電（X X1 26 100/16G/4T）,50999,False,False,True,False,https://www.momoshop.com.tw/TP/TP0002753/goodsDetail/TP00027530004601,2026-10-06
S3607QA,S3607QA-0042G26100,config,TP00027350005974,【ASUS 華碩】特仕版16吋筆電(Vivobook S3607QA/X1 26 100/16G/512G SSD/W11)多規,38999,False,False,True,False,https://www.momoshop.com.tw/TP/TP0002735/goodsDetail/TP00027350005974,2026-10-06
S3607QA,,,TP00027350005976,【ASUS 華碩】特仕版16吋筆電(Vivobook S3607QA/X1 26 100/16G/2TB SSD/W11),46999,False,False,True,False,https://www.momoshop.com.tw/TP/TP0002735/goodsDetail/TP00027350005976,2026-10-06
S3607QA,,,TP00027350005977,【ASUS 華碩】特仕版16吋筆電(Vivobook S3607QA/X1 26 100/16G/4TB SSD/W11),56999,False,False,True,False,https://www.momoshop.com.tw/TP/TP0002735/goodsDetail/TP00027350005977,2026-10-06
S3607VA,S3607VA-0052S13420H/S3607VA-0042G13420H,config,15441227,【ASUS 華碩】Office2024組★16吋i5輕薄筆電(VivoBook S16 S3607VA/i5-13420H/16G/512G SSD/W11),32999,True,True,False,False,https://www.momoshop.com.tw/goods/GoodsDetail.jsp?i_code=15441227,2026-10-06
S3607VA,S3607VA-0052S13420H/S3607VA-0042G13420H,config,15442890,【ASUS 華碩】微軟M365組★16吋i5輕薄筆電(VivoBook S16 S3607VA/i5-13420H/16G/512G SSD/W11),29999,True,True,False,False,https://www.momoshop.com.tw/goods/GoodsDetail.jsp?i_code=15442890,2026-10-06
S5406MA,,,12906723,【ASUS 華碩】特仕版 14吋輕薄AI筆電(Vivobook S5406MA/Ultra 5 125H/16G/2TB SSD/Win11),36999,True,False,True,False,https://www.momoshop.com.tw/goods/GoodsDetail.jsp?i_code=12906723,2026-10-06
S5406SA,S5406SA-0068B226V/S5406SA-0078C226V,config,15205029,【ASUS 華碩】14吋Ultra 5輕薄AI筆電(VivoBook S S5406SA/Ultra 5-226V/16G/512GB SSD/W11/OLED/EVO),35999,True,False,False,False,https://www.momoshop.com.tw/goods/GoodsDetail.jsp?i_code=15205029,2026-10-06
S5406SA,S5406SA-0068B226V,exact,14052379,【ASUS 華碩】特仕版 14吋輕薄AI筆電(S5406SA-0068B226V/Ultra 5-226V/16G/改裝1TB SSD/Win11/OLED/EVO),37999,True,False,True,False,https://www.momoshop.com.tw/goods/GoodsDetail.jsp?i_code=14052379,2026-10-06
S5406SA,S5406SA-0068B226V/S5406SA-0078C226V,config,15351377,【ASUS 華碩】14吋Ultra 5輕薄AI筆電(VivoBook S S5406SA/Ultra 5-226V/16G/512GB SSD/W11/OLED/EVO),35999,True,False,False,False,https://www.momoshop.com.tw/goods/GoodsDetail.jsp?i_code=15351377,2026-10-06
S5406SA,S5406SA-0108B256V,config,15564025,【ASUS 華碩】14吋Ultra 7輕薄AI筆電(VivoBook S S5406SA/Ultra 7-256V/16G/512GB SSD/W11/OLED/EVO),39999,True,False,False,False,https://www.momoshop.com.tw/goods/GoodsDetail.jsp?i_code=15564025,2026-10-06
S5406SA,,,15351378,【ASUS 華碩】14吋Ultra 7輕薄AI筆電(VivoBook S S5406SA/Ultra 7-258V/32G/512G SSD/W11/OLED),43999,True,False,False,False,https://www.momoshop.com.tw/goods/GoodsDetail.jsp?i_code=15351378,2026-10-06
S5406SA,S5406SA-0068B226V/S5406SA-0078C226V,config,15409787,【ASUS 華碩】包鼠組★14吋Ultra 5輕薄AI筆電(VivoBook S S5406SA/Ultra 5-226V/16G/512G/W11/OLED/EVO),36499,True,True,False,False,https://www.momoshop.com.tw/goods/GoodsDetail.jsp?i_code=15409787,2026-10-06
S5406SA,,,15409887,【ASUS 華碩】包鼠組★14吋Ultra 7輕薄AI筆電(VivoBook S S5406SA/Ultra 7-258V/32G/512G SSD/W11/OLED),44999,True,True,False,False,https://www.momoshop.com.tw/goods/GoodsDetail.jsp?i_code=15409887,2026-10-06
S5406SA,S5406SA-0068B226V/S5406SA-0078C226V,config,15268956,【ASUS 華碩】包鼠組★14吋Ultra 5輕薄AI筆電(VivoBook S S5406SA/Ultra 5-226V/16G/512G/W11/OLED/EVO),36499,True,True,False,False,https://www.momoshop.com.tw/goods/GoodsDetail.jsp?i_code=15268956,2026-10-06
S5406SA,,,15441548,【ASUS 華碩】Office2024組★14吋Ultra7輕薄AI筆電(VivoBook S S5406SA/Ultra7-258V/32G/512G SSD/OLED),48999,True,True,False,False,https://www.momoshop.com.tw/goods/GoodsDetail.jsp?i_code=15441548,2026-10-06
S5406SA,S5406SA-0108B256V,config,15631841,【ASUS 華碩】包鼠組★14吋Ultra 7輕薄AI筆電(VivoBook S S5406SA/Ultra 7-256V/16G/512G/W11/OLED/EVO),40499,True,True,False,False,https://www.momoshop.com.tw/goods/GoodsDetail.jsp?i_code=15631841,2026-10-06
S5406SA,,,15410194,【ASUS 華碩】65W充電組★14吋Ultra 7輕薄AI筆電(VivoBook S S5406SA/Ultra 7-258V/32G/512G SSD/W11/OLED),44999,True,True,False,False,https://www.momoshop.com.tw/goods/GoodsDetail.jsp?i_code=15410194,2026-10-06
S5406SA,S5406SA-0068B226V/S5406SA-0078C226V,config,15441528,【ASUS 華碩】Office2024組★14吋Ultra5輕薄AI筆電(VivoBookS S5406SA/Ultra5-226V/16G/512G SSD/OLED/EVO),40999,True,True,False,False,https://www.momoshop.com.tw/goods/GoodsDetail.jsp?i_code=15441528,2026-10-06
S5406SA,,,15409848,【ASUS 華碩】微軟M365組★14吋Ultra7輕薄AI筆電(VivoBook S S5406SA/Ultra 7-258V/32G/512G SSD/W11/OLED),46999,True,True,False,False,https://www.momoshop.com.tw/goods/GoodsDetail.jsp?i_code=15409848,2026-10-06
S5406SA,S5406SA-0068B226V/S5406SA-0078C226V,config,15270842,【ASUS 華碩】65W充電組★14吋Ultra 5輕薄AI筆電(VivoBook S S5406SA/Ultra 5-226V/16G/512G/W11/OLED/EVO),36499,True,True,False,False,https://www.momoshop.com.tw/goods/GoodsDetail.jsp?i_code=15270842,2026-10-06
S5406SA,S5406SA-0108B256V,config,15631846,【ASUS 華碩】滑鼠組★14吋Ultra 7輕薄AI筆電(VivoBook S S5406SA/Ultra 7-256V/16G/512G/W11/OLED/EVO),40499,True,True,False,False,https://www.momoshop.com.tw/goods/GoodsDetail.jsp?i_code=15631846,2026-10-06
S5406SA,S5406SA-0108B256V,exact,14976264,【ASUS 華碩】特仕版 14吋輕薄AI筆電(S5406SA-0108B256V/Ultra 7-256V/16G/改裝1TB SSD/Win11/OLED/EVO),43999,True,False,True,False,https://www.momoshop.com.tw/goods/GoodsDetail.jsp?i_code=14976264,2026-10-06
S5406SA,S5406SA-0068B226V/S5406SA-0078C226V,config,15271144,【ASUS 華碩】微軟M365組★14吋Ultra5輕薄AI筆電(VivoBook S S5406SA/Ultra 5-226V/16G/512G/W11/OLED/EVO),38389,True,True,False,False,https://www.momoshop.com.tw/goods/GoodsDetail.jsp?i_code=15271144,2026-10-06
S5406SA,S5406SA-0108B256V,config,15631434,【ASUS 華碩】Office2024組★14吋Ultra 7輕薄AI筆電(VivoBook S S5406SA/Ultra 7-256V/16G/512G/OLED/EVO),44999,True,True,False,False,https://www.momoshop.com.tw/goods/GoodsDetail.jsp?i_code=15631434,2026-10-06
S5406SA,S5406SA-0068B226V/S5406SA-0078C226V,config,15409846,【ASUS 華碩】微軟M365組★14吋Ultra5輕薄AI筆電(VivoBook S S5406SA/Ultra 5-226V/16G/512G/W11/OLED/EVO),38389,True,True,False,False,https://www.momoshop.com.tw/goods/GoodsDetail.jsp?i_code=15409846,2026-10-06
S5406SA,S5406SA-0108B256V,config,15631227,【ASUS 華碩】微軟M365組★14吋Ultra 7輕薄AI筆電(VivoBook S S5406SA/Ultra 7-256V/16G/512G/OLED/EVO),42389,True,True,False,False,https://www.momoshop.com.tw/goods/GoodsDetail.jsp?i_code=15631227,2026-10-06
S5406SA,S5406SA-0108B256V,config,15631848,【ASUS 華碩】65W充電頭★14吋Ultra 7輕薄AI筆電(VivoBook S S5406SA/Ultra 7-256V/16G/512G/W11/OLED/EVO),40499,True,True,False,False,https://www.momoshop.com.tw/goods/GoodsDetail.jsp?i_code=15631848,2026-10-06
S5406SA,,,15048383,【ASUS 華碩】特仕版 14吋 Ultra 7 輕薄筆電(VivoBook S14 S5406SA/Ultra7-256V/16G/1TB SSD/W11),42999,True,False,True,False,https://www.momoshop.com.tw/goods/GoodsDetail.jsp?i_code=15048383,2026-10-06
S5406SA,,,15048392,【ASUS 華碩】特仕版 14吋 Ultra 5 輕薄筆電(VivoBook S14 S5406SA/Ultra5-226V/16G/2TB SSD/W11),42999,True,False,True,False,https://www.momoshop.com.tw/goods/GoodsDetail.jsp?i_code=15048392,2026-10-06
S5406SA,S5406SA-0078C226V,exact,14052381,【ASUS 華碩】特仕版 14吋輕薄AI筆電(S5406SA-0078C226V/Ultra 5-226V/16G/改裝1TB SSD/Win11/OLED/EVO),37999,True,False,True,False,https://www.momoshop.com.tw/goods/GoodsDetail.jsp?i_code=14052381,2026-10-06
S5406SA,,,14105244,【ASUS 華碩】特仕版 14吋輕薄筆電(Vivobook S14 S5406SA/Ultra 5 226V/16G/1TB SSD/Win11/OLED),39999,True,False,True,False,https://www.momoshop.com.tw/goods/GoodsDetail.jsp?i_code=14105244,2026-10-06
S5406SA,,,14976492,【ASUS 華碩】特仕版 14吋輕薄筆電(Vivobook S14 S5406SA/Ultra 7 256V/16G/1TB SSD/Win11/OLED),44499,True,False,True,False,https://www.momoshop.com.tw/goods/GoodsDetail.jsp?i_code=14976492,2026-10-06
S5406SA,S5406SA-0068B226V/S5406SA-0078C226V,config,15409790,【ASUS 華碩】滑鼠組★14吋Ultra 5輕薄AI筆電(VivoBook S S5406SA/Ultra 5-226V/16G/512G/W11/OLED/EVO),36499,True,True,False,False,https://www.momoshop.com.tw/goods/GoodsDetail.jsp?i_code=15409790,2026-10-06
S5406SA,S5406SA-0068B226V/S5406SA-0078C226V,config,15441523,【ASUS 華碩】Office2024組★14吋Ultra5輕薄AI筆電(VivoBookS S5406SA/Ultra5-226V/16G/512G SSD/OLED/EVO),40999,True,True,False,False,https://www.momoshop.com.tw/goods/GoodsDetail.jsp?i_code=15441523,2026-10-06
S5406SA,,,TP00027530003280,【ASUS 華碩】特仕版 Vivobook S14 S5406SA 玫瑰金 14吋AI筆電（Ultra5/16G/512G/W11）,35999,False,False,True,False,https://www.momoshop.com.tw/TP/TP0002753/goodsDetail/TP00027530003280,2026-10-06
S5406SA,S5406SA-0068B226V/S5406SA-0078C226V,config,15409793,【ASUS 華碩】65W充電組★14吋Ultra 5輕薄AI筆電(VivoBook S S5406SA/Ultra 5-226V/16G/512G/W11/OLED/EVO),36499,True,True,False,False,https://www.momoshop.com.tw/goods/GoodsDetail.jsp?i_code=15409793,2026-10-06
S5406SA,,,14976544,【ASUS 華碩】特仕版 14吋輕薄筆電(Vivobook S14 S5406SA/Ultra 7 256V/16G/2TB SSD/Win11/OLED),48499,True,False,True,False,https://www.momoshop.com.tw/goods/GoodsDetail.jsp?i_code=14976544,2026-10-06
S5406SA,,,TP00027350003584,【ASUS 華碩】特仕版14吋筆電(Vivobook S14 S5406SA/Ultra 5/16G/512G/W11/OLED/藍)多規,35999,False,False,True,False,https://www.momoshop.com.tw/TP/TP0002735/goodsDetail/TP00027350003584,2026-10-06
S5406SA,,,14106233,【ASUS 華碩】特仕版 14吋輕薄筆電(Vivobook S14 S5406SA/Ultra 5 226V/16G/1TB SSD/Win11/OLED),39999,True,False,True,False,https://www.momoshop.com.tw/goods/GoodsDetail.jsp?i_code=14106233,2026-10-06
S5406SA,S5406SA-0068B226V/S5406SA-0078C226V,config,15270799,【ASUS 華碩】滑鼠組★14吋Ultra 5輕薄AI筆電(VivoBook S S5406SA/Ultra 5-226V/16G/512G/W11/OLED/EVO),36499,True,True,False,False,https://www.momoshop.com.tw/goods/GoodsDetail.jsp?i_code=15270799,2026-10-06
S5406SA,,,14106235,【ASUS 華碩】特仕版 14吋輕薄筆電(Vivobook S14 S5406SA/Ultra 5 226V/16G/2TB SSD/Win11/OLED),43999,True,False,True,False,https://www.momoshop.com.tw/goods/GoodsDetail.jsp?i_code=14106235,2026-10-06
S5406SA,,,TP00027530003279,【ASUS 華碩】特仕版 VivoBook S14 S5406SA 迷霧藍 14吋AI筆電（Ultra5/16G/512G/W11）,35999,False,False,True,False,https://www.momoshop.com.tw/TP/TP0002753/goodsDetail/TP00027530003279,2026-10-06
S5406SA,S5406SA-0068B226V,exact,TP00014390006217,【ASUS 華碩】S5406SA-0068B226V 14吋 U5 筆電 迷霧藍,35999,False,False,False,False,https://www.momoshop.com.tw/TP/TP0001439/goodsDetail/TP00014390006217,2026-10-06
S5406SA,S5406SA-0108B256V,exact,TP00014390006757,【ASUS 華碩】S5406SA-0108B256V 14吋 OLED AI 筆電 迷霧藍,39999,False,False,False,False,https://www.momoshop.com.tw/TP/TP0001439/goodsDetail/TP00014390006757,2026-10-06
S5406SA,S5406SA-0068B226V,exact,TP00056340007727,【ASUS 華碩】Vivobook S14 OLED S5406SA-0068B226V 迷霧藍,35999,False,False,False,False,https://www.momoshop.com.tw/TP/TP0005634/goodsDetail/TP00056340007727,2026-10-06
S5406SA,,,TP00002230002691,【ASUS 華碩】特規✨Vivobook S14 OLED S5406SA OLED輕薄高效AI筆電/Ultra 5/14吋 16:10,37299,False,False,False,False,https://www.momoshop.com.tw/TP/TP0000223/goodsDetail/TP00002230002691,2026-10-06
S5406SA,S5406SA-0078C226V,exact,TP00064080001782,【ASUS 華碩】特仕款 S14 AI 輕薄文書筆電 (S5406SA-0078C226V/U5 226V/16G/升1TB/W11),42990,False,False,True,False,https://www.momoshop.com.tw/TP/TP0006408/goodsDetail/TP00064080001782,2026-10-06
S5406SA,S5406SA-0078C226V,exact,TP00064080001783,【ASUS 華碩】特仕款 S14 AI 輕薄文筆電 (S5406SA-0078C226V/U5 226V/16G/升2TB/W11),47990,False,False,True,False,https://www.momoshop.com.tw/TP/TP0006408/goodsDetail/TP00064080001783,2026-10-06
S5406SA,S5406SA-0078C226V,exact,TP00064080001784,【ASUS 華碩】特仕款 S14 AI 輕薄文書筆電 (S5406SA-0078C226V/U5 226V/16G/升4TB/W11),55990,False,False,True,False,https://www.momoshop.com.tw/TP/TP0006408/goodsDetail/TP00064080001784,2026-10-06
S5406SA,,,TP00027530004504,【ASUS 華碩】特仕版 VivoBook S14 S5406SA 迷霧藍 14吋AI筆電（Ultra7/16G/512G/W11）,39999,False,False,True,False,https://www.momoshop.com.tw/TP/TP0002753/goodsDetail/TP00027530004504,2026-10-06
S5406SA,,,TP00027530004895,【ASUS 華碩】特仕版 VivoBook S14 S5406SA 迷霧藍 14吋AI筆電（Ultra5/16G/1T/W11）,39999,False,False,True,False,https://www.momoshop.com.tw/TP/TP0002753/goodsDetail/TP00027530004895,2026-10-06
S5406SA,,,TP00027350003585,【ASUS 華碩】特仕版14吋筆電(Vivobook S14 S5406SA/Ultra 5/16G/512G/W11/OLED)多規,35999,False,False,True,False,https://www.momoshop.com.tw/TP/TP0002735/goodsDetail/TP00027350003585,2026-10-06
S5406SA,,,TP00027350003643,【ASUS 華碩】特仕版14吋筆電(Vivobook S14 S5406SA/Ultra 5/16G/1TB/W11/OLED/藍),39999,False,False,True,False,https://www.momoshop.com.tw/TP/TP0002735/goodsDetail/TP00027350003643,2026-10-06
S5406SA,,,TP00027350003644,【ASUS 華碩】特仕版14吋筆電(Vivobook S14 S5406SA/Ultra 5/16G/2TB/W11/OLED/藍),43999,False,False,True,False,https://www.momoshop.com.tw/TP/TP0002735/goodsDetail/TP00027350003644,2026-10-06
S5406SA,,,TP00027530004896,【ASUS 華碩】特仕版 VivoBook S14 S5406SA 迷霧藍 14吋AI筆電（Ultra5/16G/2T/W11）,43499,False,False,True,False,https://www.momoshop.com.tw/TP/TP0002753/goodsDetail/TP00027530004896,2026-10-06
S5406SA,S5406SA-0108B256V,config,TP00027350005357,【ASUS 華碩】特仕版14吋筆電(Vivobook S5406SA/Ultra 7 256V/16G/512G/W11/藍)多規,39999,False,False,True,False,https://www.momoshop.com.tw/TP/TP0002735/goodsDetail/TP00027350005357,2026-10-06
S5406SA,,,TP00027530004897,【ASUS 華碩】特仕版 Vivobook S14 S5406SA 玫瑰金 14吋AI筆電（Ultra5/16G/1T/W11）,39999,False,False,True,False,https://www.momoshop.com.tw/TP/TP0002753/goodsDetail/TP00027530004897,2026-10-06
S5406SA,,,TP00027350005359,【ASUS 華碩】特仕版14吋筆電(Vivobook S5406SA/Ultra 7 256V/16G/2TB SSD/W11/藍),48499,False,False,True,False,https://www.momoshop.com.tw/TP/TP0002735/goodsDetail/TP00027350005359,2026-10-06
S5406SA,,,TP00027530004898,【ASUS 華碩】特仕版 Vivobook S14 S5406SA 玫瑰金 14吋AI筆電（Ultra5/16G/2T/W11）,43499,False,False,True,False,https://www.momoshop.com.tw/TP/TP0002753/goodsDetail/TP00027530004898,2026-10-06
S5406SA,,,TP00027350005360,【ASUS 華碩】特仕版14吋筆電(Vivobook S5406SA/Ultra 7 256V/16G/4TB SSD/W11/藍),57999,False,False,True,False,https://www.momoshop.com.tw/TP/TP0002735/goodsDetail/TP00027350005360,2026-10-06
S5406SA,S5406SA-0068B226V/S5406SA-0078C226V,config,14880005,【ASUS 華碩】65W充電組★14吋Ultra 5輕薄AI筆電(VivoBook S S5406SA/Ultra 5-226V/16G/512G/W11/OLED/EVO),40999,True,True,False,False,https://www.momoshop.com.tw/goods/GoodsDetail.jsp?i_code=14880005,2026-10-06
S5406SA,S5406SA-0068B226V/S5406SA-0078C226V,config,14880006,【ASUS 華碩】65W充電組★14吋Ultra 5輕薄AI筆電(VivoBook S S5406SA/Ultra 5-226V/16G/512G/W11/OLED/EVO),39999,True,True,False,False,https://www.momoshop.com.tw/goods/GoodsDetail.jsp?i_code=14880006,2026-10-06
S5406SA,,,TP00027350003645,【ASUS 華碩】特仕版14吋筆電(Vivobook S14 S5406SA/Ultra 5/16G/4TB/W11/OLED/藍),53999,False,False,True,False,https://www.momoshop.com.tw/TP/TP0002735/goodsDetail/TP00027350003645,2026-10-06
S5406SA,,,TP00027350003646,【ASUS 華碩】特仕版14吋筆電(Vivobook S14 S5406SA/Ultra 5/16G/1TB/W11/OLED),39999,False,False,True,False,https://www.momoshop.com.tw/TP/TP0002735/goodsDetail/TP00027350003646,2026-10-06
S5406SA,,,TP00027350003648,【ASUS 華碩】特仕版14吋筆電(Vivobook S14 S5406SA/Ultra 5/16G/2TB/W11/OLED),43999,False,False,True,False,https://www.momoshop.com.tw/TP/TP0002735/goodsDetail/TP00027350003648,2026-10-06
S5406SA,,,TP00027350003649,【ASUS 華碩】特仕版14吋筆電(Vivobook S14 S5406SA/Ultra 5/16G/4TB/W11/OLED),53999,False,False,True,False,https://www.momoshop.com.tw/TP/TP0002735/goodsDetail/TP00027350003649,2026-10-06
S5406SA,,,TP00027350005358,【ASUS 華碩】特仕版14吋筆電(Vivobook S5406SA/Ultra 7 256V/16G/1TB SSD/W11/藍),44499,False,False,True,False,https://www.momoshop.com.tw/TP/TP0002735/goodsDetail/TP00027350005358,2026-10-06
S5406SA,,,TP00004400000665,【ASUS 華碩】特仕版 直升1T SSD S5406SA/Ultra 7-256V/16G/1T/W11/OLED/EVO/藍,42999,False,False,True,False,https://www.momoshop.com.tw/TP/TP0000440/goodsDetail/TP00004400000665,2026-10-06
S5406SAL,,,15506025,【ASUS 華碩】14吋Ultra 5輕薄AI筆電(VivoBook S S5406SAL/Ultra 5-226V/16G/512G/W11/OLED/透明鍵盤),34999,True,False,False,False,https://www.momoshop.com.tw/goods/GoodsDetail.jsp?i_code=15506025,2026-10-06
S5406SAL,,,15544978,【ASUS 華碩】包鼠組★14吋Ultra5輕薄AI筆電(VivoBook S S5406SAL/Ultra 5-226V/16G/512G/W11/OLED/莓果粉),35499,True,True,False,False,https://www.momoshop.com.tw/goods/GoodsDetail.jsp?i_code=15544978,2026-10-06
S5406SAL,,,15544982,【ASUS 華碩】Office2024組★14吋Ultra 5輕薄AI筆電(VivoBook S S5406SAL/Ultra 5-226V/16G/512G/莓果粉),39999,True,True,False,False,https://www.momoshop.com.tw/goods/GoodsDetail.jsp?i_code=15544982,2026-10-06
S5406SAL,,,15655536,【ASUS 華碩】特仕版 14吋輕薄筆電(Vivobook S14 S5406SAL/Ultra 5 226V/16G/1TB SSD/W11),38999,True,False,True,False,https://www.momoshop.com.tw/goods/GoodsDetail.jsp?i_code=15655536,2026-10-06
S5406SAL,,,15544980,【ASUS 華碩】65W充電組★14吋Ultra 5輕薄AI筆電(VivoBook S S5406SAL/Ultra 5-226V/16G/512G/OLED/莓果粉),35499,True,True,False,False,https://www.momoshop.com.tw/goods/GoodsDetail.jsp?i_code=15544980,2026-10-06
S5406SAL,,,15544953,【ASUS 華碩】微軟M365組★14吋Ultra5輕薄AI筆電(VivoBook S S5406SAL/Ultra 5-226V/16G/512G/OLED/莓果粉),37389,True,True,False,False,https://www.momoshop.com.tw/goods/GoodsDetail.jsp?i_code=15544953,2026-10-06
S5406SAL,,,15582422,【ASUS 華碩】特仕版 14吋輕薄AI筆電(S5406SAL-0198F226V/Ultra 5-226V/16G/改裝1TB SSD/OLED/透明鍵盤),38999,True,False,True,False,https://www.momoshop.com.tw/goods/GoodsDetail.jsp?i_code=15582422,2026-10-06
S5406SAL,,,15544979,【ASUS 華碩】滑鼠組★14吋Ultra5輕薄AI筆電(VivoBook S S5406SAL/Ultra 5-226V/16G/512G/W11/OLED/莓果粉),35499,True,True,False,False,https://www.momoshop.com.tw/goods/GoodsDetail.jsp?i_code=15544979,2026-10-06
S5406SAL,,,15544985,【ASUS 華碩】炫彩滑鼠墊組★14吋Ultra 5輕薄AI筆電(VivoBook S S5406SAL/Ultra 5-226V/16G/512G/莓果粉),35499,True,True,False,False,https://www.momoshop.com.tw/goods/GoodsDetail.jsp?i_code=15544985,2026-10-06
S5406SAL,,,15655537,【ASUS 華碩】特仕版 14吋輕薄筆電(Vivobook S14 S5406SAL/Ultra 5 226V/16G/2TB SSD/W11),42999,True,False,True,False,https://www.momoshop.com.tw/goods/GoodsDetail.jsp?i_code=15655537,2026-10-06
S5406SAL,,,TP00014390007034,【ASUS 華碩】S5406SAL-0198F226V 14吋 U5 OLED AI筆電 莓果粉,34999,False,False,False,False,https://www.momoshop.com.tw/TP/TP0001439/goodsDetail/TP00014390007034,2026-10-06
S5406SAL,,,TP00027530005080,【ASUS 華碩】特仕版 VivoBook S14 S5406SAL 14吋AI效能輕薄筆電（Ultra5/16G/1T/W11）,39299,False,False,True,False,https://www.momoshop.com.tw/TP/TP0002753/goodsDetail/TP00027530005080,2026-10-06
S5406SAL,,,TP00027530004993,【ASUS 華碩】特仕版 VivoBook S14 S5406SAL 14吋AI效能輕薄筆電（Ultra5/16G/512G/W11）,34999,False,False,True,False,https://www.momoshop.com.tw/TP/TP0002753/goodsDetail/TP00027530004993,2026-10-06
S5406SAL,,,TP00027530005082,【ASUS 華碩】特仕版 VivoBook S14 S5406SAL 14吋AI效能輕薄筆電（Ultra5/16G/4T/W11）,51999,False,False,True,False,https://www.momoshop.com.tw/TP/TP0002753/goodsDetail/TP00027530005082,2026-10-06
S5406SAL,,,15582547,【ASUS 華碩】特仕版 14吋輕薄AI筆電(S5406SAL-0198F226V/Ultra 5-226V/16G/改裝2TB SSD/OLED/透明鍵盤),41999,True,False,True,False,https://www.momoshop.com.tw/goods/GoodsDetail.jsp?i_code=15582547,2026-10-06
S5406SAL,,,TP00056340007885,【ASUS 華碩】Vivobook S 14 S5406SAL-0198F226V 莓果粉 14吋AI筆電,34999,False,False,False,False,https://www.momoshop.com.tw/TP/TP0005634/goodsDetail/TP00056340007885,2026-10-06
S5406SAL,,,TP00027530005081,【ASUS 華碩】特仕版 VivoBook S14 S5406SAL 14吋AI效能輕薄筆電（Ultra5/16G/2T/W11）,42999,False,False,True,False,https://www.momoshop.com.tw/TP/TP0002753/goodsDetail/TP00027530005081,2026-10-06
S5406SAL,,,TP00027350006888,【ASUS 華碩】特仕版14吋筆電(Vivobook S5406SAL/Ultra 5 226V/16G/512G/W11/粉)多規,34999,False,False,True,False,https://www.momoshop.com.tw/TP/TP0002735/goodsDetail/TP00027350006888,2026-10-06
S5406SAL,,,TP00027350006889,【ASUS 華碩】特仕版14吋筆電(Vivobook S5406SAL/Ultra 5 226V/16G/1TB/W11/粉),38999,False,False,True,False,https://www.momoshop.com.tw/TP/TP0002735/goodsDetail/TP00027350006889,2026-10-06
S5406SAL,,,TP00027350006891,【ASUS 華碩】特仕版14吋筆電(Vivobook S5406SAL/Ultra 5 226V/16G/4TB/W11/粉),52999,False,False,True,False,https://www.momoshop.com.tw/TP/TP0002735/goodsDetail/TP00027350006891,2026-10-06
S5406SAL,,,TP00027350006890,【ASUS 華碩】特仕版14吋筆電(Vivobook S5406SAL/Ultra 5 226V/16G/2TB/W11/粉),42999,False,False,True,False,https://www.momoshop.com.tw/TP/TP0002735/goodsDetail/TP00027350006890,2026-10-06
S5406SAL,,,TP00004400000482,【ASUS 華碩】特仕版 直升1T SSD S5406SAL/Ultra 5-226V/16G/1T/W11/OLED/EVO/粉,38799,False,False,True,False,https://www.momoshop.com.tw/TP/TP0000440/goodsDetail/TP00004400000482,2026-10-06
S5408QA,S5408QA-0168B26101,exact,TP00014390007364,【ASUS 華碩】S5408QA-0168B26101 14吋 X1 AI輕薄筆電 率性藍,39999,False,False,False,False,https://www.momoshop.com.tw/TP/TP0001439/goodsDetail/TP00014390007364,2026-10-06
S5408QA,S5408QA-0168B26101,config,TP00027530005161,【ASUS 華碩】特仕版 VivoBook S14 S5408QA 14吋AI效能筆電（X X126101/16G/512G/W11）多規,39999,False,False,True,False,https://www.momoshop.com.tw/TP/TP0002753/goodsDetail/TP00027530005161,2026-10-06
S5452MA,S5452MA-0072G350/S5452MA-0082S350,config,15722449,【ASUS 華碩】包鼠組★14吋Core 7輕薄筆電(VivoBook S14 S5452MA/Core7-350/16G/512G SSD/W11),41499,True,True,False,False,https://www.momoshop.com.tw/goods/GoodsDetail.jsp?i_code=15722449,2026-10-06
S5452MA,S5452MA-0072G350/S5452MA-0082S350,config,15723282,【ASUS 華碩】滑鼠組★14吋Core 7輕薄筆電(VivoBook S14 S5452MA/Core7-350/16G/512G SSD/W11),41499,True,True,False,False,https://www.momoshop.com.tw/goods/GoodsDetail.jsp?i_code=15723282,2026-10-06
S5452MA,S5452MA-0072G350/S5452MA-0082S350,config,15728177,【ASUS 華碩】Office2024組★14吋Core 7輕薄筆電(VivoBook S14 S5452MA/Core7-350/16G/512G SSD/W11),45999,True,True,False,False,https://www.momoshop.com.tw/goods/GoodsDetail.jsp?i_code=15728177,2026-10-06
S5452MA,S5452MA-0072G350/S5452MA-0082S350,config,15726978,【ASUS 華碩】微軟M365組★14吋Core 7輕薄筆電(VivoBook S14 S5452MA/Core7-350/16G/512G SSD/W11),43389,True,True,False,False,https://www.momoshop.com.tw/goods/GoodsDetail.jsp?i_code=15726978,2026-10-06
S5452MA,S5452MA-0072G350/S5452MA-0082S350,config,15722929,【ASUS 華碩】65W手機充電頭★14吋Core 7輕薄筆電(VivoBook S14 S5452MA/Core7-350/16G/512G SSD/W11),41499,True,True,False,False,https://www.momoshop.com.tw/goods/GoodsDetail.jsp?i_code=15722929,2026-10-06
S5452MA,S5452MA-0072G350,exact,TP00014390007402,【ASUS 華碩】S5452MA-0072G350 14吋 C7-350 筆電 夜幕灰,40999,False,False,False,False,https://www.momoshop.com.tw/TP/TP0001439/goodsDetail/TP00014390007402,2026-10-06
S5452MA,S5452MA-0072G350/S5452MA-0082S350,config,15704365,【ASUS 華碩】14吋Core 7輕薄筆電(VivoBook S14 S5452MA/Core7-350/16G/512G SSD/W11),40999,True,False,False,False,https://www.momoshop.com.tw/goods/GoodsDetail.jsp?i_code=15704365,2026-10-06
S5452MA,,,TP00027530005253,【ASUS 華碩】特仕版 VivoBook S14 S5452MA 夜幕灰 14吋文書效能筆電（Core7/16G/512G/W11）多規,40999,False,False,True,False,https://www.momoshop.com.tw/TP/TP0002753/goodsDetail/TP00027530005253,2026-10-06
S5504VA,S5504VA-0132K13500H/S5504VA-0152S13500H,config,TP00038870000188,【ASUS 華碩】福利品 Vivobook 15 2.8K OLED S5504VA i5 文書筆電 i5-13500H/16G/512G,34888,False,False,False,True,https://www.momoshop.com.tw/TP/TP0003887/goodsDetail/TP00038870000188,2026-10-06
S5506MA,S5506MA-0038B125H,config,14880011,【ASUS 華碩】65W充電組★15.6吋Ultra 5輕薄筆電(VivoBook S S5506MA/Ultra 5-125H/16G/512G/W11/OLED/EVO),30999,True,True,False,False,https://www.momoshop.com.tw/goods/GoodsDetail.jsp?i_code=14880011,2026-10-06
S5608QA,S5608QA-0128B26101,config,15723249,【ASUS 華碩】滑鼠組★16吋輕薄AI筆電(VivoBook S16 S5608QA/Snapdragon X☆ X1 26 101/8G/256G SSD/W11),28999,True,True,False,False,https://www.momoshop.com.tw/goods/GoodsDetail.jsp?i_code=15723249,2026-10-06
S5608QA,S5608QA-0128B26101,config,15728021,【ASUS 華碩】Office2024組★16吋輕薄AI筆電(VivoBook S16 S5608QA/Snapdragon X☆ X1 26 101/8G/256G SSD),32999,True,True,False,False,https://www.momoshop.com.tw/goods/GoodsDetail.jsp?i_code=15728021,2026-10-06
S5608QA,S5608QA-0128B26101,config,15704375,【ASUS 華碩】16吋輕薄AI筆電(VivoBook S16 S5608QA/Snapdragon X  X1 26 101/8G/256G SSD/W11),28999,True,False,False,False,https://www.momoshop.com.tw/goods/GoodsDetail.jsp?i_code=15704375,2026-10-06
S5608QA,S5608QA-0128B26101,config,15722919,【ASUS 華碩】65W手機充電頭★16吋輕薄AI筆電(VivoBook S16 S5608QA/Snapdragon X☆ X1 26 101/8G/256G),28999,True,True,False,False,https://www.momoshop.com.tw/goods/GoodsDetail.jsp?i_code=15722919,2026-10-06
S5608QA,S5608QA-0128B26101,config,15726963,【ASUS 華碩】微軟M365組★16吋輕薄AI筆電(VivoBook S16 S5608QA/Snapdragon X☆ X1 26 101/8G/256G SSD),30499,True,True,False,False,https://www.momoshop.com.tw/goods/GoodsDetail.jsp?i_code=15726963,2026-10-06
S5608QA,S5608QA-0138B26101,config,15704370,【ASUS 華碩】16吋輕薄AI筆電(VivoBook S16 S5608QA/Snapdragon X  X1 26 101/16G/512G SSD/W11),40999,True,False,False,False,https://www.momoshop.com.tw/goods/GoodsDetail.jsp?i_code=15704370,2026-10-06
S5608QA,S5608QA-0128B26101,exact,TP00014390007407,【ASUS 華碩】S5608QA-0128B26101 16吋 X1 AI筆電 率性藍,28999,False,False,False,False,https://www.momoshop.com.tw/TP/TP0001439/goodsDetail/TP00014390007407,2026-10-06
S5608QA,S5608QA-0138B26101,config,15728087,【ASUS 華碩】Office2024組★16吋輕薄AI筆電(VivoBook S16 S5608QA/Snapdragon X☆ X1 26 101/16G/512G),44999,True,True,False,False,https://www.momoshop.com.tw/goods/GoodsDetail.jsp?i_code=15728087,2026-10-06
S5608QA,S5608QA-0138B26101,config,15723274,【ASUS 華碩】滑鼠組★16吋輕薄AI筆電(VivoBook S16 S5608QA/Snapdragon X☆ X1 26 101/16G/512G SSD/W11),40999,True,True,False,False,https://www.momoshop.com.tw/goods/GoodsDetail.jsp?i_code=15723274,2026-10-06
S5608QA,S5608QA-0138B26101,config,15723272,【ASUS 華碩】滑鼠組★16吋輕薄AI筆電(VivoBook S16 S5608QA/Snapdragon X☆ X1 26 101/16G/512G SSD/W11),40999,True,True,False,False,https://www.momoshop.com.tw/goods/GoodsDetail.jsp?i_code=15723272,2026-10-06
S5608QA,S5608QA-0138B26101,config,15728116,【ASUS 華碩】Office2024組★16吋輕薄AI筆電(VivoBook S16 S5608QA/Snapdragon X☆ X1 26 101/16G/512G),44999,True,True,False,False,https://www.momoshop.com.tw/goods/GoodsDetail.jsp?i_code=15728116,2026-10-06
S5608QA,S5608QA-0138B26101,config,15722920,【ASUS 華碩】65W手機充電頭★16吋輕薄AI筆電(VivoBook S16 S5608QA/Snapdragon X☆ X1 26 101/16G/512G),40999,True,True,False,False,https://www.momoshop.com.tw/goods/GoodsDetail.jsp?i_code=15722920,2026-10-06
S5608QA,S5608QA-0138B26101,config,15726968,【ASUS 華碩】微軟M365組★16吋輕薄AI筆電(VivoBook S16 S5608QA/Snapdragon X☆ X1 26 101/16G/512G SSD),41999,True,True,False,False,https://www.momoshop.com.tw/goods/GoodsDetail.jsp?i_code=15726968,2026-10-06
S5608QA,S5608QA-0138B26101,config,15726971,【ASUS 華碩】微軟M365組★16吋輕薄AI筆電(VivoBook S16 S5608QA/Snapdragon X☆ X1 26 101/16G/512G SSD),41999,True,True,False,False,https://www.momoshop.com.tw/goods/GoodsDetail.jsp?i_code=15726971,2026-10-06
S5608QA,S5608QA-0138B26101,config,15722925,【ASUS 華碩】65W手機充電頭★16吋輕薄AI筆電(VivoBook S16 S5608QA/Snapdragon X☆ X1 26 101/16G/512G),40999,True,True,False,False,https://www.momoshop.com.tw/goods/GoodsDetail.jsp?i_code=15722925,2026-10-06
S5608QA,S5608QA-0138B26101,config,15704372,【ASUS 華碩】16吋輕薄AI筆電(VivoBook S16 S5608QA/Snapdragon X  X1 26 101/16G/512G SSD/W11),40999,True,False,False,False,https://www.momoshop.com.tw/goods/GoodsDetail.jsp?i_code=15704372,2026-10-06
S5608QA,S5608QA-0148B26101,exact,TP00014390007401,【ASUS 華碩】S5608QA-0148B26101 16吋 X1 AI筆電 率性藍,40999,False,False,False,False,https://www.momoshop.com.tw/TP/TP0001439/goodsDetail/TP00014390007401,2026-10-06
S5608QA,S5608QA-0128B26101,config,TP00027530005249,【ASUS 華碩】特仕版 VivoBook S16 S5608QA 16吋AI效能筆電（X X126101/8G/256G/W11）多規,28999,False,False,True,False,https://www.momoshop.com.tw/TP/TP0002753/goodsDetail/TP00027530005249,2026-10-06
S5608QA,S5608QA-0158G26101,exact,TP00014390007406,【ASUS 華碩】S5608QA-0158G26101 16吋 X1 AI筆電 夜幕灰,40999,False,False,False,False,https://www.momoshop.com.tw/TP/TP0001439/goodsDetail/TP00014390007406,2026-10-06
S5608QA,S5608QA-0138B26101,config,TP00027530005248,【ASUS 華碩】特仕版 VivoBook S16 S5608QA 16吋AI效能筆電（X X126101/16G/512G/W11）多規,40999,False,False,True,False,https://www.momoshop.com.tw/TP/TP0002753/goodsDetail/TP00027530005248,2026-10-06
S5652MA,S5652MA-0062S350/S5652MA-0052G350,config,15704360,【ASUS 華碩】16吋Core 7輕薄筆電(VivoBook S16 S5652MA/Core7-350/16G/512G SSD/W11),41999,True,False,False,False,https://www.momoshop.com.tw/goods/GoodsDetail.jsp?i_code=15704360,2026-10-06
S5652MA,S5652MA-0062S350/S5652MA-0052G350,config,15564029,【ASUS 華碩】16吋Core 7輕薄AI筆電(S5652MA/Core 7-350/16G/512GB SSD/W11),41999,True,False,False,False,https://www.momoshop.com.tw/goods/GoodsDetail.jsp?i_code=15564029,2026-10-06
S5652MA,S5652MA-0072G350,config,15704363,【ASUS 華碩】16吋Core 7輕薄筆電(VivoBook S16 S5652MA/Core7-350/16G/256G SSD/W11),36999,True,False,False,False,https://www.momoshop.com.tw/goods/GoodsDetail.jsp?i_code=15704363,2026-10-06
S5652MA,S5652MA-0062S350/S5652MA-0052G350,config,15728202,【ASUS 華碩】Office2024組★16吋Core 7輕薄筆電(VivoBook S16 S5652MA/Core7-350/16G/512G SSD/W11),46999,True,True,False,False,https://www.momoshop.com.tw/goods/GoodsDetail.jsp?i_code=15728202,2026-10-06
S5652MA,S5652MA-0072G350,config,15723275,【ASUS 華碩】滑鼠組★16吋Core 7輕薄筆電(VivoBook S16 S5652MA/Core7-350/16G/256G SSD/W11),37499,True,True,False,False,https://www.momoshop.com.tw/goods/GoodsDetail.jsp?i_code=15723275,2026-10-06
S5652MA,S5652MA-0052G350,exact,15655736,【ASUS 華碩】特仕版 16吋輕薄AI筆電(S5652MA-0052G350/Core 7-350/16G/改裝1TB SSD/Win11),45999,True,False,True,False,https://www.momoshop.com.tw/goods/GoodsDetail.jsp?i_code=15655736,2026-10-06
S5652MA,S5652MA-0062S350/S5652MA-0052G350,config,15723283,【ASUS 華碩】滑鼠組★16吋Core 7輕薄筆電(VivoBook S16 S5652MA/Core7-350/16G/512G SSD/W11),42499,True,True,False,False,https://www.momoshop.com.tw/goods/GoodsDetail.jsp?i_code=15723283,2026-10-06
S5652MA,S5652MA-0062S350/S5652MA-0052G350,config,15722930,【ASUS 華碩】65W手機充電頭★16吋Core 7輕薄筆電(VivoBook S16 S5652MA/Core7-350/16G/512G SSD/W11),42499,True,True,False,False,https://www.momoshop.com.tw/goods/GoodsDetail.jsp?i_code=15722930,2026-10-06
S5652MA,S5652MA-0062S350,exact,TP00014390007404,【ASUS 華碩】S5652MA-0062S350 16吋 C7-350 筆電 酷玩銀,41999,False,False,False,False,https://www.momoshop.com.tw/TP/TP0001439/goodsDetail/TP00014390007404,2026-10-06
S5652MA,S5652MA-0072G350,config,15722927,【ASUS 華碩】65W手機充電頭★16吋Core 7輕薄筆電(VivoBook S16 S5652MA/Core7-350/16G/256G SSD/W11),37499,True,True,False,False,https://www.momoshop.com.tw/goods/GoodsDetail.jsp?i_code=15722927,2026-10-06
S5652MA,S5652MA-0062S350/S5652MA-0052G350,config,15726981,【ASUS 華碩】微軟M365組★16吋Core 7輕薄筆電(VivoBook S16 S5652MA/Core7-350/16G/512G SSD/W11),44389,True,True,False,False,https://www.momoshop.com.tw/goods/GoodsDetail.jsp?i_code=15726981,2026-10-06
S5652MA,S5652MA-0072G350,config,15728145,【ASUS 華碩】Office2024組★16吋Core 7輕薄筆電(VivoBook S16 S5652MA/Core7-350/16G/256G SSD/W11),41999,True,True,False,False,https://www.momoshop.com.tw/goods/GoodsDetail.jsp?i_code=15728145,2026-10-06
S5652MA,S5652MA-0072G350,config,15726974,【ASUS 華碩】微軟M365組★16吋Core 7輕薄筆電(VivoBook S16 S5652MA/Core7-350/16G/256G SSD/W11),39389,True,True,False,False,https://www.momoshop.com.tw/goods/GoodsDetail.jsp?i_code=15726974,2026-10-06
S5652MA,S5652MA-0052G350,exact,15655737,【ASUS 華碩】特仕版 16吋輕薄AI筆電(S5652MA-0052G350/Core 7-350/16G/改裝2TB SSD/Win11),50999,True,False,True,False,https://www.momoshop.com.tw/goods/GoodsDetail.jsp?i_code=15655737,2026-10-06
S5652MA,S5652MA-0072G350,exact,TP00014390007403,【ASUS 華碩】S5652MA-0072G350 16吋 C7-350 筆電 夜幕灰,36999,False,False,False,False,https://www.momoshop.com.tw/TP/TP0001439/goodsDetail/TP00014390007403,2026-10-06
S5652MA,S5652MA-0062S350/S5652MA-0052G350,config,15699814,【ASUS 華碩】微軟M365組★16吋Ultra 7輕薄AI筆電(S5652MA/Ultra 7-350/16G/512GB SSD/W11),44389,True,True,False,False,https://www.momoshop.com.tw/goods/GoodsDetail.jsp?i_code=15699814,2026-10-06
S5652MA,S5652MA-0062S350/S5652MA-0052G350,config,15699819,【ASUS 華碩】Office2024組★16吋Ultra 7輕薄AI筆電(S5652MA/Ultra 7-350/16G/512GB SSD/W11),46999,True,True,False,False,https://www.momoshop.com.tw/goods/GoodsDetail.jsp?i_code=15699819,2026-10-06
S5652MA,,,TP00027530005233,【ASUS 華碩】特仕版 VivoBook S16 S5652MA 酷玩銀 16吋文書效能筆電（Core7/16G/512G/W11）多規,41999,False,False,True,False,https://www.momoshop.com.tw/TP/TP0002753/goodsDetail/TP00027530005233,2026-10-06
S5652MA,S5652MA-0062S350/S5652MA-0052G350,config,15699835,【ASUS 華碩】滑鼠組★16吋Ultra 7輕薄AI筆電(S5652MA/Ultra 7-350/16G/512GB SSD/W11),42499,True,True,False,False,https://www.momoshop.com.tw/goods/GoodsDetail.jsp?i_code=15699835,2026-10-06
S5652MA,,,TP00027530005234,【ASUS 華碩】特仕版 VivoBook S16 S5652MA 酷玩銀 16吋文書效能筆電（Core7/16G/1T/W11）,46999,False,False,True,False,https://www.momoshop.com.tw/TP/TP0002753/goodsDetail/TP00027530005234,2026-10-06
S5652MA,S5652MA-0072G350,exact,15730768,【ASUS 華碩】特仕版 16吋輕薄AI筆電(S5652MA-0072G350/Core 7-350/16G/改裝512G SSD/Win11),40999,True,False,True,False,https://www.momoshop.com.tw/goods/GoodsDetail.jsp?i_code=15730768,2026-10-06
S5652MA,S5652MA-0062S350,exact,15730761,【ASUS 華碩】特仕版 16吋輕薄AI筆電(S5652MA-0062S350/Core 7-350/16G/改裝1TB SSD/Win11),45999,True,False,True,False,https://www.momoshop.com.tw/goods/GoodsDetail.jsp?i_code=15730761,2026-10-06
S5652MA,,,TP00027530005084,【ASUS 華碩】特仕版 VivoBook S16 S5652MA 夜幕灰 16吋文書效能筆電（Core7/16G/2T/W11）,50499,False,False,True,False,https://www.momoshop.com.tw/TP/TP0002753/goodsDetail/TP00027530005084,2026-10-06
S5652MA,S5652MA-0052G350,exact,TP00014390007075,【ASUS 華碩】S5652MA-0052G350 16吋 C7-350 筆電 夜幕灰,41999,False,False,False,False,https://www.momoshop.com.tw/TP/TP0001439/goodsDetail/TP00014390007075,2026-10-06
S5652MA,S5652MA-0062S350/S5652MA-0052G350,config,TP00027350006924,【ASUS 華碩】特仕版16吋筆電(S5652MA/Core 7 350/16G/512G/Win11/灰)多規,41999,False,False,True,False,https://www.momoshop.com.tw/TP/TP0002735/goodsDetail/TP00027350006924,2026-10-06
S5652MA,,,TP00027350006926,【ASUS 華碩】特仕版16吋筆電(S5652MA/Core 7 350/16G/2TB SSD/Win11/灰),49999,False,False,True,False,https://www.momoshop.com.tw/TP/TP0002735/goodsDetail/TP00027350006926,2026-10-06
S5652MA,S5652MA-0062S350/S5652MA-0052G350,config,15699836,【ASUS 華碩】65W手機充電頭★16吋Ultra 7輕薄AI筆電(S5652MA/Ultra 7-350/16G/512GB SSD/W11),42499,True,True,False,False,https://www.momoshop.com.tw/goods/GoodsDetail.jsp?i_code=15699836,2026-10-06
S5652MA,,,TP00027530005055,【ASUS 華碩】特仕版 VivoBook S16 S5652MA 夜幕灰 16吋文書效能筆電（Core7/16G/512G/W11）多規,41999,False,False,True,False,https://www.momoshop.com.tw/TP/TP0002753/goodsDetail/TP00027530005055,2026-10-06
S5652MA,,,TP00027530005083,【ASUS 華碩】特仕版 VivoBook S16 S5652MA 夜幕灰 16吋文書效能筆電（Core7/16G/1T/W11）,46999,False,False,True,False,https://www.momoshop.com.tw/TP/TP0002753/goodsDetail/TP00027530005083,2026-10-06
S5652MA,,,TP00027530005235,【ASUS 華碩】特仕版 VivoBook S16 S5652MA 酷玩銀 16吋文書效能筆電（Core7/16G/2T/W11）,50499,False,False,True,False,https://www.momoshop.com.tw/TP/TP0002753/goodsDetail/TP00027530005235,2026-10-06
S5652MA,,,TP00027530005236,【ASUS 華碩】特仕版 VivoBook S16 S5652MA 夜幕灰 16吋文書效能筆電（Core7/16G/256G/W11）多規,36999,False,False,True,False,https://www.momoshop.com.tw/TP/TP0002753/goodsDetail/TP00027530005236,2026-10-06
S5652MA,,,TP00027530005237,【ASUS 華碩】特仕版 VivoBook S16 S5652MA 夜幕灰 16吋文書效能筆電（Core7/16G/512G/W11）,38599,False,False,True,False,https://www.momoshop.com.tw/TP/TP0002753/goodsDetail/TP00027530005237,2026-10-06
S5652MA,,,TP00027350006925,【ASUS 華碩】特仕版16吋筆電(S5652MA/Core 7 350/16G/1TB SSD/Win11/灰),46999,False,False,True,False,https://www.momoshop.com.tw/TP/TP0002735/goodsDetail/TP00027350006925,2026-10-06
S5652MA,,,TP00027350006927,【ASUS 華碩】特仕版16吋筆電(S5652MA/Core 7 350/16G/4TB SSD/Win11/灰),59999,False,False,True,False,https://www.momoshop.com.tw/TP/TP0002735/goodsDetail/TP00027350006927,2026-10-06
S5652MA,,,TP00004400000685,【ASUS 華碩】特仕版 直升1T SSD S5652MA/Core 7 350/16G/1T SSD/Win11/灰,45590,False,False,True,False,https://www.momoshop.com.tw/TP/TP0000440/goodsDetail/TP00004400000685,2026-10-06
TP3407AA,TP3407AA-0033G355,config,15633839,【ASUS 華碩】14吋Ultra7翻轉觸控AI筆電(VivoBook 14 Flip TP3407AA/Ultra 7-355/16G/512G SSD/W11),53999,True,False,False,False,https://www.momoshop.com.tw/goods/GoodsDetail.jsp?i_code=15633839,2026-10-06
TP3407AA,TP3407AA-0033G355,config,TP00027530005239,【ASUS 華碩】特仕版 Vivobook 14 Flip TP3407AA 14吋翻轉觸控筆電 （U7/16G/512G/W11）,53999,False,False,True,False,https://www.momoshop.com.tw/TP/TP0002753/goodsDetail/TP00027530005239,2026-10-06
TP3407AA,TP3407AA-0033G355,config,TP00027350007209,【ASUS 華碩】特仕版14吋觸控(Vivobook 14 TP3407AA/Ultra 7 355/16G/512G/W11)多規,53999,False,False,True,False,https://www.momoshop.com.tw/TP/TP0002735/goodsDetail/TP00027350007209,2026-10-06
TP3407AA,,,TP00027350007210,【ASUS 華碩】特仕版14吋觸控(Vivobook 14 TP3407AA/Ultra 7 355/16G/1TB SSD/W11),58999,False,False,True,False,https://www.momoshop.com.tw/TP/TP0002735/goodsDetail/TP00027350007210,2026-10-06
TP3407AA,,,TP00027350007211,【ASUS 華碩】特仕版14吋觸控(Vivobook 14 TP3407AA/Ultra 7 355/16G/2TB SSD/W11),61999,False,False,True,False,https://www.momoshop.com.tw/TP/TP0002735/goodsDetail/TP00027350007211,2026-10-06
TP3407AA,,,TP00027350007212,【ASUS 華碩】特仕版14吋觸控(Vivobook 14 TP3407AA/Ultra 7 355/16G/4TB SSD/W11),72999,False,False,True,False,https://www.momoshop.com.tw/TP/TP0002735/goodsDetail/TP00027350007212,2026-10-06
TP3407SA,,,14880003,【ASUS 華碩】65W充電組★14吋Ultra7翻轉觸控AI筆電(Vivobook 14 Flip TP3407SA/Ultra 7-258V/32G/1TB/W11),46999,True,True,False,False,https://www.momoshop.com.tw/goods/GoodsDetail.jsp?i_code=14880003,2026-10-06
TP5408QA,TP5408QA-0033B26100,config,15649163,【ASUS 華碩】14吋翻轉觸控AI筆電(VivoBook 14 Flip TP5408QA/Snapdragon X  X1 26 100/16G/512G SSD/W11),42999,True,False,False,False,https://www.momoshop.com.tw/goods/GoodsDetail.jsp?i_code=15649163,2026-10-06
TP5408QA,TP5408QA-0033B26100,exact,TP00014390007365,【ASUS 華碩】TP5408QA-0033B26100 14吋 X1 翻轉觸控 AI 筆電 率性藍,42999,False,False,False,False,https://www.momoshop.com.tw/TP/TP0001439/goodsDetail/TP00014390007365,2026-10-06
TP5408QA,TP5408QA-0033B26100,config,TP00027530005153,【ASUS 華碩】特仕版 Vivobook Flip  TP5408QA 14吋翻轉觸控筆電 （X X126100/16G/512G）多規,42999,False,False,True,False,https://www.momoshop.com.tw/TP/TP0002753/goodsDetail/TP00027530005153,2026-10-06
TP5408QA,TP5408QA-0033B26100,config,TP00027350007213,【ASUS 華碩】特仕版14吋觸控(Vivobook Flip TP5408QA/X1 26 100/16G/512G/W11)多規,42999,False,False,True,False,https://www.momoshop.com.tw/TP/TP0002735/goodsDetail/TP00027350007213,2026-10-06
TP5408QA,,,TP00027350007214,【ASUS 華碩】特仕版14吋觸控(Vivobook Flip TP5408QA/X1 26 100/16G/1TB SSD/W11),47999,False,False,True,False,https://www.momoshop.com.tw/TP/TP0002735/goodsDetail/TP00027350007214,2026-10-06
TP5408QA,,,TP00027350007215,【ASUS 華碩】特仕版14吋觸控(Vivobook Flip TP5408QA/X1 26 100/16G/2TB SSD/W11),50999,False,False,True,False,https://www.momoshop.com.tw/TP/TP0002735/goodsDetail/TP00027350007215,2026-10-06
TP5408QA,,,TP00027350007216,【ASUS 華碩】特仕版14吋觸控(Vivobook Flip TP5408QA/X1 26 100/16G/4TB SSD/W11),61999,False,False,True,False,https://www.momoshop.com.tw/TP/TP0002735/goodsDetail/TP00027350007216,2026-10-06
UM3406GA,UM3406GA-0042K430H,config,15252362,【ASUS 華碩】14吋Ryzen AI 5 輕薄筆電(Zenbook UM3406GA/Ryzen AI 5-430/16G/512G SSD/W11/OLED),40999,True,False,False,False,https://www.momoshop.com.tw/goods/GoodsDetail.jsp?i_code=15252362,2026-10-06
UM3406GA,UM3406GA-0042K430H,config,15631837,【ASUS 華碩】包鼠組★14吋Ryzen AI 5 輕薄筆電(Zenbook UM3406GA/Ryzen AI 5-430/16G/512G SSD/W11/OLED),40999,True,True,False,False,https://www.momoshop.com.tw/goods/GoodsDetail.jsp?i_code=15631837,2026-10-06
UM3406GA,UM3406GA-0042K430H,config,15564026,【ASUS 華碩】14吋Ryzen AI 5 輕薄筆電(Zenbook UM3406GA/Ryzen AI 5-430/16G/512G SSD/W11/OLED),40999,True,False,False,False,https://www.momoshop.com.tw/goods/GoodsDetail.jsp?i_code=15564026,2026-10-06
UM3406GA,UM3406GA-0042K430H,config,15631432,【ASUS 華碩】Office2024組★14吋Ryzen AI 5輕薄筆電(Zenbook UM3406GA/Ryzen AI 5-430/16G/512G/W11/OLED),45999,True,True,False,False,https://www.momoshop.com.tw/goods/GoodsDetail.jsp?i_code=15631432,2026-10-06
UM3406GA,UM3406GA-0042K430H,config,15631838,【ASUS 華碩】滑鼠組★14吋Ryzen AI 5 輕薄筆電(Zenbook UM3406GA/Ryzen AI 5-430/16G/512G SSD/W11/OLED),40999,True,True,False,False,https://www.momoshop.com.tw/goods/GoodsDetail.jsp?i_code=15631838,2026-10-06
UM3406GA,UM3406GA-0042K430H,config,15631214,【ASUS 華碩】微軟M365組★14吋Ryzen AI 5 輕薄筆電(Zenbook UM3406GA/Ryzen AI 5-430/16G/512G/W11/OLED),43389,True,True,False,False,https://www.momoshop.com.tw/goods/GoodsDetail.jsp?i_code=15631214,2026-10-06
UM3406GA,,,14976549,【ASUS 華碩】特仕版 14吋輕薄筆(Zenbook 14 UM3406GA/Ryzen AI 5 430/16G/1TB SSD/Win11/OLED),45999,True,False,True,False,https://www.momoshop.com.tw/goods/GoodsDetail.jsp?i_code=14976549,2026-10-06
UM3406GA,UM3406GA-0042K430H,exact,15152031,【ASUS 華碩】特仕版 14吋效能AI筆電(UM3406GA-0042K430H/Ryzen AI 5 430/16G/改1TB SSD/OLED/Win11),44999,True,False,True,False,https://www.momoshop.com.tw/goods/GoodsDetail.jsp?i_code=15152031,2026-10-06
UM3406GA,UM3406GA-0042K430H,config,15440332,【ASUS 華碩】Office2024組★14吋Ryzen AI 5輕薄筆電(Zenbook UM3406GA/Ryzen AI 5-430/16G/512G SSD/OLED),45999,True,True,False,False,https://www.momoshop.com.tw/goods/GoodsDetail.jsp?i_code=15440332,2026-10-06
UM3406GA,UM3406GA-0042K430H,config,15271762,【ASUS 華碩】65W充電組★14吋Ryzen AI 5 輕薄筆電(Zenbook UM3406GA/Ryzen AI 5-430/16G/512G/W11/OLED),40999,True,True,False,False,https://www.momoshop.com.tw/goods/GoodsDetail.jsp?i_code=15271762,2026-10-06
UM3406GA,UM3406GA-0042K430H,config,15271159,【ASUS 華碩】微軟M365組★14吋Ryzen AI 5 輕薄筆電(Zenbook UM3406GA/Ryzen AI 5-430/16G/512G/W11/OLED),43389,True,True,False,False,https://www.momoshop.com.tw/goods/GoodsDetail.jsp?i_code=15271159,2026-10-06
UM3406GA,UM3406GA-0042K430H,config,15271760,【ASUS 華碩】滑鼠組★14吋Ryzen AI 5 輕薄筆電(Zenbook UM3406GA/Ryzen AI 5-430/16G/512G SSD/W11/OLED),40999,True,True,False,False,https://www.momoshop.com.tw/goods/GoodsDetail.jsp?i_code=15271760,2026-10-06
UM3406GA,UM3406GA-0042K430H,config,TP00027530004441,【ASUS 華碩】特仕版 Zenbook 14 UM3406GA 14吋AI效能筆電（Ryzen AI 5/16G/512G/W11）,40999,False,False,True,False,https://www.momoshop.com.tw/TP/TP0002753/goodsDetail/TP00027530004441,2026-10-06
UM3406GA,,,TP00027530004442,【ASUS 華碩】特仕版 Zenbook 14 UM3406GA 14吋AI效能OLED筆電（Ryzen AI 5/16G/1T/W11）,45999,False,False,True,False,https://www.momoshop.com.tw/TP/TP0002753/goodsDetail/TP00027530004442,2026-10-06
UM3406GA,,,TP00027530004444,【ASUS 華碩】特仕版 Zenbook 14 UM3406GA 14吋AI效能OLED筆電（Ryzen AI 5/16G/4T/W11）,57999,False,False,True,False,https://www.momoshop.com.tw/TP/TP0002753/goodsDetail/TP00027530004444,2026-10-06
UM3406GA,UM3406GA-0042K430H,exact,TP00014390006210,【ASUS 華碩】UM3406GA-0042K430H 14吋 R5 AI筆電 玉石黑,40999,False,False,False,False,https://www.momoshop.com.tw/TP/TP0001439/goodsDetail/TP00014390006210,2026-10-06
UM3406GA,,,TP00064080001196,【ASUS 華碩】特仕款 14吋 AI效能 OLED 輕薄筆電(UM3406GA/Ryzen AI 5 430/16G/2TB/W11) ,53990,False,False,True,False,https://www.momoshop.com.tw/TP/TP0006408/goodsDetail/TP00064080001196,2026-10-06
UM3406GA,UM3406GA-0042K430H,config,TP00027350005361,【ASUS 華碩】特仕版14吋筆電(Zenbook UM3406GA/Ryzen AI 5 430/16G/512G/W11/黑)多規,40999,False,False,True,False,https://www.momoshop.com.tw/TP/TP0002735/goodsDetail/TP00027350005361,2026-10-06
UM3406GA,,,TP00027530004443,【ASUS 華碩】特仕版 Zenbook 14 UM3406GA 14吋AI效能OLED筆電（Ryzen AI 5/16G/2T/W11）,49299,False,False,True,False,https://www.momoshop.com.tw/TP/TP0002753/goodsDetail/TP00027530004443,2026-10-06
UM3406GA,,,TP00027350005364,【ASUS 華碩】特仕版14吋筆電(Zenbook UM3406GA/Ryzen AI 5 430/16G/4TB SSD/W11/黑),58999,False,False,True,False,https://www.momoshop.com.tw/TP/TP0002735/goodsDetail/TP00027350005364,2026-10-06
UM3406GA,,,TP00064080001195,【ASUS 華碩】特仕款 14吋 AI效能 OLED 輕薄筆電(UM3406GA/Ryzen AI 5 430/16G/1TB/W11) ,48990,False,False,True,False,https://www.momoshop.com.tw/TP/TP0006408/goodsDetail/TP00064080001195,2026-10-06
UM3406GA,,,TP00027350005362,【ASUS 華碩】特仕版14吋筆電(Zenbook UM3406GA/Ryzen AI 5 430/16G/1TB SSD/W11/黑),45999,False,False,True,False,https://www.momoshop.com.tw/TP/TP0002735/goodsDetail/TP00027350005362,2026-10-06
UM3406GA,,,TP00027350005363,【ASUS 華碩】特仕版14吋筆電(Zenbook UM3406GA/Ryzen AI 5 430/16G/2TB SSD/W11/黑),49999,False,False,True,False,https://www.momoshop.com.tw/TP/TP0002735/goodsDetail/TP00027350005363,2026-10-06
UM3406GA,,,TP00004400000604,【ASUS 華碩】特仕版 直升1T SSD UM3406GA/AI 5 430/16G/1TB SSD/Win11/OLED/黑,45999,False,False,True,False,https://www.momoshop.com.tw/TP/TP0000440/goodsDetail/TP00004400000604,2026-10-06
UX3405CA,UX3405CA-0202B255H/UX3405CA-0192S255H,config,14362923,【ASUS 華碩】14吋Ultra7輕薄AI筆電(ZenBook UX3405CA/Ultra7-255H/16G/512G SSD/W11/EVO/OLED),44999,True,False,False,False,https://www.momoshop.com.tw/goods/GoodsDetail.jsp?i_code=14362923,2026-10-06
UX3405CA,UX3405CA-0122B225H/UX3405CA-0182S225H,config,14362924,【ASUS 華碩】14吋Ultra5輕薄AI筆電(ZenBook UX3405CA/Ultra5-225H/16G/512G SSD/W11/EVO/OLED),39999,True,False,False,False,https://www.momoshop.com.tw/goods/GoodsDetail.jsp?i_code=14362924,2026-10-06
UX3405CA,UX3405CA-0122B225H/UX3405CA-0182S225H,config,14931834,【ASUS 華碩】14吋Ultra5輕薄AI筆電(ZenBook UX3405CA/Ultra5-225H/16G/512G SSD/W11/EVO/OLED),39999,True,False,False,False,https://www.momoshop.com.tw/goods/GoodsDetail.jsp?i_code=14931834,2026-10-06
UX3405CA,UX3405CA-0182S225H,exact,14946144,【ASUS 華碩】特仕版 14吋輕薄AI筆電(UX3405CA-0182S225H/Ultra5-225H/16G/改1TB SSD/OLED/Win11),43999,True,False,True,False,https://www.momoshop.com.tw/goods/GoodsDetail.jsp?i_code=14946144,2026-10-06
UX3405CA,UX3405CA-0202B255H/UX3405CA-0192S255H,config,15440325,【ASUS 華碩】Office2024組★14吋Ultra7輕薄AI筆電(ZenBook UX3405CA/Ultra7-255H/16G/512G SSD/EVO/OLED),49999,True,True,False,False,https://www.momoshop.com.tw/goods/GoodsDetail.jsp?i_code=15440325,2026-10-06
UX3405CA,UX3405CA-0192S255H,exact,15249188,【ASUS 華碩】特仕版 14吋輕薄AI筆電(UX3405CA-0192S255H/Ultra 7-255H/16G/改1TB SSD/OLED/Win11),47999,True,False,True,False,https://www.momoshop.com.tw/goods/GoodsDetail.jsp?i_code=15249188,2026-10-06
UX3405CA,UX3405CA-0202B255H/UX3405CA-0192S255H,config,15520793,【ASUS 華碩】14吋Ultra7輕薄AI筆電(ZenBook UX3405CA/Ultra7-255H/16G/512G SSD/W11/EVO/OLED),44999,True,False,False,False,https://www.momoshop.com.tw/goods/GoodsDetail.jsp?i_code=15520793,2026-10-06
UX3405CA,UX3405CA-0122B225H/UX3405CA-0182S225H,config,15520792,【ASUS 華碩】14吋Ultra5輕薄AI筆電(ZenBook UX3405CA/Ultra5-225H/16G/512G SSD/W11/EVO/OLED),39999,True,False,False,False,https://www.momoshop.com.tw/goods/GoodsDetail.jsp?i_code=15520792,2026-10-06
UX3405CA,UX3405CA-0202B255H/UX3405CA-0192S255H,config,15544959,【ASUS 華碩】包鼠組★14吋Ultra7輕薄AI筆電(ZenBook UX3405CA/Ultra7-255H/16G/512G SSD/W11/EVO/OLED),45499,True,True,False,False,https://www.momoshop.com.tw/goods/GoodsDetail.jsp?i_code=15544959,2026-10-06
UX3405CA,UX3405CA-0132B225H/UX3405CA-0043S225H,config,15655818,【ASUS 華碩】特仕版 14吋 Ultra 7 輕薄筆電(ZenBook 14 UX3405CA/Ultra7-255H/16G/1TB SSD/W11),47999,True,False,True,False,https://www.momoshop.com.tw/goods/GoodsDetail.jsp?i_code=15655818,2026-10-06
UX3405CA,UX3405CA-0132B225H/UX3405CA-0043S225H,config,15249169,【ASUS 華碩】特仕版 14吋輕薄筆電(Zenbook 14 OLED UX3405CA/Ultra 7 255H/16G/1TB SSD/Win11),49999,True,False,True,False,https://www.momoshop.com.tw/goods/GoodsDetail.jsp?i_code=15249169,2026-10-06
UX3405CA,UX3405CA-0202B255H/UX3405CA-0192S255H,config,15564027,【ASUS 華碩】14吋Ultra7輕薄AI筆電(ZenBook UX3405CA/Ultra7-255H/16G/512G SSD/W11/EVO/OLED),44999,True,False,False,False,https://www.momoshop.com.tw/goods/GoodsDetail.jsp?i_code=15564027,2026-10-06
UX3405CA,UX3405CA-0122B225H/UX3405CA-0182S225H,config,15544946,【ASUS 華碩】滑鼠組★14吋Ultra5輕薄AI筆電(ZenBook UX3405CA/Ultra5-225H/16G/512G SSD/W11/EVO/OLED),40499,True,True,False,False,https://www.momoshop.com.tw/goods/GoodsDetail.jsp?i_code=15544946,2026-10-06
UX3405CA,UX3405CA-0122B225H/UX3405CA-0182S225H,config,15440320,【ASUS 華碩】Office2024組★14吋Ultra5輕薄AI筆電(ZenBook UX3405CA/Ultra5-225H/16G/512G SSD/EVO/OLED),44999,True,True,False,False,https://www.momoshop.com.tw/goods/GoodsDetail.jsp?i_code=15440320,2026-10-06
UX3405CA,UX3405CA-0202B255H,exact,15249190,【ASUS 華碩】特仕版 14吋輕薄AI筆電(UX3405CA-0202B255H/Ultra 7-255H/16G/改1TB SSD/OLED/Win11),47999,True,False,True,False,https://www.momoshop.com.tw/goods/GoodsDetail.jsp?i_code=15249190,2026-10-06
UX3405CA,UX3405CA-0202B255H/UX3405CA-0192S255H,config,15544964,【ASUS 華碩】65W充電組★14吋Ultra7輕薄AI筆電(ZenBook UX3405CA/Ultra7-255H/16G/512G SSD/W11/EVO/OLED),45499,True,True,False,False,https://www.momoshop.com.tw/goods/GoodsDetail.jsp?i_code=15544964,2026-10-06
UX3405CA,UX3405CA-0122B225H/UX3405CA-0182S225H,config,15544945,【ASUS 華碩】包鼠組★14吋Ultra5輕薄AI筆電(ZenBook UX3405CA/Ultra5-225H/16G/512G SSD/W11/EVO/OLED),40499,True,True,False,False,https://www.momoshop.com.tw/goods/GoodsDetail.jsp?i_code=15544945,2026-10-06
UX3405CA,UX3405CA-0202B255H/UX3405CA-0192S255H,config,15699817,【ASUS 華碩】Office2024組★14吋Ultra7輕薄AI筆電(ZenBook UX3405CA/Ultra7-255H/16G/512G/W11/EVO/OLED),49999,True,True,False,False,https://www.momoshop.com.tw/goods/GoodsDetail.jsp?i_code=15699817,2026-10-06
UX3405CA,UX3405CA-0132B225H/UX3405CA-0043S225H,config,15655815,【ASUS 華碩】特仕版 14吋 Ultra 7 輕薄筆電(ZenBook 14 UX3405CA/Ultra7-255H/16G/1TB SSD/W11),47999,True,False,True,False,https://www.momoshop.com.tw/goods/GoodsDetail.jsp?i_code=15655815,2026-10-06
UX3405CA,UX3405CA-0202B255H/UX3405CA-0192S255H,config,15544965,【ASUS 華碩】Office2024組★14吋Ultra7輕薄AI筆電(ZenBook UX3405CA/Ultra7-255H/16G/512G/W11/EVO/OLED),49999,True,True,False,False,https://www.momoshop.com.tw/goods/GoodsDetail.jsp?i_code=15544965,2026-10-06
UX3405CA,UX3405CA-0202B255H/UX3405CA-0192S255H,config,15544963,【ASUS 華碩】滑鼠組★14吋Ultra7輕薄AI筆電(ZenBook UX3405CA/Ultra7-255H/16G/512G SSD/W11/EVO/OLED),45499,True,True,False,False,https://www.momoshop.com.tw/goods/GoodsDetail.jsp?i_code=15544963,2026-10-06
UX3405CA,UX3405CA-0122B225H/UX3405CA-0182S225H,config,15544958,【ASUS 華碩】Office2024組★14吋Ultra5輕薄AI筆電(ZenBook UX3405CA/Ultra5-225H/16G/512G/W11/EVO/OLED),44999,True,True,False,False,https://www.momoshop.com.tw/goods/GoodsDetail.jsp?i_code=15544958,2026-10-06
UX3405CA,UX3405CA-0122B225H/UX3405CA-0182S225H,config,15544950,【ASUS 華碩】微軟M365組★14吋Ultra5輕薄AI筆電(ZenBook UX3405CA/Ultra5-225H/16G/512G/W11/EVO/OLED),42389,True,True,False,False,https://www.momoshop.com.tw/goods/GoodsDetail.jsp?i_code=15544950,2026-10-06
UX3405CA,,,15048400,【ASUS 華碩】特仕版 14吋 Ultra 5 輕薄筆電(ZenBook 14 UX3405CA/Ultra5-225H/16G/2TB SSD/W11),46999,True,False,True,False,https://www.momoshop.com.tw/goods/GoodsDetail.jsp?i_code=15048400,2026-10-06
UX3405CA,UX3405CA-0122B225H/UX3405CA-0182S225H,config,15544949,【ASUS 華碩】65W充電組★14吋Ultra5輕薄AI筆電(ZenBook UX3405CA/Ultra5-225H/16G/512G SSD/W11/EVO/OLED),40499,True,True,False,False,https://www.momoshop.com.tw/goods/GoodsDetail.jsp?i_code=15544949,2026-10-06
UX3405CA,,,TP00027530004301,【ASUS 華碩】特仕版 Zenbook 14 OLED UX3405CA 14吋AI輕薄筆電（U5/16G/512G/W11）,39999,False,False,True,False,https://www.momoshop.com.tw/TP/TP0002753/goodsDetail/TP00027530004301,2026-10-06
UX3405CA,UX3405CA-0132B225H/UX3405CA-0043S225H,config,14976416,【ASUS 華碩】特仕版 14吋輕薄筆電(Zenbook 14 OLED UX3405CA/Ultra 5 225H/16G/1TB SSD/Win11),44499,True,False,True,False,https://www.momoshop.com.tw/goods/GoodsDetail.jsp?i_code=14976416,2026-10-06
UX3405CA,UX3405CA-0202B255H/UX3405CA-0192S255H,config,15544951,【ASUS 華碩】微軟M365組★14吋Ultra7輕薄AI筆電(ZenBook UX3405CA/Ultra7-255H/16G/512G/W11/EVO/OLED),47389,True,True,False,False,https://www.momoshop.com.tw/goods/GoodsDetail.jsp?i_code=15544951,2026-10-06
UX3405CA,,,15048402,【ASUS 華碩】特仕版 14吋 Ultra 5 輕薄筆電(ZenBook 14 UX3405CA/Ultra5-225H/16G/2TB SSD/W11),46999,True,False,True,False,https://www.momoshop.com.tw/goods/GoodsDetail.jsp?i_code=15048402,2026-10-06
UX3405CA,,,TP00027530004612,【ASUS 華碩】特仕版 Zenbook 14 OLED UX3405CA 14吋AI輕薄筆電（U7/16G/512G/W11）,44999,False,False,True,False,https://www.momoshop.com.tw/TP/TP0002753/goodsDetail/TP00027530004612,2026-10-06
UX3405CA,,,14976405,【ASUS 華碩】特仕版 14吋輕薄筆電(Zenbook 14 OLED UX3405CA/Ultra 5 225H/16G/2TB SSD/Win11),47999,True,False,True,False,https://www.momoshop.com.tw/goods/GoodsDetail.jsp?i_code=14976405,2026-10-06
UX3405CA,,,14976419,【ASUS 華碩】特仕版 14吋輕薄筆電(Zenbook 14 OLED UX3405CA/Ultra 5 225H/16G/2TB SSD/Win11),47999,True,False,True,False,https://www.momoshop.com.tw/goods/GoodsDetail.jsp?i_code=14976419,2026-10-06
UX3405CA,UX3405CA-0202B255H/UX3405CA-0192S255H,config,15699807,【ASUS 華碩】滑鼠組★14吋Ultra7輕薄AI筆電(ZenBook UX3405CA/Ultra7-255H/16G/512G SSD/W11/EVO/OLED),45499,True,True,False,False,https://www.momoshop.com.tw/goods/GoodsDetail.jsp?i_code=15699807,2026-10-06
UX3405CA,,,15249168,【ASUS 華碩】特仕版 14吋輕薄筆電(Zenbook 14 OLED UX3405CA/Ultra 7 255H/16G/2TB SSD/Win11),53999,True,False,True,False,https://www.momoshop.com.tw/goods/GoodsDetail.jsp?i_code=15249168,2026-10-06
UX3405CA,,,TP00027530005086,【ASUS 華碩】特仕版 Zenbook 14 OLED UX3405CA 銀 14吋AI輕薄筆電（U7/16G/2T/W11）,52499,False,False,True,False,https://www.momoshop.com.tw/TP/TP0002753/goodsDetail/TP00027530005086,2026-10-06
UX3405CA,,,TP00027530005087,【ASUS 華碩】特仕版 Zenbook 14 OLED UX3405CA 銀 14吋AI輕薄筆電（U7/16G/4T/W11）,60999,False,False,True,False,https://www.momoshop.com.tw/TP/TP0002753/goodsDetail/TP00027530005087,2026-10-06
UX3405CA,UX3405CA-0122B225H,exact,14946148,【ASUS 華碩】特仕版 14吋輕薄AI筆電(UX3405CA-0122B225H/Ultra5-225H/16G/改1TB SSD/OLED/Win11),42999,True,False,True,False,https://www.momoshop.com.tw/goods/GoodsDetail.jsp?i_code=14946148,2026-10-06
UX3405CA,UX3405CA-0122B225H/UX3405CA-0182S225H,config,TP00027350005290,【ASUS 華碩】特仕版14吋(Zenbook UX3405CA/Ultra 5 225H/16G/512G/W11/白)多規,39999,False,False,True,False,https://www.momoshop.com.tw/TP/TP0002735/goodsDetail/TP00027350005290,2026-10-06
UX3405CA,,,TP00027530005089,【ASUS 華碩】特仕版 Zenbook 14 OLED UX3405CA 藍 14吋AI輕薄筆電（U7/16G/2T/W11）,52499,False,False,True,False,https://www.momoshop.com.tw/TP/TP0002753/goodsDetail/TP00027530005089,2026-10-06
UX3405CA,,,TP00002230003107,【ASUS 華碩】ASUS華碩 ZenBook 14 UX3405CA OLED AI筆電/Ultra 5-225H/14吋,41299,False,False,False,False,https://www.momoshop.com.tw/TP/TP0000223/goodsDetail/TP00002230003107,2026-10-06
UX3405CA,UX3405CA-0132B225H/UX3405CA-0043S225H,config,15249163,【ASUS 華碩】特仕版 14吋輕薄筆電(Zenbook 14 OLED UX3405CA/Ultra 7 255H/16G/1TB SSD/Win11),49999,True,False,True,False,https://www.momoshop.com.tw/goods/GoodsDetail.jsp?i_code=15249163,2026-10-06
UX3405CA,,,TP00027530005090,【ASUS 華碩】特仕版 Zenbook 14 OLED UX3405CA 藍 14吋AI輕薄筆電（U7/16G/4T/W11）,60999,False,False,True,False,https://www.momoshop.com.tw/TP/TP0002753/goodsDetail/TP00027530005090,2026-10-06
UX3405CA,UX3405CA-0202B255H/UX3405CA-0192S255H,config,15442845,【ASUS 華碩】微軟M365組★14吋Ultra7輕薄AI筆電(ZenBook UX3405CA/Ultra7-255H/16G/512G/W11/EVO/OLED),47389,True,True,False,False,https://www.momoshop.com.tw/goods/GoodsDetail.jsp?i_code=15442845,2026-10-06
UX3405CA,UX3405CA-0132B225H/UX3405CA-0043S225H,config,14976401,【ASUS 華碩】特仕版 14吋輕薄筆電(Zenbook 14 OLED UX3405CA/Ultra 5 225H/16G/1TB SSD/Win11),44499,True,False,True,False,https://www.momoshop.com.tw/goods/GoodsDetail.jsp?i_code=14976401,2026-10-06
UX3405CA,UX3405CA-0202B255H/UX3405CA-0192S255H,config,15699834,【ASUS 華碩】65W手機充電頭★14吋Ultra7輕薄AI筆電(ZenBook UX3405CA/Ultra7-255H/16G/512G/W11/EVO/OLED),45499,True,True,False,False,https://www.momoshop.com.tw/goods/GoodsDetail.jsp?i_code=15699834,2026-10-06
UX3405CA,UX3405CA-0202B255H/UX3405CA-0192S255H,config,15699809,【ASUS 華碩】微軟M365組★14吋Ultra7輕薄AI筆電(ZenBook UX3405CA/Ultra7-255H/16G/512G/W11/EVO/OLED),47389,True,True,False,False,https://www.momoshop.com.tw/goods/GoodsDetail.jsp?i_code=15699809,2026-10-06
UX3405CA,UX3405CA-0202B255H/UX3405CA-0192S255H,config,15699806,【ASUS 華碩】包鼠組★14吋Ultra7輕薄AI筆電(ZenBook UX3405CA/Ultra7-255H/16G/512G SSD/W11/EVO/OLED),45499,True,True,False,False,https://www.momoshop.com.tw/goods/GoodsDetail.jsp?i_code=15699806,2026-10-06
UX3405CA,UX3405CA-0132B225H/UX3405CA-0043S225H,config,TP00027530005085,【ASUS 華碩】特仕版 Zenbook 14 OLED UX3405CA 銀 14吋AI輕薄筆電（U7/16G/1T/W11）,48899,False,False,True,False,https://www.momoshop.com.tw/TP/TP0002753/goodsDetail/TP00027530005085,2026-10-06
UX3405CA,UX3405CA-0132B225H/UX3405CA-0043S225H,config,TP00027530005088,【ASUS 華碩】特仕版 Zenbook 14 OLED UX3405CA 藍 14吋AI輕薄筆電（U7/16G/1T/W11）,48899,False,False,True,False,https://www.momoshop.com.tw/TP/TP0002753/goodsDetail/TP00027530005088,2026-10-06
UX3405CA,UX3405CA-0182S225H,exact,TP00056340007537,【ASUS 華碩】Zenbook 14吋輕薄AI筆電 (UX3405CA-0182S225H/Ultra5-225H),42999,False,False,False,False,https://www.momoshop.com.tw/TP/TP0005634/goodsDetail/TP00056340007537,2026-10-06
UX3405CA,UX3405CA-0132B225H/UX3405CA-0043S225H,config,TP00064080001539,【ASUS 華碩】特仕款 14吋 OLED AI效能 輕薄筆電 (UX3405CA/Ultra 7-255H/16G/1TB/W11),52990,False,False,True,False,https://www.momoshop.com.tw/TP/TP0006408/goodsDetail/TP00064080001539,2026-10-06
UX3405CA,,,TP00064080001540,【ASUS 華碩】特仕款 14吋 OLED AI效能 輕薄筆電 (UX3405CA/Ultra 7-255H/16G/2TB/W11),57990,False,False,True,False,https://www.momoshop.com.tw/TP/TP0006408/goodsDetail/TP00064080001540,2026-10-06
UX3405CA,UX3405CA-0182S225H,exact,TP00014390006451,【ASUS 華碩】OLED UX3405CA-0182S225H 14吋 U5 筆電 白霧銀,39999,False,False,False,False,https://www.momoshop.com.tw/TP/TP0001439/goodsDetail/TP00014390006451,2026-10-06
UX3405CA,,,TP00064080001541,【ASUS 華碩】特仕款 14吋 OLED AI效能 輕薄筆電 (UX3405CA/Ultra 7-255H/16G/4TB/W11),65990,False,False,True,False,https://www.momoshop.com.tw/TP/TP0006408/goodsDetail/TP00064080001541,2026-10-06
UX3405CA,UX3405CA-0122B225H,exact,TP00014390006454,【ASUS 華碩】OLED UX3405CA-0122B225H 14吋 U5 筆電 紳士藍,39999,False,False,False,False,https://www.momoshop.com.tw/TP/TP0001439/goodsDetail/TP00014390006454,2026-10-06
UX3405CA,UX3405CA-0192S255H,exact,TP00014390006619,【ASUS 華碩】OLED UX3405CA-0192S255H 14吋 U7 筆電 白霧銀,44999,False,False,False,False,https://www.momoshop.com.tw/TP/TP0001439/goodsDetail/TP00014390006619,2026-10-06
UX3405CA,UX3405CA-0202B255H,exact,TP00014390006620,【ASUS 華碩】OLED UX3405CA-0202B255H 14吋 U7 筆電 紳士藍,44999,False,False,False,False,https://www.momoshop.com.tw/TP/TP0001439/goodsDetail/TP00014390006620,2026-10-06
UX3405CA,UX3405CA-0132B225H/UX3405CA-0043S225H,config,TP00027530004325,【ASUS 華碩】特仕版 Zenbook 14 OLED UX3405CA 紳士藍 14吋AI輕薄筆電（U5/16G/1T/W11）,43999,False,False,True,False,https://www.momoshop.com.tw/TP/TP0002753/goodsDetail/TP00027530004325,2026-10-06
UX3405CA,,,TP00027530004326,【ASUS 華碩】特仕版 Zenbook 14 OLED UX3405CA 紳士藍 14吋AI輕薄筆電（U5/16G/2T/W11）,48299,False,False,True,False,https://www.momoshop.com.tw/TP/TP0002753/goodsDetail/TP00027530004326,2026-10-06
UX3405CA,UX3405CA-0132B225H/UX3405CA-0043S225H,config,TP00027530004328,【ASUS 華碩】特仕版 Zenbook 14 OLED UX3405CA 白霧銀 14吋AI輕薄筆電（U5/16G/1T/W11）,43999,False,False,True,False,https://www.momoshop.com.tw/TP/TP0002753/goodsDetail/TP00027530004328,2026-10-06
UX3405CA,,,TP00027530004330,【ASUS 華碩】特仕版 Zenbook 14 OLED UX3405CA 白霧銀 14吋AI輕薄筆電（U5/16G/4T/W11）,56999,False,False,True,False,https://www.momoshop.com.tw/TP/TP0002753/goodsDetail/TP00027530004330,2026-10-06
UX3405CA,,,TP00027530004327,【ASUS 華碩】特仕版 Zenbook 14 OLED UX3405CA 紳士藍 14吋AI輕薄筆電（U5/16G/4T/W11）,56999,False,False,True,False,https://www.momoshop.com.tw/TP/TP0002753/goodsDetail/TP00027530004327,2026-10-06
UX3405CA,,,TP00027350005293,【ASUS 華碩】特仕版14吋(Zenbook UX3405CA/Ultra 5 225H/16G/4TB SSD/W11/白),58999,False,False,True,False,https://www.momoshop.com.tw/TP/TP0002735/goodsDetail/TP00027350005293,2026-10-06
UX3405CA,,,TP00027530004329,【ASUS 華碩】特仕版 Zenbook 14 OLED UX3405CA 白霧銀 14吋AI輕薄筆電（U5/16G/2T/W11）,48299,False,False,True,False,https://www.momoshop.com.tw/TP/TP0002753/goodsDetail/TP00027530004329,2026-10-06
UX3405CA,UX3405CA-0202B255H/UX3405CA-0192S255H,config,TP00027350006061,【ASUS 華碩】特仕版14吋(Zenbook UX3405CA/Ultra 7 255H/16G/512G/W11/銀)多規,44999,False,False,True,False,https://www.momoshop.com.tw/TP/TP0002735/goodsDetail/TP00027350006061,2026-10-06
UX3405CA,,,TP00027350006064,【ASUS 華碩】特仕版14吋(Zenbook UX3405CA/Ultra 7 255H/16G/4TB/W11/銀),63999,False,False,True,False,https://www.momoshop.com.tw/TP/TP0002735/goodsDetail/TP00027350006064,2026-10-06
UX3405CA,UX3405CA-0122B225H/UX3405CA-0182S225H,config,TP00027350005286,【ASUS 華碩】特仕版14吋(Zenbook UX3405CA/Ultra 5 225H/16G/512G/W11/藍)多規,39999,False,False,True,False,https://www.momoshop.com.tw/TP/TP0002735/goodsDetail/TP00027350005286,2026-10-06
UX3405CA,UX3405CA-0132B225H/UX3405CA-0043S225H,config,TP00027350005287,【ASUS 華碩】特仕版14吋(Zenbook UX3405CA/Ultra 5 225H/16G/1TB SSD/W11/藍),44499,False,False,True,False,https://www.momoshop.com.tw/TP/TP0002735/goodsDetail/TP00027350005287,2026-10-06
UX3405CA,,,TP00027350005288,【ASUS 華碩】特仕版14吋(Zenbook UX3405CA/Ultra 5 225H/16G/2TB SSD/W11/藍),47999,False,False,True,False,https://www.momoshop.com.tw/TP/TP0002735/goodsDetail/TP00027350005288,2026-10-06
UX3405CA,,,TP00027350005289,【ASUS 華碩】特仕版14吋(Zenbook UX3405CA/Ultra 5 225H/16G/4TB SSD/W11/藍),58999,False,False,True,False,https://www.momoshop.com.tw/TP/TP0002735/goodsDetail/TP00027350005289,2026-10-06
UX3405CA,UX3405CA-0132B225H/UX3405CA-0043S225H,config,TP00027350005291,【ASUS 華碩】特仕版14吋(Zenbook UX3405CA/Ultra 5 225H/16G/1TB SSD/W11/白),44499,False,False,True,False,https://www.momoshop.com.tw/TP/TP0002735/goodsDetail/TP00027350005291,2026-10-06
UX3405CA,,,TP00027350005292,【ASUS 華碩】特仕版14吋(Zenbook UX3405CA/Ultra 5 225H/16G/2TB SSD/W11/白),47999,False,False,True,False,https://www.momoshop.com.tw/TP/TP0002735/goodsDetail/TP00027350005292,2026-10-06
UX3405CA,UX3405CA-0202B255H/UX3405CA-0192S255H,config,TP00027350006057,【ASUS 華碩】特仕版14吋(Zenbook UX3405CA/Ultra 7 255H/16G/512G/W11/藍)多規,44999,False,False,True,False,https://www.momoshop.com.tw/TP/TP0002735/goodsDetail/TP00027350006057,2026-10-06
UX3405CA,,,TP00027350006058,【ASUS 華碩】特仕版14吋(Zenbook UX3405CA/Ultra 7 255H/16G/4TB/W11/藍),63999,False,False,True,False,https://www.momoshop.com.tw/TP/TP0002735/goodsDetail/TP00027350006058,2026-10-06
UX3405CA,,,TP00027350006059,【ASUS 華碩】特仕版14吋(Zenbook UX3405CA/Ultra 7 255H/16G/2TB/W11/藍),53999,False,False,True,False,https://www.momoshop.com.tw/TP/TP0002735/goodsDetail/TP00027350006059,2026-10-06
UX3405CA,UX3405CA-0132B225H/UX3405CA-0043S225H,config,TP00064080001249,【ASUS 華碩】特仕款 14吋 OLED AI效能 輕薄筆電 (UX3405CA/Ultra 5 225H/16G/1TB/W11)藍色,47990,False,False,True,False,https://www.momoshop.com.tw/TP/TP0006408/goodsDetail/TP00064080001249,2026-10-06
UX3405CA,UX3405CA-0132B225H/UX3405CA-0043S225H,config,TP00027350006060,【ASUS 華碩】特仕版14吋(Zenbook UX3405CA/Ultra 7 255H/16G/1TB/W11/藍),49999,False,False,True,False,https://www.momoshop.com.tw/TP/TP0002735/goodsDetail/TP00027350006060,2026-10-06
UX3405CA,,,TP00064080001250,【ASUS 華碩】特仕款 14吋 OLED AI效能 輕薄筆電 (UX3405CA/Ultra 5 225H/16G/2TB/W11)藍色,52990,False,False,True,False,https://www.momoshop.com.tw/TP/TP0006408/goodsDetail/TP00064080001250,2026-10-06
UX3405CA,UX3405CA-0132B225H/UX3405CA-0043S225H,config,TP00027350006062,【ASUS 華碩】特仕版14吋(Zenbook UX3405CA/Ultra 7 255H/16G/1TB/W11/銀),49999,False,False,True,False,https://www.momoshop.com.tw/TP/TP0002735/goodsDetail/TP00027350006062,2026-10-06
UX3405CA,,,TP00064080001251,【ASUS 華碩】特仕款 14吋 OLED AI效能 輕薄筆電 (UX3405CA/Ultra 5 225H/16G/4TB/W11)藍色,60990,False,False,True,False,https://www.momoshop.com.tw/TP/TP0006408/goodsDetail/TP00064080001251,2026-10-06
UX3405CA,,,TP00027350006063,【ASUS 華碩】特仕版14吋(Zenbook UX3405CA/Ultra 7 255H/16G/2TB/W11/銀),53999,False,False,True,False,https://www.momoshop.com.tw/TP/TP0002735/goodsDetail/TP00027350006063,2026-10-06
UX3405CA,UX3405CA-0132B225H/UX3405CA-0043S225H,config,TP00064080001252,【ASUS 華碩】特仕款 14吋 OLED AI效能 輕薄筆電 (UX3405CA/Ultra 5 225H/16G/1TB/W11)銀色,47990,False,False,True,False,https://www.momoshop.com.tw/TP/TP0006408/goodsDetail/TP00064080001252,2026-10-06
UX3405CA,UX3405CA-0073S255H,config,14880008,【ASUS 華碩】65W充電組★14吋Ultra7輕薄AI筆電(ZenBook UX3405CA/Ultra7-255H/32G/1T/W11/EVO/OLED/可觸控,48999,True,True,False,False,https://www.momoshop.com.tw/goods/GoodsDetail.jsp?i_code=14880008,2026-10-06
UX3405CA,,,TP00064080001253,【ASUS 華碩】特仕款 14吋 OLED AI效能 輕薄筆電 (UX3405CA/Ultra 5 225H/16G/2TB/W11)銀色,52990,False,False,True,False,https://www.momoshop.com.tw/TP/TP0006408/goodsDetail/TP00064080001253,2026-10-06
UX3405CA,,,TP00064080001254,【ASUS 華碩】特仕款 14吋 OLED AI效能 輕薄筆電 (UX3405CA/Ultra 5 225H/16G/4TB/W11)銀色,60990,False,False,True,False,https://www.momoshop.com.tw/TP/TP0006408/goodsDetail/TP00064080001254,2026-10-06
UX3405CA,UX3405CA-0202B255H/UX3405CA-0192S255H,config,14477507,【ASUS 華碩】 微軟M365組★14吋Ultra7輕薄AI筆電(ZenBook UX3405CA/Ultra7-255H/16G/512G SSD/EVO/OLED),47389,True,True,False,False,https://www.momoshop.com.tw/goods/GoodsDetail.jsp?i_code=14477507,2026-10-06
UX3405CA,UX3405CA-0132B225H/UX3405CA-0043S225H,config,TP00064080001255,【ASUS 華碩】特仕款 14吋 OLED AI效能 輕薄筆電 (UX3405CA/Ultra 7 255H/16G/1TB/W11)銀色,52990,False,False,True,False,https://www.momoshop.com.tw/TP/TP0006408/goodsDetail/TP00064080001255,2026-10-06
UX3405CA,,,TP00064080001256,【ASUS 華碩】特仕款 14吋 OLED AI效能 輕薄筆電 (UX3405CA/Ultra 7 255H/16G/2TB/W11)銀色,57990,False,False,True,False,https://www.momoshop.com.tw/TP/TP0006408/goodsDetail/TP00064080001256,2026-10-06
UX3405CA,UX3405CA-0132B225H/UX3405CA-0043S225H,config,14880007,【ASUS 華碩】65W充電組★14吋Ultra5輕薄AI筆電(ZenBook UX3405CA/Ultra5-225H/16G/1T/W11/EVO/OLED/可觸控,44999,True,True,False,False,https://www.momoshop.com.tw/goods/GoodsDetail.jsp?i_code=14880007,2026-10-06
UX3405CA,,,TP00064080001291,【ASUS 華碩】特仕款 14吋 OLED AI效能 輕薄筆電 (UX3405CA/Ultra 7 255H/16G/4TB/W11)銀色,65990,False,False,True,False,https://www.momoshop.com.tw/TP/TP0006408/goodsDetail/TP00064080001291,2026-10-06
UX3405CA,UX3405CA-0122B225H/UX3405CA-0182S225H,config,14477499,【ASUS 華碩】 微軟M365組★14吋Ultra5輕薄AI筆電(ZenBook UX3405CA/Ultra5-225H/16G/512G SSD/EVO/OLED),42389,True,True,False,False,https://www.momoshop.com.tw/goods/GoodsDetail.jsp?i_code=14477499,2026-10-06
UX3405CA,UX3405CA-0132B225H/UX3405CA-0043S225H,config,TP00004400000544,【ASUS 華碩】特仕版 直升1T UX3405CA/Ultra5-225H/16G/1TB SSD/Win11/藍,43999,False,False,True,False,https://www.momoshop.com.tw/TP/TP0000440/goodsDetail/TP00004400000544,2026-10-06
UX3405CA,UX3405CA-0132B225H/UX3405CA-0043S225H,config,TP00004400000545,【ASUS 華碩】特仕版 直升1T UX3405CA/Ultra5-225H/16G/1TB SSD/Win11/銀,43999,False,False,True,False,https://www.momoshop.com.tw/TP/TP0000440/goodsDetail/TP00004400000545,2026-10-06
UX3407NA,UX3407NA-0112D88100,exact,15404445,【ASUS 華碩】特仕版 14吋效能AI筆電(UX3407NA-0112D88100/Snapdragon X2 Elite/16G/改1TB SSD/Win11),61999,True,False,True,False,https://www.momoshop.com.tw/goods/GoodsDetail.jsp?i_code=15404445,2026-10-06
UX3407NA,UX3407NA-0112D88100/UX3407NA-0122G88100,config,15080274,【ASUS 華碩】14吋 Copilot+PC AI筆電(Zenbook A14 UX3407NA/Snapdragon X2 Elite/16G/512G/W11),59999,True,False,False,False,https://www.momoshop.com.tw/goods/GoodsDetail.jsp?i_code=15080274,2026-10-06
UX3407NA,UX3407NA-0112D88100/UX3407NA-0122G88100,config,15080276,【ASUS 華碩】14吋 Copilot+PC AI筆電(Zenbook A14 UX3407NA/Snapdragon X2 Elite/16G/512G/W11),59999,True,False,False,False,https://www.momoshop.com.tw/goods/GoodsDetail.jsp?i_code=15080276,2026-10-06
UX3407NA,,,15173490,【ASUS 華碩】特仕版 14吋輕薄筆電(Zenbook UX3407NA/X2E-88-100/16G/1TB SSD/Win11/灰),64499,True,False,True,False,https://www.momoshop.com.tw/goods/GoodsDetail.jsp?i_code=15173490,2026-10-06
UX3407NA,,,TP00027530004617,【ASUS 華碩】特仕版 Zenbook A14 UX3407NA 14吋AI筆電 灰（X2 Elite X2E88100/16G/1T）,63399,False,False,True,False,https://www.momoshop.com.tw/TP/TP0002753/goodsDetail/TP00027530004617,2026-10-06
UX3407NA,UX3407NA-0122G88100,exact,TP00064080001796,【ASUS 華碩】特仕款 Zenbook A14 OLED AI 筆電 (UX3407NA-0122G88100/16G/4TB/W11),80990,False,False,True,False,https://www.momoshop.com.tw/TP/TP0006408/goodsDetail/TP00064080001796,2026-10-06
UX3407NA,UX3407NA-0122G88100,exact,15404446,【ASUS 華碩】特仕版 14吋效能AI筆電(UX3407NA-0122G88100/Snapdragon X2 Elite/16G/改1TB SSD/Win11),61999,True,False,True,False,https://www.momoshop.com.tw/goods/GoodsDetail.jsp?i_code=15404446,2026-10-06
UX3407NA,UX3407NA-0122G88100,exact,TP00064080001794,【ASUS 華碩】特仕款 Zenbook A14 OLED AI 筆電 (UX3407NA-0122G88100/16G/1TB/W11),67990,False,False,True,False,https://www.momoshop.com.tw/TP/TP0006408/goodsDetail/TP00064080001794,2026-10-06
UX3407NA,UX3407NA-0122G88100,exact,TP00064080001795,【ASUS 華碩】特仕款 Zenbook A14 OLED AI 筆電 (UX3407NA-0122G88100/16G/2TB/W11),72990,False,False,True,False,https://www.momoshop.com.tw/TP/TP0006408/goodsDetail/TP00064080001795,2026-10-06
UX3407NA,UX3407NA-0112D88100/UX3407NA-0122G88100,config,TP00027530004613,【ASUS 華碩】特仕版 Zenbook A14 UX3407NA 14吋AI筆電（X2 Elite X2E88100/16G/512G）,59999,False,False,True,False,https://www.momoshop.com.tw/TP/TP0002753/goodsDetail/TP00027530004613,2026-10-06
UX3407NA,,,TP00027530004614,【ASUS 華碩】特仕版 Zenbook A14 UX3407NA 14吋AI筆電 金（X2 Elite X2E88100/16G/1T）,63399,False,False,True,False,https://www.momoshop.com.tw/TP/TP0002753/goodsDetail/TP00027530004614,2026-10-06
UX3407NA,,,TP00027530004615,【ASUS 華碩】特仕版 Zenbook A14 UX3407NA 14吋AI筆電 金（X2 Elite X2E88100/16G/2T）,66599,False,False,True,False,https://www.momoshop.com.tw/TP/TP0002753/goodsDetail/TP00027530004615,2026-10-06
UX3407NA,,,TP00027530004616,【ASUS 華碩】特仕版 Zenbook A14 UX3407NA 14吋AI筆電 金（X2 Elite X2E88100/16G/4T）,75999,False,False,True,False,https://www.momoshop.com.tw/TP/TP0002753/goodsDetail/TP00027530004616,2026-10-06
UX3407NA,,,TP00027350005870,【ASUS 華碩】特仕版14吋筆電(Zenbook UX3407NA/X2E-88-100/16G/4TB SSD/W11/金),77999,False,False,True,False,https://www.momoshop.com.tw/TP/TP0002735/goodsDetail/TP00027350005870,2026-10-06
UX3407NA,,,TP00027530004618,【ASUS 華碩】特仕版 Zenbook A14 UX3407NA 14吋AI筆電 灰（X2 Elite X2E88100/16G/2T）,66599,False,False,True,False,https://www.momoshop.com.tw/TP/TP0002753/goodsDetail/TP00027530004618,2026-10-06
UX3407NA,,,TP00027530004619,【ASUS 華碩】特仕版 Zenbook A14 UX3407NA 14吋AI筆電 灰（X2 Elite X2E88100/16G/4T）,75999,False,False,True,False,https://www.momoshop.com.tw/TP/TP0002753/goodsDetail/TP00027530004619,2026-10-06
UX3407NA,,,15173484,【ASUS 華碩】特仕版 14吋輕薄筆電(Zenbook UX3407NA/X2E-88-100/16G/1TB SSD/Win11/金),64499,True,False,True,False,https://www.momoshop.com.tw/goods/GoodsDetail.jsp?i_code=15173484,2026-10-06
UX3407NA,UX3407NA-0112D88100/UX3407NA-0122G88100,config,TP00027350005867,【ASUS 華碩】特仕版14吋筆電(Zenbook UX3407NA/X2E-88-100/16G/512G SSD/W11/金)多規,59999,False,False,True,False,https://www.momoshop.com.tw/TP/TP0002735/goodsDetail/TP00027350005867,2026-10-06
UX3407NA,,,TP00027350005868,【ASUS 華碩】特仕版14吋筆電(Zenbook UX3407NA/X2E-88-100/16G/1TB SSD/W11/金),64499,False,False,True,False,https://www.momoshop.com.tw/TP/TP0002735/goodsDetail/TP00027350005868,2026-10-06
UX3407NA,,,TP00027350005869,【ASUS 華碩】特仕版14吋筆電(Zenbook UX3407NA/X2E-88-100/16G/2TB SSD/W11/金),68499,False,False,True,False,https://www.momoshop.com.tw/TP/TP0002735/goodsDetail/TP00027350005869,2026-10-06
UX3407NA,UX3407NA-0112D88100/UX3407NA-0122G88100,config,TP00027350005871,【ASUS 華碩】特仕版14吋筆電(Zenbook UX3407NA/X2E-88-100/16G/512G SSD/W11/灰)多規,59999,False,False,True,False,https://www.momoshop.com.tw/TP/TP0002735/goodsDetail/TP00027350005871,2026-10-06
UX3407NA,,,TP00027350005872,【ASUS 華碩】特仕版14吋筆電(Zenbook UX3407NA/X2E-88-100/16G/1TB SSD/W11/灰),64499,False,False,True,False,https://www.momoshop.com.tw/TP/TP0002735/goodsDetail/TP00027350005872,2026-10-06
UX3407NA,,,TP00027350005873,【ASUS 華碩】特仕版14吋筆電(Zenbook UX3407NA/X2E-88-100/16G/2TB SSD/W11/灰),68499,False,False,True,False,https://www.momoshop.com.tw/TP/TP0002735/goodsDetail/TP00027350005873,2026-10-06
UX3407NA,,,TP00027350005874,【ASUS 華碩】特仕版14吋筆電(Zenbook UX3407NA/X2E-88-100/16G/4TB SSD/W11/灰),77999,False,False,True,False,https://www.momoshop.com.tw/TP/TP0002735/goodsDetail/TP00027350005874,2026-10-06
UX3407QA,UX3407QA-0242D26100/UX3407QA-0112G26100/UX3407QA-0212G26100,config,15496442,【ASUS 華碩】14吋Copilot+PC AI筆電(Zenbook A16 UX3407QA/Snapdragon X1 26 100/16G/512G/W11),36999,True,False,False,False,https://www.momoshop.com.tw/goods/GoodsDetail.jsp?i_code=15496442,2026-10-06
UX3407QA,UX3407QA-0242D26100/UX3407QA-0112G26100/UX3407QA-0212G26100,config,15496440,【ASUS 華碩】14吋Copilot+PC AI筆電(Zenbook A16 UX3407QA/Snapdragon X1 26 100/16G/512G/W11),36999,True,False,False,False,https://www.momoshop.com.tw/goods/GoodsDetail.jsp?i_code=15496440,2026-10-06
UX3407QA,UX3407QA-0132D26100/UX3407QA-0232D26100/UX3407QA-0102G26100/UX3407QA-0202G26100,config,15506027,【ASUS 華碩】14吋Copilot+PC AI筆電(Zenbook A16 UX3407QA/Snapdragon X1 26 100/16G/1TB/W11/OLED),41999,True,False,False,False,https://www.momoshop.com.tw/goods/GoodsDetail.jsp?i_code=15506027,2026-10-06
UX3407QA,UX3407QA-0062G26100,config,15286244,【ASUS 華碩】14吋Copilot+PC AI筆電(Zenbook A14 UX3407QA/Snapdragon X1 26 100/16G/1TB/W11),41999,True,False,False,False,https://www.momoshop.com.tw/goods/GoodsDetail.jsp?i_code=15286244,2026-10-06
UX3407QA,UX3407QA-0062G26100,config,15286193,【ASUS 華碩】14吋Copilot+PC AI筆電(Zenbook A14 UX3407QA/Snapdragon X1 26 100/16G/1TB/W11),41999,True,False,False,False,https://www.momoshop.com.tw/goods/GoodsDetail.jsp?i_code=15286193,2026-10-06
UX3407QA,UX3407QA-0132D26100/UX3407QA-0232D26100/UX3407QA-0102G26100/UX3407QA-0202G26100,config,15506028,【ASUS 華碩】14吋Copilot+PC AI筆電(Zenbook A16 UX3407QA/Snapdragon X1 26 100/16G/1TB/W11/OLED),41999,True,False,False,False,https://www.momoshop.com.tw/goods/GoodsDetail.jsp?i_code=15506028,2026-10-06
UX3407QA,UX3407QA-0242D26100/UX3407QA-0112G26100/UX3407QA-0212G26100,config,15727303,【ASUS 華碩】Office2024組★14吋Copilot+PC AI筆電(Zenbook A16 UX3407QA/Snapdragon X1 26 100/16G/512G),41999,True,True,False,False,https://www.momoshop.com.tw/goods/GoodsDetail.jsp?i_code=15727303,2026-10-06
UX3407QA,UX3407QA-0242D26100/UX3407QA-0112G26100/UX3407QA-0212G26100,config,15723123,【ASUS 華碩】滑鼠組★14吋Copilot+PC AI筆電(Zenbook A16 UX3407QA/Snapdragon X1 26 100/16G/512G),37499,True,True,False,False,https://www.momoshop.com.tw/goods/GoodsDetail.jsp?i_code=15723123,2026-10-06
UX3407QA,UX3407QA-0242D26100/UX3407QA-0112G26100/UX3407QA-0212G26100,config,15726939,【ASUS 華碩】微軟M365組★14吋Copilot+PC AI筆電(ZenbookA16 UX3407QA/Snapdragon X1 26 100/16G/512G),39389,True,True,False,False,https://www.momoshop.com.tw/goods/GoodsDetail.jsp?i_code=15726939,2026-10-06
UX3407QA,UX3407QA-0132D26100/UX3407QA-0232D26100/UX3407QA-0102G26100/UX3407QA-0202G26100,config,15722412,【ASUS 華碩】包鼠組★14吋Copilot+PC AI筆電(Zenbook A16 UX3407QA/Snapdragon X1 26 100/16G/1TB/OLED),42499,True,True,False,False,https://www.momoshop.com.tw/goods/GoodsDetail.jsp?i_code=15722412,2026-10-06
UX3407QA,UX3407QA-0132D26100/UX3407QA-0232D26100/UX3407QA-0102G26100/UX3407QA-0202G26100,config,15727927,【ASUS 華碩】Office2024組★14吋AI筆電(Zenbook A16 UX3407QA/Snapdragon X1 26 100/16G/1T/OLED),46999,True,True,False,False,https://www.momoshop.com.tw/goods/GoodsDetail.jsp?i_code=15727927,2026-10-06
UX3407QA,UX3407QA-0242D26100/UX3407QA-0112G26100/UX3407QA-0212G26100,config,15722600,【ASUS 華碩】65W手機充電頭★14吋Copilot+PC AI筆電(ZenbookA16 UX3407QA/Snapdragon X1 26 100/16G/512G),37499,True,True,False,False,https://www.momoshop.com.tw/goods/GoodsDetail.jsp?i_code=15722600,2026-10-06
UX3407QA,UX3407QA-0242D26100/UX3407QA-0112G26100/UX3407QA-0212G26100,config,15722394,【ASUS 華碩】包鼠組★14吋Copilot+PC AI筆電(Zenbook A16 UX3407QA/Snapdragon X1 26 100/16G/512G/W11),37499,True,True,False,False,https://www.momoshop.com.tw/goods/GoodsDetail.jsp?i_code=15722394,2026-10-06
UX3407QA,UX3407QA-0132D26100/UX3407QA-0232D26100/UX3407QA-0102G26100/UX3407QA-0202G26100,config,15723125,【ASUS 華碩】滑鼠組★14吋Copilot+PC AI筆電(Zenbook A16 UX3407QA/Snapdragon X1 26 100/16G/1T/OLED),42499,True,True,False,False,https://www.momoshop.com.tw/goods/GoodsDetail.jsp?i_code=15723125,2026-10-06
UX3407QA,UX3407QA-0242D26100,exact,TP00014390007083,【ASUS 華碩】UX3407QA-0242D26100 14吋 X1 AI 筆電 沙暮金,36999,False,False,False,False,https://www.momoshop.com.tw/TP/TP0001439/goodsDetail/TP00014390007083,2026-10-06
UX3407QA,UX3407QA-0132D26100/UX3407QA-0232D26100/UX3407QA-0102G26100/UX3407QA-0202G26100,config,15727912,【ASUS 華碩】Office2024組★14吋AI筆電(Zenbook A16 UX3407QA/Snapdragon X1 26 100/16G/1T/OLED),46999,True,True,False,False,https://www.momoshop.com.tw/goods/GoodsDetail.jsp?i_code=15727912,2026-10-06
UX3407QA,UX3407QA-0242D26100/UX3407QA-0112G26100/UX3407QA-0212G26100,config,15722328,【ASUS 華碩】包鼠組★14吋Copilot+PC AI筆電(Zenbook A16 UX3407QA/Snapdragon X1 26 100/16G/512G/W11),37499,True,True,False,False,https://www.momoshop.com.tw/goods/GoodsDetail.jsp?i_code=15722328,2026-10-06
UX3407QA,UX3407QA-0242D26100/UX3407QA-0112G26100/UX3407QA-0212G26100,config,TP00027530004988,【ASUS 華碩】特仕版 Zenbook A14 UX3407QA 沙暮金 14吋AI輕薄筆電（X126100/16G/512G/W11）,36999,False,False,True,False,https://www.momoshop.com.tw/TP/TP0002753/goodsDetail/TP00027530004988,2026-10-06
UX3407QA,UX3407QA-0242D26100/UX3407QA-0112G26100/UX3407QA-0212G26100,config,15723116,【ASUS 華碩】滑鼠組★14吋Copilot+PC AI筆電(Zenbook A16 UX3407QA/Snapdragon X1 26 100/16G/512G),37499,True,True,False,False,https://www.momoshop.com.tw/goods/GoodsDetail.jsp?i_code=15723116,2026-10-06
UX3407QA,UX3407QA-0132D26100/UX3407QA-0232D26100/UX3407QA-0102G26100/UX3407QA-0202G26100,config,15723126,【ASUS 華碩】滑鼠組★14吋Copilot+PC AI筆電(Zenbook A16 UX3407QA/Snapdragon X1 26 100/16G/1T/OLED),42499,True,True,False,False,https://www.momoshop.com.tw/goods/GoodsDetail.jsp?i_code=15723126,2026-10-06
UX3407QA,UX3407QA-0242D26100/UX3407QA-0112G26100/UX3407QA-0212G26100,config,15727318,【ASUS 華碩】Office2024組★14吋Copilot+PC AI筆電(Zenbook A16 UX3407QA/Snapdragon X1 26 100/16G/512G),41999,True,True,False,False,https://www.momoshop.com.tw/goods/GoodsDetail.jsp?i_code=15727318,2026-10-06
UX3407QA,UX3407QA-0212G26100,exact,TP00014390007082,【ASUS 華碩】UX3407QA-0212G26100 14吋 X1 AI 筆電 冰岩灰,36999,False,False,False,False,https://www.momoshop.com.tw/TP/TP0001439/goodsDetail/TP00014390007082,2026-10-06
UX3407QA,UX3407QA-0062G26100,config,15726942,【ASUS 華碩】微軟M365組★14吋Copilot+PC AI筆電(ZenbookA16 UX3407QA/Snapdragon X1 26 100/16G/1T),44389,True,True,False,False,https://www.momoshop.com.tw/goods/GoodsDetail.jsp?i_code=15726942,2026-10-06
UX3407QA,UX3407QA-0242D26100/UX3407QA-0112G26100/UX3407QA-0212G26100,config,15722603,【ASUS 華碩】65W手機充電頭★14吋Copilot+PC AI筆電(ZenbookA16 UX3407QA/Snapdragon X1 26 100/16G/512G),37499,True,True,False,False,https://www.momoshop.com.tw/goods/GoodsDetail.jsp?i_code=15722603,2026-10-06
UX3407QA,UX3407QA-0132D26100/UX3407QA-0232D26100/UX3407QA-0102G26100/UX3407QA-0202G26100,config,15722401,【ASUS 華碩】包鼠組★14吋Copilot+PC AI筆電(Zenbook A16 UX3407QA/Snapdragon X1 26 100/16G/1TB/OLED),42499,True,True,False,False,https://www.momoshop.com.tw/goods/GoodsDetail.jsp?i_code=15722401,2026-10-06
UX3407QA,UX3407QA-0242D26100/UX3407QA-0112G26100/UX3407QA-0212G26100,config,15726926,【ASUS 華碩】微軟M365組★14吋Copilot+PC AI筆電(ZenbookA16 UX3407QA/Snapdragon X1 26 100/16G/512G),39389,True,True,False,False,https://www.momoshop.com.tw/goods/GoodsDetail.jsp?i_code=15726926,2026-10-06
UX3407QA,UX3407QA-0242D26100/UX3407QA-0112G26100/UX3407QA-0212G26100,config,TP00027350006839,【ASUS 華碩】特仕版14吋筆電(Zenbook UX3407QA/X1 26 100/16G/512G SSD/W11/灰)多規,36999,False,False,True,False,https://www.momoshop.com.tw/TP/TP0002735/goodsDetail/TP00027350006839,2026-10-06
UX3407QA,UX3407QA-0062G26100,config,15726945,【ASUS 華碩】微軟M365組★14吋Copilot+PC AI筆電(ZenbookA16 UX3407QA/Snapdragon X1 26 100/16G/1T),44389,True,True,False,False,https://www.momoshop.com.tw/goods/GoodsDetail.jsp?i_code=15726945,2026-10-06
UX3407QA,UX3407QA-0242D26100/UX3407QA-0112G26100/UX3407QA-0212G26100,config,TP00027350006843,【ASUS 華碩】特仕版14吋筆電(Zenbook UX3407QA/X1 26 100/16G/512G SSD/W11/金)多規,36999,False,False,True,False,https://www.momoshop.com.tw/TP/TP0002735/goodsDetail/TP00027350006843,2026-10-06
UX3407QA,UX3407QA-0062G26100,config,15722605,【ASUS 華碩】65W手機充電頭★14吋Copilot+PC AI筆電(ZenbookA16 UX3407QA/Snapdragon X1 26 100/16G/1T),42499,True,True,False,False,https://www.momoshop.com.tw/goods/GoodsDetail.jsp?i_code=15722605,2026-10-06
UX3407QA,UX3407QA-0062G26100,config,15722612,【ASUS 華碩】65W手機充電頭★14吋Copilot+PC AI筆電(ZenbookA16 UX3407QA/Snapdragon X1 26 100/16G/1T),42499,True,True,False,False,https://www.momoshop.com.tw/goods/GoodsDetail.jsp?i_code=15722612,2026-10-06
UX3407QA,UX3407QA-0132D26100,exact,15078395,【ASUS 華碩】特仕版 14吋AI筆電(UX3407QA-0132D26100/Snapdragon X X1-26-100/16G/改裝2TB SSD/OLED),45999,True,False,True,False,https://www.momoshop.com.tw/goods/GoodsDetail.jsp?i_code=15078395,2026-10-06
UX3407QA,UX3407QA-0242D26100/UX3407QA-0112G26100/UX3407QA-0212G26100,config,TP00027530004987,【ASUS 華碩】特仕版 Zenbook A14 UX3407QA 冰岩灰14吋AI輕薄筆電（X126100/16G/512G/W11）,36999,False,False,True,False,https://www.momoshop.com.tw/TP/TP0002753/goodsDetail/TP00027530004987,2026-10-06
UX3407QA,UX3407QA-0102G26100,exact,15078393,【ASUS 華碩】特仕版 14吋AI筆電(UX3407QA-0102G26100/Snapdragon X X1-26-100/16G/改裝2TB SSD/OLED),45999,True,False,True,False,https://www.momoshop.com.tw/goods/GoodsDetail.jsp?i_code=15078393,2026-10-06
UX3407QA,UX3407QA-0062G26100,config,TP00027530005031,【ASUS 華碩】特仕版 Zenbook A14 UX3407QA 金 14吋AI輕薄筆電（X X1 26 100/16G/1T）,41999,False,False,True,False,https://www.momoshop.com.tw/TP/TP0002753/goodsDetail/TP00027530005031,2026-10-06
UX3407QA,UX3407QA-0232D26100,exact,TP00014390007079,【ASUS 華碩】UX3407QA-0232D26100 14吋 OLED AI 筆電 沙暮金,41999,False,False,False,False,https://www.momoshop.com.tw/TP/TP0001439/goodsDetail/TP00014390007079,2026-10-06
UX3407QA,UX3407QA-0242D26100/UX3407QA-0112G26100/UX3407QA-0212G26100,config,TP00027530004448,【ASUS 華碩】特仕版 Zenbook A14 UX3407QA 14吋AI輕薄筆電（X X1 26 100/16G/512G/W11）,36999,False,False,True,False,https://www.momoshop.com.tw/TP/TP0002753/goodsDetail/TP00027530004448,2026-10-06
UX3407QA,UX3407QA-0202G26100,exact,TP00014390007080,【ASUS 華碩】UX3407QA-0202G26100 14吋 OLED AI 筆電 冰岩灰,41999,False,False,False,False,https://www.momoshop.com.tw/TP/TP0001439/goodsDetail/TP00014390007080,2026-10-06
UX3407QA,,,TP00027350006886,【ASUS 華碩】特仕版14吋筆電(Zenbook UX3407QA/X1 26 100/16G/2TB/W11/灰),49999,False,False,True,False,https://www.momoshop.com.tw/TP/TP0002735/goodsDetail/TP00027350006886,2026-10-06
UX3407QA,,,TP00027530005000,【ASUS 華碩】特仕版 Zenbook A14 UX3407QA 灰 14吋AI輕薄OLED筆電（X X1 26 100/16G/2T）,48499,False,False,True,False,https://www.momoshop.com.tw/TP/TP0002753/goodsDetail/TP00027530005000,2026-10-06
UX3407QA,,,TP00027530005001,【ASUS 華碩】特仕版 Zenbook A14 UX3407QA 灰 14吋AI輕薄OLED筆電（X X1 26 100/16G/4T）,57999,False,False,True,False,https://www.momoshop.com.tw/TP/TP0002753/goodsDetail/TP00027530005001,2026-10-06
UX3407QA,,,TP00027530005002,【ASUS 華碩】特仕版 Zenbook A14 UX3407QA 金 14吋AI輕薄OLED筆電（X X1 26 100/16G/2T）,48499,False,False,True,False,https://www.momoshop.com.tw/TP/TP0002753/goodsDetail/TP00027530005002,2026-10-06
UX3407QA,,,TP00027530005003,【ASUS 華碩】特仕版 Zenbook A14 UX3407QA 金 14吋AI輕薄OLED筆電（X X1 26 100/16G/4T）,57999,False,False,True,False,https://www.momoshop.com.tw/TP/TP0002753/goodsDetail/TP00027530005003,2026-10-06
UX3407QA,UX3407QA-0062G26100,config,TP00027530005030,【ASUS 華碩】特仕版 Zenbook A14 UX3407QA 灰 14吋AI輕薄筆電（X X1 26 100/16G/1T）,41999,False,False,True,False,https://www.momoshop.com.tw/TP/TP0002753/goodsDetail/TP00027530005030,2026-10-06
UX3407QA,UX3407QA-0062G26100,config,TP00027350006840,【ASUS 華碩】特仕版14吋筆電(Zenbook UX3407QA/X1 26 100/16G/1TB SSD/W11/灰),41499,False,False,True,False,https://www.momoshop.com.tw/TP/TP0002735/goodsDetail/TP00027350006840,2026-10-06
UX3407QA,,,TP00027350006841,【ASUS 華碩】特仕版14吋筆電(Zenbook UX3407QA/X1 26 100/16G/2TB SSD/W11/灰),44999,False,False,True,False,https://www.momoshop.com.tw/TP/TP0002735/goodsDetail/TP00027350006841,2026-10-06
UX3407QA,,,TP00027350006842,【ASUS 華碩】特仕版14吋筆電(Zenbook UX3407QA/X1 26 100/16G/4TB SSD/W11/灰),55499,False,False,True,False,https://www.momoshop.com.tw/TP/TP0002735/goodsDetail/TP00027350006842,2026-10-06
UX3407QA,UX3407QA-0062G26100,config,TP00027350006844,【ASUS 華碩】特仕版14吋筆電(Zenbook UX3407QA/X1 26 100/16G/1TB SSD/W11/金),41499,False,False,True,False,https://www.momoshop.com.tw/TP/TP0002735/goodsDetail/TP00027350006844,2026-10-06
UX3407QA,,,TP00027350006845,【ASUS 華碩】特仕版14吋筆電(Zenbook UX3407QA/X1 26 100/16G/2TB SSD/W11/金),44999,False,False,True,False,https://www.momoshop.com.tw/TP/TP0002735/goodsDetail/TP00027350006845,2026-10-06
UX3407QA,,,TP00027350006846,【ASUS 華碩】特仕版14吋筆電(Zenbook UX3407QA/X1 26 100/16G/4TB SSD/W11/金),55499,False,False,True,False,https://www.momoshop.com.tw/TP/TP0002735/goodsDetail/TP00027350006846,2026-10-06
UX3407QA,UX3407QA-0062G26100,config,TP00027350006882,【ASUS 華碩】特仕版14吋筆電(Zenbook UX3407QA/X1 26 100/16G/1TB SSD/W11/金)多規,41999,False,False,True,False,https://www.momoshop.com.tw/TP/TP0002735/goodsDetail/TP00027350006882,2026-10-06
UX3407QA,,,TP00027350006883,【ASUS 華碩】特仕版14吋筆電(Zenbook UX3407QA/X1 26 100/16G/2TB/W11/沙暮金),49999,False,False,True,False,https://www.momoshop.com.tw/TP/TP0002735/goodsDetail/TP00027350006883,2026-10-06
UX3407QA,,,TP00027350006884,【ASUS 華碩】特仕版14吋筆電(Zenbook UX3407QA/X1 26 100/16G/4TB/W11/沙暮金),59999,False,False,True,False,https://www.momoshop.com.tw/TP/TP0002735/goodsDetail/TP00027350006884,2026-10-06
UX3407QA,UX3407QA-0062G26100,config,TP00027350006885,【ASUS 華碩】特仕版14吋筆電(Zenbook UX3407QA/X1 26 100/16G/1TB SSD/W11/灰)多規,41999,False,False,True,False,https://www.momoshop.com.tw/TP/TP0002735/goodsDetail/TP00027350006885,2026-10-06
UX3407QA,UX3407QA-0132D26100/UX3407QA-0232D26100/UX3407QA-0102G26100/UX3407QA-0202G26100,config,TP00027530004425,【ASUS 華碩】特仕版 Zenbook A14 UX3407QA 金 14吋AI輕薄OLED筆電（X X1 26 100/16G/1T）,41999,False,False,True,False,https://www.momoshop.com.tw/TP/TP0002753/goodsDetail/TP00027530004425,2026-10-06
UX3407QA,UX3407QA-0062G26100,config,TP00027350003112,【ASUS 華碩】特仕版14吋筆電(Zenbook UX3407QA/X1 26 100/16G/1TB SSD/Win11/灰)多規,36999,False,False,True,False,https://www.momoshop.com.tw/TP/TP0002735/goodsDetail/TP00027350003112,2026-10-06
UX3407QA,UX3407QA-0132D26100/UX3407QA-0232D26100/UX3407QA-0102G26100/UX3407QA-0202G26100,config,TP00027530004447,【ASUS 華碩】特仕版 Zenbook A14 UX3407QA 灰 14吋AI輕薄OLED筆電（X X1 26 100/16G/1T）,41999,False,False,True,False,https://www.momoshop.com.tw/TP/TP0002753/goodsDetail/TP00027530004447,2026-10-06
UX3407QA,,,15011958,【ASUS 華碩】特仕版 14吋輕薄筆電(Zenbook A14 UX3407QA/X1 26 100/16G/2TB SSD/Win11/OLED/金),49999,True,False,True,False,https://www.momoshop.com.tw/goods/GoodsDetail.jsp?i_code=15011958,2026-10-06
UX3407QA,,,TP00027350005454,【ASUS 華碩】特仕版14吋筆電(Zenbook UX3407QA/X1 26 100/16G/2TB SSD/W11/沙暮金),49999,False,False,True,False,https://www.momoshop.com.tw/TP/TP0002735/goodsDetail/TP00027350005454,2026-10-06
UX3407QA,UX3407QA-0242D26100/UX3407QA-0112G26100/UX3407QA-0212G26100,config,TP00027350005460,【ASUS 華碩】特仕版14吋筆電(Zenbook UX3407QA/X1 26 100/16G/512G SSD/W11/冰岩灰)多規,36999,False,False,True,False,https://www.momoshop.com.tw/TP/TP0002735/goodsDetail/TP00027350005460,2026-10-06
UX3407QA,UX3407QA-0062G26100,config,TP00027350005453,【ASUS 華碩】特仕版14吋筆電(Zenbook UX3407QA/X1 26 100/16G/1TB SSD/W11/沙暮金)多規,41999,False,False,True,False,https://www.momoshop.com.tw/TP/TP0002735/goodsDetail/TP00027350005453,2026-10-06
UX3407QA,,,TP00027350005455,【ASUS 華碩】特仕版14吋筆電(Zenbook UX3407QA/X1 26 100/16G/4TB SSD/W11/沙暮金),59999,False,False,True,False,https://www.momoshop.com.tw/TP/TP0002735/goodsDetail/TP00027350005455,2026-10-06
UX3407QA,UX3407QA-0062G26100,config,TP00027350005461,【ASUS 華碩】特仕版14吋筆電(Zenbook UX3407QA/X1 26 100/16G/1TB SSD/W11/冰岩灰),40999,False,False,True,False,https://www.momoshop.com.tw/TP/TP0002735/goodsDetail/TP00027350005461,2026-10-06
UX3407QA,,,TP00027350005462,【ASUS 華碩】特仕版14吋筆電(Zenbook UX3407QA/X1 26 100/16G/2TB/W11/冰岩灰),44999,False,False,True,False,https://www.momoshop.com.tw/TP/TP0002735/goodsDetail/TP00027350005462,2026-10-06
UX3407QA,,,TP00027350005463,【ASUS 華碩】特仕版14吋筆電(Zenbook UX3407QA/X1 26 100/16G/4TB/W11/灰),54999,False,False,True,False,https://www.momoshop.com.tw/TP/TP0002735/goodsDetail/TP00027350005463,2026-10-06
UX3480AA,UX3480AA-0052B355/UX3480AA-0042P355,config,15704355,【ASUS 華碩】14吋Copilot+PC AI筆電(Zenbook 14 UX3480AA/Ultra7-355/16G/512G/W11/OLED),51999,True,False,False,False,https://www.momoshop.com.tw/goods/GoodsDetail.jsp?i_code=15704355,2026-10-06
UX3480AA,UX3480AA-0022B325/UX3480AA-0032P325,config,15704357,【ASUS 華碩】14吋Copilot+PC AI筆電(Zenbook 14 UX3480AA/Ultra5-325/16G/512G/W11/OLED),47999,True,False,False,False,https://www.momoshop.com.tw/goods/GoodsDetail.jsp?i_code=15704357,2026-10-06
UX3480AA,UX3480AA-0022B325/UX3480AA-0032P325,config,15708380,【ASUS 華碩】微軟M365組★14吋Copilot+PC AI筆電(Zenbook 14 UX3480AA/Ultra5-325/16G/512G/W11/OLED),48999,True,True,False,False,https://www.momoshop.com.tw/goods/GoodsDetail.jsp?i_code=15708380,2026-10-06
UX3480AA,UX3480AA-0052B355/UX3480AA-0042P355,config,15710238,【ASUS 華碩】65W手機充電頭★14吋Copilot+PC AI筆電(Zenbook 14 UX3480AA/Ultra7-355/16G/512G/W11/OLED),51999,True,True,False,False,https://www.momoshop.com.tw/goods/GoodsDetail.jsp?i_code=15710238,2026-10-06
UX3480AA,UX3480AA-0052B355/UX3480AA-0042P355,config,15710209,【ASUS 華碩】Office2024組★14吋Copilot+PC AI筆電(Zenbook 14 UX3480AA/Ultra7-355/16G/512G/W11/OLED),55499,True,True,False,False,https://www.momoshop.com.tw/goods/GoodsDetail.jsp?i_code=15710209,2026-10-06
UX3480AA,UX3480AA-0052B355/UX3480AA-0042P355,config,15710236,【ASUS 華碩】滑鼠組★14吋Copilot+PC AI筆電(Zenbook 14 UX3480AA/Ultra7-355/16G/512G/W11/OLED),51999,True,True,False,False,https://www.momoshop.com.tw/goods/GoodsDetail.jsp?i_code=15710236,2026-10-06
UX3480AA,UX3480AA-0052B355/UX3480AA-0042P355,config,15708381,【ASUS 華碩】微軟M365組★14吋Copilot+PC AI筆電(Zenbook 14 UX3480AA/Ultra7-355/16G/512G/W11/OLED),52999,True,True,False,False,https://www.momoshop.com.tw/goods/GoodsDetail.jsp?i_code=15708381,2026-10-06
UX3480AA,UX3480AA-0052B355/UX3480AA-0042P355,config,15710229,【ASUS 華碩】包鼠組★14吋Copilot+PC AI筆電(Zenbook 14 UX3480AA/Ultra7-355/16G/512G/W11/OLED),51999,True,True,False,False,https://www.momoshop.com.tw/goods/GoodsDetail.jsp?i_code=15710229,2026-10-06
UX3480AA,UX3480AA-0022B325/UX3480AA-0032P325,config,15710221,【ASUS 華碩】滑鼠組★14吋Copilot+PC AI筆電(Zenbook 14 UX3480AA/Ultra5-325/16G/512G/W11/OLED),47999,True,True,False,False,https://www.momoshop.com.tw/goods/GoodsDetail.jsp?i_code=15710221,2026-10-06
UX3480AA,UX3480AA-0022B325/UX3480AA-0032P325,config,15710220,【ASUS 華碩】包鼠組★14吋Copilot+PC AI筆電(Zenbook 14 UX3480AA/Ultra5-325/16G/512G/W11/OLED),47999,True,True,False,False,https://www.momoshop.com.tw/goods/GoodsDetail.jsp?i_code=15710220,2026-10-06
UX3480AA,UX3480AA-0022B325/UX3480AA-0032P325,config,15710207,【ASUS 華碩】Office2024組★14吋Copilot+PC AI筆電(Zenbook 14 UX3480AA/Ultra5-325/16G/512G/W11/OLED),51499,True,True,False,False,https://www.momoshop.com.tw/goods/GoodsDetail.jsp?i_code=15710207,2026-10-06
UX3480AA,UX3480AA-0022B325/UX3480AA-0032P325,config,15710223,【ASUS 華碩】65W手機充電頭★14吋Copilot+PC AI筆電(Zenbook 14 UX3480AA/Ultra5-325/16G/512G/W11/OLED),47999,True,True,False,False,https://www.momoshop.com.tw/goods/GoodsDetail.jsp?i_code=15710223,2026-10-06
UX3480AA,,,TP00027350007218,【ASUS 華碩】特仕版14吋筆電(Zenbook 14 UX3480AA/Ultra 7 355/16G/1TB SSD/W11),56999,False,False,True,False,https://www.momoshop.com.tw/TP/TP0002735/goodsDetail/TP00027350007218,2026-10-06
UX3480AA,,,TP00027350007219,【ASUS 華碩】特仕版14吋筆電(Zenbook 14 UX3480AA/Ultra 7 355/16G/2TB SSD/W11),59999,False,False,True,False,https://www.momoshop.com.tw/TP/TP0002735/goodsDetail/TP00027350007219,2026-10-06
UX3480AA,,,TP00027530005287,【ASUS 華碩】特仕版 Zenbook 14 UX3480AA 14吋AI輕薄筆電（Ultra 5/16G/512G/W11）多規,47999,False,False,True,False,https://www.momoshop.com.tw/TP/TP0002753/goodsDetail/TP00027530005287,2026-10-06
UX3480AA,,,TP00027530005288,【ASUS 華碩】特仕版 Zenbook 14 UX3480AA 14吋AI輕薄筆電（Ultra 7/16G/512G/W11）多規,51999,False,False,True,False,https://www.momoshop.com.tw/TP/TP0002753/goodsDetail/TP00027530005288,2026-10-06
UX3480AA,UX3480AA-0052B355/UX3480AA-0042P355,config,TP00027350007217,【ASUS 華碩】特仕版14吋筆電(Zenbook 14 UX3480AA/Ultra 7 355/16G/512G/W11)多規,51999,False,False,True,False,https://www.momoshop.com.tw/TP/TP0002735/goodsDetail/TP00027350007217,2026-10-06
UX3480AA,UX3480AA-0052B355,exact,TP00014390007399,【ASUS 華碩】UX3480AA-0052B355 14吋 U7 輕薄筆電 極地藍,51999,False,False,False,False,https://www.momoshop.com.tw/TP/TP0001439/goodsDetail/TP00014390007399,2026-10-06
UX3480AA,,,TP00027350007220,【ASUS 華碩】特仕版14吋筆電(Zenbook 14 UX3480AA/Ultra 7 355/16G/4TB SSD/W11),70999,False,False,True,False,https://www.momoshop.com.tw/TP/TP0002735/goodsDetail/TP00027350007220,2026-10-06
UX3480AA,UX3480AA-0022B325/UX3480AA-0032P325,config,TP00027350007221,【ASUS 華碩】特仕版14吋筆電(Zenbook 14 UX3480AA/Ultra 5 325/16G/512G/W11)多規,47999,False,False,True,False,https://www.momoshop.com.tw/TP/TP0002735/goodsDetail/TP00027350007221,2026-10-06
UX3480AA,,,TP00027350007222,【ASUS 華碩】特仕版14吋筆電(Zenbook 14 UX3480AA/Ultra 5 325/16G/1TB SSD/W11),52999,False,False,True,False,https://www.momoshop.com.tw/TP/TP0002735/goodsDetail/TP00027350007222,2026-10-06
UX3480AA,,,TP00027350007223,【ASUS 華碩】特仕版14吋筆電(Zenbook 14 UX3480AA/Ultra 5 325/16G/2TB SSD/W11),55999,False,False,True,False,https://www.momoshop.com.tw/TP/TP0002735/goodsDetail/TP00027350007223,2026-10-06
UX3480AA,,,TP00027350007224,【ASUS 華碩】特仕版14吋筆電(Zenbook 14 UX3480AA/Ultra 5 325/16G/4TB SSD/W11),66999,False,False,True,False,https://www.momoshop.com.tw/TP/TP0002735/goodsDetail/TP00027350007224,2026-10-06
UX3480QA,UX3480QA-0022B26100/UX3480QA-0042P26100/UX3480QA-0112D26100,config,15633840,【ASUS 華碩】14吋Copilot+PC AI筆電(Zenbook 14 UX3480QA/Snapdragon X1 26 100/16G/512G/W11/OLED),41999,True,False,False,False,https://www.momoshop.com.tw/goods/GoodsDetail.jsp?i_code=15633840,2026-10-06
UX3480QA,UX3480QA-0022B26100/UX3480QA-0042P26100/UX3480QA-0112D26100,config,15633842,【ASUS 華碩】14吋Copilot+PC AI筆電(Zenbook 14 UX3480QA/Snapdragon X1 26 100/16G/512G/W11/OLED),41999,True,False,False,False,https://www.momoshop.com.tw/goods/GoodsDetail.jsp?i_code=15633842,2026-10-06
UX3480QA,UX3480QA-0022B26100/UX3480QA-0042P26100/UX3480QA-0112D26100,config,15710205,【ASUS 華碩】Office2024組★14吋Copilot+PC AI筆電(Zenbook A16 UX3480QA/Snapdragon X1 26 100/16G/512G),45999,True,True,False,False,https://www.momoshop.com.tw/goods/GoodsDetail.jsp?i_code=15710205,2026-10-06
UX3480QA,UX3480QA-0022B26100/UX3480QA-0042P26100/UX3480QA-0112D26100,config,15710218,【ASUS 華碩】65W手機充電頭★14吋Copilot+PC AI筆電(Zenbook A16 UX3480QA/Snapdragon X1 26 100/16G/512G,41999,True,True,False,False,https://www.momoshop.com.tw/goods/GoodsDetail.jsp?i_code=15710218,2026-10-06
UX3480QA,UX3480QA-0022B26100/UX3480QA-0042P26100/UX3480QA-0112D26100,config,15708378,【ASUS 華碩】M365組★14吋Copilot+PC AI筆電(Zenbook A16 UX3480QA/Snapdragon X1 26 100/16G/512G/OLED),42999,True,True,False,False,https://www.momoshop.com.tw/goods/GoodsDetail.jsp?i_code=15708378,2026-10-06
UX3480QA,UX3480QA-0022B26100/UX3480QA-0042P26100/UX3480QA-0112D26100,config,15708376,【ASUS 華碩】包鼠組★14吋Copilot+PC AI筆電(Zenbook A16 UX3480QA/Snapdragon X1 26 100/16G/512G/OLED),41999,True,True,False,False,https://www.momoshop.com.tw/goods/GoodsDetail.jsp?i_code=15708376,2026-10-06
UX3480QA,UX3480QA-0022B26100/UX3480QA-0042P26100/UX3480QA-0112D26100,config,15710206,【ASUS 華碩】Office2024組★14吋Copilot+PC AI筆電(Zenbook A16 UX3480QA/Snapdragon X1 26 100/16G/512G),45999,True,True,False,False,https://www.momoshop.com.tw/goods/GoodsDetail.jsp?i_code=15710206,2026-10-06
UX3480QA,UX3480QA-0022B26100/UX3480QA-0042P26100/UX3480QA-0112D26100,config,15710215,【ASUS 華碩】滑鼠組★14吋Copilot+PC AI筆電(Zenbook A16 UX3480QA/Snapdragon X1 26 100/16G/512G/OLED),41999,True,True,False,False,https://www.momoshop.com.tw/goods/GoodsDetail.jsp?i_code=15710215,2026-10-06
UX3480QA,UX3480QA-0022B26100/UX3480QA-0042P26100/UX3480QA-0112D26100,config,15710210,【ASUS 華碩】65W手機充電頭★14吋Copilot+PC AI筆電(Zenbook A16 UX3480QA/Snapdragon X1 26 100/16G/512G,41999,True,True,False,False,https://www.momoshop.com.tw/goods/GoodsDetail.jsp?i_code=15710210,2026-10-06
UX3480QA,UX3480QA-0022B26100/UX3480QA-0042P26100/UX3480QA-0112D26100,config,15708377,【ASUS 華碩】滑鼠組★14吋Copilot+PC AI筆電(Zenbook A16 UX3480QA/Snapdragon X1 26 100/16G/512G/OLED),41999,True,True,False,False,https://www.momoshop.com.tw/goods/GoodsDetail.jsp?i_code=15708377,2026-10-06
UX3480QA,UX3480QA-0022B26100/UX3480QA-0042P26100/UX3480QA-0112D26100,config,15708379,【ASUS 華碩】M365組★14吋Copilot+PC AI筆電(Zenbook A16 UX3480QA/Snapdragon X1 26 100/16G/512G/OLED),42999,True,True,False,False,https://www.momoshop.com.tw/goods/GoodsDetail.jsp?i_code=15708379,2026-10-06
UX3480QA,UX3480QA-0022B26100/UX3480QA-0042P26100/UX3480QA-0112D26100,config,15710213,【ASUS 華碩】包鼠組★14吋Copilot+PC AI筆電(Zenbook A16 UX3480QA/Snapdragon X1 26 100/16G/512G/OLED),41999,True,True,False,False,https://www.momoshop.com.tw/goods/GoodsDetail.jsp?i_code=15710213,2026-10-06
UX3480QA,UX3480QA-0022B26100/UX3480QA-0042P26100/UX3480QA-0112D26100,config,TP00027530005154,【ASUS 華碩】特仕版 Zenbook 14 UX3480QA 14吋AI輕薄筆電（X126100/16G/512G/W11）多規,41999,False,False,True,False,https://www.momoshop.com.tw/TP/TP0002753/goodsDetail/TP00027530005154,2026-10-06
UX3480QA,,,TP00027530005156,【ASUS 華碩】特仕版 Zenbook 14 UX3480QA 極地藍 14吋AI輕薄筆電（X126100/16G/2T/W11）,49299,False,False,True,False,https://www.momoshop.com.tw/TP/TP0002753/goodsDetail/TP00027530005156,2026-10-06
UX3480QA,,,TP00064080001648,【ASUS 華碩】特仕款 14吋 OLED AI效能 輕薄筆電 (UX3480QA/X X1 26 100/16G/1TB/W11),47990,False,False,True,False,https://www.momoshop.com.tw/TP/TP0006408/goodsDetail/TP00064080001648,2026-10-06
UX3480QA,UX3480QA-0022B26100/UX3480QA-0042P26100/UX3480QA-0112D26100,config,TP00027350007044,【ASUS 華碩】特仕版14吋筆電(Zenbook 14 UX3480QA/X1-26-100/16G/512G/W11/金)多規,41999,False,False,True,False,https://www.momoshop.com.tw/TP/TP0002735/goodsDetail/TP00027350007044,2026-10-06
UX3480QA,,,TP00064080001651,【ASUS 華碩】特仕款 14吋 OLED AI效能 輕薄筆電 (UX3480QA/X X1 26 100/16G/1TB/W11)沙暮金,47990,False,False,True,False,https://www.momoshop.com.tw/TP/TP0006408/goodsDetail/TP00064080001651,2026-10-06
UX3480QA,,,TP00027350007045,【ASUS 華碩】特仕版14吋筆電(Zenbook 14 UX3480QA/X1-26-100/16G/1TB SSD/W11/金),46999,False,False,True,False,https://www.momoshop.com.tw/TP/TP0002735/goodsDetail/TP00027350007045,2026-10-06
UX3480QA,,,TP00027530005155,【ASUS 華碩】特仕版 Zenbook 14 UX3480QA 極地藍 14吋AI輕薄筆電（X126100/16G/1T/W11）,45999,False,False,True,False,https://www.momoshop.com.tw/TP/TP0002753/goodsDetail/TP00027530005155,2026-10-06
UX3480QA,,,TP00027350007046,【ASUS 華碩】特仕版14吋筆電(Zenbook 14 UX3480QA/X1-26-100/16G/2TB SSD/W11/金),49999,False,False,True,False,https://www.momoshop.com.tw/TP/TP0002735/goodsDetail/TP00027350007046,2026-10-06
UX3480QA,,,TP00027530005157,【ASUS 華碩】特仕版 Zenbook 14 UX3480QA 極地藍 14吋AI輕薄筆電（X126100/16G/4T/W11）,58699,False,False,True,False,https://www.momoshop.com.tw/TP/TP0002753/goodsDetail/TP00027530005157,2026-10-06
UX3480QA,,,TP00027530005158,【ASUS 華碩】特仕版 Zenbook 14 UX3480QA 沙暮金 14吋AI輕薄筆電（X126100/16G/1T/W11）,45999,False,False,True,False,https://www.momoshop.com.tw/TP/TP0002753/goodsDetail/TP00027530005158,2026-10-06
UX3480QA,,,TP00027530005159,【ASUS 華碩】特仕版 Zenbook 14 UX3480QA 沙暮金 14吋AI輕薄筆電（X126100/16G/2T/W11）,49299,False,False,True,False,https://www.momoshop.com.tw/TP/TP0002753/goodsDetail/TP00027530005159,2026-10-06
UX3480QA,,,TP00027530005160,【ASUS 華碩】特仕版 Zenbook 14 UX3480QA 沙暮金 14吋AI輕薄筆電（X126100/16G/4T/W11）,58699,False,False,True,False,https://www.momoshop.com.tw/TP/TP0002753/goodsDetail/TP00027530005160,2026-10-06
UX3480QA,UX3480QA-0022B26100/UX3480QA-0042P26100/UX3480QA-0112D26100,config,TP00027350007040,【ASUS 華碩】特仕版14吋筆電(Zenbook 14 UX3480QA/X1-26-100/16G/512G/W11/藍)多規,41999,False,False,True,False,https://www.momoshop.com.tw/TP/TP0002735/goodsDetail/TP00027350007040,2026-10-06
UX3480QA,,,TP00027350007041,【ASUS 華碩】特仕版14吋筆電(Zenbook 14 UX3480QA/X1-26-100/16G/1TB SSD/W11/藍),46999,False,False,True,False,https://www.momoshop.com.tw/TP/TP0002735/goodsDetail/TP00027350007041,2026-10-06
UX3480QA,,,TP00064080001649,【ASUS 華碩】特仕款 14吋 OLED AI效能 輕薄筆電 (UX3480QA/X X1 26 100/16G/2TB/W11),52990,False,False,True,False,https://www.momoshop.com.tw/TP/TP0006408/goodsDetail/TP00064080001649,2026-10-06
UX3480QA,,,TP00027350007042,【ASUS 華碩】特仕版14吋筆電(Zenbook 14 UX3480QA/X1-26-100/16G/2TB SSD/W11/藍),49999,False,False,True,False,https://www.momoshop.com.tw/TP/TP0002735/goodsDetail/TP00027350007042,2026-10-06
UX3480QA,,,TP00064080001650,【ASUS 華碩】特仕款 14吋 OLED AI效能 輕薄筆電 (UX3480QA/X X1 26 100/16G/4TB/W11),60990,False,False,True,False,https://www.momoshop.com.tw/TP/TP0006408/goodsDetail/TP00064080001650,2026-10-06
UX3480QA,,,TP00027350007043,【ASUS 華碩】特仕版14吋筆電(Zenbook 14 UX3480QA/X1-26-100/16G/4TB SSD/W11/藍),60999,False,False,True,False,https://www.momoshop.com.tw/TP/TP0002735/goodsDetail/TP00027350007043,2026-10-06
UX3480QA,,,TP00064080001652,【ASUS 華碩】特仕款 14吋 OLED AI效能 筆電 (UX3480QA/X X1 26 100/16GB/2TB/W11)沙暮金,52990,False,False,True,False,https://www.momoshop.com.tw/TP/TP0006408/goodsDetail/TP00064080001652,2026-10-06
UX3480QA,,,TP00027350007048,【ASUS 華碩】特仕版14吋筆電(Zenbook 14 UX3480QA/X1-26-100/16G/4TB SSD/W11/金),60999,False,False,True,False,https://www.momoshop.com.tw/TP/TP0002735/goodsDetail/TP00027350007048,2026-10-06
UX3480QA,,,TP00064080001653,【ASUS 華碩】特仕款 14吋 OLED AI效能 輕薄筆電 (UX3480QA/X X1 26 100/16G/4TB/W11)沙暮金,60990,False,False,True,False,https://www.momoshop.com.tw/TP/TP0006408/goodsDetail/TP00064080001653,2026-10-06
UX3607OA,UX3607OA-0032D94100,config,15496439,【ASUS 華碩】16吋Copilot+PC AI筆電(Zenbook A16 UX3607OA/Snapdragon X2 Elite Extreme/24G/1TB/W11),76999,True,False,False,False,https://www.momoshop.com.tw/goods/GoodsDetail.jsp?i_code=15496439,2026-10-06
UX3607OA,UX3607OA-0032D94100,config,15727948,【ASUS 華碩】Office2024組★16吋AI筆電(Zenbook A16 UX3607OA/Snapdragon X2 Elite Extreme/24G/1T),79499,True,True,False,False,https://www.momoshop.com.tw/goods/GoodsDetail.jsp?i_code=15727948,2026-10-06
UX3607OA,UX3607OA-0032D94100,config,15726954,【ASUS 華碩】微軟M365組★16吋AI筆電(Zenbook A16 UX3607OA/Snapdragon X2 Elite Extreme/24G/1T),77499,True,True,False,False,https://www.momoshop.com.tw/goods/GoodsDetail.jsp?i_code=15726954,2026-10-06
UX3607OA,UX3607OA-0032D94100,config,15723127,【ASUS 華碩】滑鼠組★16吋Copilot+PC AI筆電(Zenbook A16 UX3607OA/Snapdragon X2 Elite Extreme/24G/1T),76999,True,True,False,False,https://www.momoshop.com.tw/goods/GoodsDetail.jsp?i_code=15723127,2026-10-06
UX3607OA,UX3607OA-0032D94100,config,15722898,【ASUS 華碩】65W手機充電頭★16吋AI筆電(ZenbookA16 UX3607OA/Snapdragon X2 Elite Extreme/24G/1T),76999,True,True,False,False,https://www.momoshop.com.tw/goods/GoodsDetail.jsp?i_code=15722898,2026-10-06
UX3607OA,UX3607OA-0032D94100,config,TP00027530005032,【ASUS 華碩】特仕版 Zenbook A16 UX3607OA 16吋AI輕薄筆電（X2 Elite X2E94100/24G/1T）,76999,False,False,True,False,https://www.momoshop.com.tw/TP/TP0002753/goodsDetail/TP00027530005032,2026-10-06
UX3607OA,UX3607OA-0032D94100,config,TP00027350006921,【ASUS 華碩】特仕版16吋筆電(UX3607OA/X2E-94-100/24G/1TB/Win11/金)多規,76999,False,False,True,False,https://www.momoshop.com.tw/TP/TP0002735/goodsDetail/TP00027350006921,2026-10-06
UX3607OA,,,TP00027350006922,【ASUS 華碩】特仕版16吋筆電(UX3607OA/X2E-94-100/24G/2TB SSD/Win11/金),84999,False,False,True,False,https://www.momoshop.com.tw/TP/TP0002735/goodsDetail/TP00027350006922,2026-10-06
UX3607OA,,,TP00027350006923,【ASUS 華碩】特仕版16吋筆電(UX3607OA/X2E-94-100/24G/4TB SSD/Win11/金),92999,False,False,True,False,https://www.momoshop.com.tw/TP/TP0002735/goodsDetail/TP00027350006923,2026-10-06
UX3607QA,UX3607QA-0052D26100/UX3607QA-0062G26100,config,15277146,【ASUS 華碩】16吋Copilot+PC AI筆電(Zenbook A16 UX3607QA/Snapdragon X1 26 100/16G/512G/W11),41999,True,False,False,False,https://www.momoshop.com.tw/goods/GoodsDetail.jsp?i_code=15277146,2026-10-06
UX3607QA,UX3607QA-0052D26100/UX3607QA-0062G26100,config,15277149,【ASUS 華碩】16吋Copilot+PC AI筆電(Zenbook A16 UX3607QA/Snapdragon X1 26 100/16G/512G/W11),41999,True,False,False,False,https://www.momoshop.com.tw/goods/GoodsDetail.jsp?i_code=15277149,2026-10-06
UX3607QA,UX3607QA-0052D26100/UX3607QA-0062G26100,config,15727951,【ASUS 華碩】Office2024組★16吋AI筆電(Zenbook A16 UX3607QA/Snapdragon X1 26 100/16G/512G),46999,True,True,False,False,https://www.momoshop.com.tw/goods/GoodsDetail.jsp?i_code=15727951,2026-10-06
UX3607QA,UX3607QA-0052D26100/UX3607QA-0062G26100,config,15722917,【ASUS 華碩】65W手機充電頭★16吋Copilot+PC AI筆電(ZenbookA16 UX3607QA/Snapdragon X1 26 100/16G/512G),42499,True,True,False,False,https://www.momoshop.com.tw/goods/GoodsDetail.jsp?i_code=15722917,2026-10-06
UX3607QA,UX3607QA-0052D26100/UX3607QA-0062G26100,config,15723128,【ASUS 華碩】滑鼠組★16吋Copilot+PC AI筆電(Zenbook A16 UX3607QA/Snapdragon X1 26 100/16G/512G/W11),42499,True,True,False,False,https://www.momoshop.com.tw/goods/GoodsDetail.jsp?i_code=15723128,2026-10-06
UX3607QA,UX3607QA-0052D26100/UX3607QA-0062G26100,config,15723129,【ASUS 華碩】滑鼠組★16吋Copilot+PC AI筆電(Zenbook A16 UX3607QA/Snapdragon X1 26 100/16G/512G/W11),42499,True,True,False,False,https://www.momoshop.com.tw/goods/GoodsDetail.jsp?i_code=15723129,2026-10-06
UX3607QA,UX3607QA-0052D26100/UX3607QA-0062G26100,config,15726957,【ASUS 華碩】微軟M365組★16吋Copilot+PC AI筆電(Zenbook A16 UX3607QA/Snapdragon X1 26 100/16G/512G),44389,True,True,False,False,https://www.momoshop.com.tw/goods/GoodsDetail.jsp?i_code=15726957,2026-10-06
UX3607QA,UX3607QA-0052D26100/UX3607QA-0062G26100,config,15727956,【ASUS 華碩】Office2024組★16吋Copilot+PC AI筆電(Zenbook A16 UX3607QA/Snapdragon X1 26 100/16G/512G),46999,True,True,False,False,https://www.momoshop.com.tw/goods/GoodsDetail.jsp?i_code=15727956,2026-10-06
UX3607QA,UX3607QA-0052D26100/UX3607QA-0062G26100,config,15722918,【ASUS 華碩】65W手機充電頭★16吋Copilot+PC AI筆電(ZenbookA16 UX3607QA/Snapdragon X1 26 100/16G/512G),42499,True,True,False,False,https://www.momoshop.com.tw/goods/GoodsDetail.jsp?i_code=15722918,2026-10-06
UX3607QA,UX3607QA-0052D26100/UX3607QA-0062G26100,config,15726955,【ASUS 華碩】微軟M365組★16吋Copilot+PC AI筆電(Zenbook A16 UX3607QA/Snapdragon X1 26 100/16G/512G),44389,True,True,False,False,https://www.momoshop.com.tw/goods/GoodsDetail.jsp?i_code=15726955,2026-10-06
UX3607QA,UX3607QA-0062G26100,exact,15351722,【ASUS 華碩】特仕版 16吋AI筆電(UX3607QA-0062G26100/Snapdragon X X1 26 100/16G/改裝1TB SSD/OLED),43999,True,False,True,False,https://www.momoshop.com.tw/goods/GoodsDetail.jsp?i_code=15351722,2026-10-06
UX3607QA,UX3607QA-0052D26100,exact,15351721,【ASUS 華碩】特仕版 16吋AI筆電(UX3607QA-0052D26100/Snapdragon X X1 26 100/16G/改裝1TB SSD/OLED),44999,True,False,True,False,https://www.momoshop.com.tw/goods/GoodsDetail.jsp?i_code=15351721,2026-10-06
UX3607QA,UX3607QA-0052D26100,exact,15669757,【ASUS 華碩】16吋AI效能筆電(UX3607QA-0052D26100/Snapdragon X X1/16GB DDR5/512GB SSD/W11/沙暮金),41999,True,False,False,False,https://www.momoshop.com.tw/goods/GoodsDetail.jsp?i_code=15669757,2026-10-06
UX3607QA,UX3607QA-0062G26100,exact,15669756,【ASUS 華碩】16吋AI效能筆電(UX3607QA-0062G26100/Snapdragon X X1/16GB DDR5/512GB SSD/W11/冰岩灰),41999,True,False,False,False,https://www.momoshop.com.tw/goods/GoodsDetail.jsp?i_code=15669756,2026-10-06
UX3607QA,UX3607QA-0052D26100/UX3607QA-0062G26100,config,TP00027530004768,【ASUS 華碩】特仕版 Zenbook A16 UX3607QA 金 16吋AI輕薄筆電（X X1 26 100/16G/512G）,41999,False,False,True,False,https://www.momoshop.com.tw/TP/TP0002753/goodsDetail/TP00027530004768,2026-10-06
UX3607QA,UX3607QA-0052D26100/UX3607QA-0062G26100,config,TP00027530004749,【ASUS 華碩】特仕版 Zenbook A16 UX3607QA 灰 16吋AI輕薄筆電（X X1 26 100/16G/512G）,41999,False,False,True,False,https://www.momoshop.com.tw/TP/TP0002753/goodsDetail/TP00027530004749,2026-10-06
UX3607QA,,,TP00027350006552,【ASUS 華碩】特仕版16吋筆電(Zenbook UX3607QA/X1-26-100/16G/1TB SSD/W11/金),46999,False,False,True,False,https://www.momoshop.com.tw/TP/TP0002735/goodsDetail/TP00027350006552,2026-10-06
UX3607QA,,,TP00027350006553,【ASUS 華碩】特仕版16吋筆電(Zenbook UX3607QA/X1-26-100/16G/2TB SSD/W11/金),50999,False,False,True,False,https://www.momoshop.com.tw/TP/TP0002735/goodsDetail/TP00027350006553,2026-10-06
UX3607QA,,,TP00027350006554,【ASUS 華碩】特仕版16吋筆電(Zenbook UX3607QA/X1-26-100/16G/4TB SSD/W11/金),59999,False,False,True,False,https://www.momoshop.com.tw/TP/TP0002735/goodsDetail/TP00027350006554,2026-10-06
UX3607QA,UX3607QA-0052D26100/UX3607QA-0062G26100,config,TP00027350006555,【ASUS 華碩】特仕版16吋筆電(Zenbook UX3607QA/X1-26-100/16G/512G SSD/W11/灰)多規,41999,False,False,True,False,https://www.momoshop.com.tw/TP/TP0002735/goodsDetail/TP00027350006555,2026-10-06
UX3607QA,,,TP00027350006557,【ASUS 華碩】特仕版16吋筆電(Zenbook UX3607QA/X1-26-100/16G/2TB SSD/W11/灰),50999,False,False,True,False,https://www.momoshop.com.tw/TP/TP0002735/goodsDetail/TP00027350006557,2026-10-06
UX3607QA,,,TP00027350006558,【ASUS 華碩】特仕版16吋筆電(Zenbook UX3607QA/X1-26-100/16G/4TB SSD/W11/灰),59999,False,False,True,False,https://www.momoshop.com.tw/TP/TP0002735/goodsDetail/TP00027350006558,2026-10-06
UX3607QA,UX3607QA-0052D26100/UX3607QA-0062G26100,config,TP00027350006551,【ASUS 華碩】特仕版16吋筆電(Zenbook UX3607QA/X1-26-100/16G/512G SSD/W11/金)多規,41999,False,False,True,False,https://www.momoshop.com.tw/TP/TP0002735/goodsDetail/TP00027350006551,2026-10-06
UX3607QA,,,TP00027350006556,【ASUS 華碩】特仕版16吋筆電(Zenbook UX3607QA/X1-26-100/16G/1TB SSD/W11/灰),46999,False,False,True,False,https://www.momoshop.com.tw/TP/TP0002735/goodsDetail/TP00027350006556,2026-10-06
UX3607QA,,,TP00004400000632,【ASUS 華碩】特仕版 直升1T SSD UX3607QA/Snapdragon X1/16G/1T SSD/Win11/OLED/金,45690,False,False,True,False,https://www.momoshop.com.tw/TP/TP0000440/goodsDetail/TP00004400000632,2026-10-06
UX3607QA,,,TP00004400000633,【ASUS 華碩】特仕版 直升1T SSD UX3607QA/Snapdragon X1/16G/1T SSD/Win11/OLED/灰,45690,False,False,True,False,https://www.momoshop.com.tw/TP/TP0000440/goodsDetail/TP00004400000633,2026-10-06
UX5406AA,UX5406AA-0092W355/UX5406AA-0082G355,config,15582116,【ASUS 華碩】14吋Ultra7輕薄AI筆電(ZenBook S14 UX5406AA/Ultra7-355H/16G/512G SSD/W11/3K OLED/EVO),57999,True,False,False,False,https://www.momoshop.com.tw/goods/GoodsDetail.jsp?i_code=15582116,2026-10-06
UX5406AA,UX5406AA-0092W355/UX5406AA-0082G355,config,15582180,【ASUS 華碩】14吋Ultra7輕薄AI筆電(ZenBook S14 UX5406AA/Ultra7-355H/16G/512G SSD/W11/3K OLED/EVO),57999,True,False,False,False,https://www.momoshop.com.tw/goods/GoodsDetail.jsp?i_code=15582180,2026-10-06
UX5406AA,UX5406AA-0092W355/UX5406AA-0082G355,config,TP00027530005059,【ASUS 華碩】特仕版 Zenbook S14 UX5406AA 14吋AI輕薄效能筆電（U7/16G/512G/W11）,57999,False,False,True,False,https://www.momoshop.com.tw/TP/TP0002753/goodsDetail/TP00027530005059,2026-10-06
UX5406AA,UX5406AA-0092W355,exact,TP00014390007145,【ASUS 華碩】UX5406AA-0092W355 14吋 U7 3K OLED筆電｜暖煦白,57999,False,False,False,False,https://www.momoshop.com.tw/TP/TP0001439/goodsDetail/TP00014390007145,2026-10-06
UX5406AA,,,TP00027350006978,【ASUS 華碩】特仕版14吋筆電(Zenbook S UX5406AA/Ultra 7 355/16G/4TB SSD/W11/灰),76999,False,False,True,False,https://www.momoshop.com.tw/TP/TP0002735/goodsDetail/TP00027350006978,2026-10-06
UX5406AA,,,TP00027350006977,【ASUS 華碩】特仕版14吋筆電(Zenbook S UX5406AA/Ultra 7 355/16G/2TB SSD/W11/灰),65999,False,False,True,False,https://www.momoshop.com.tw/TP/TP0002735/goodsDetail/TP00027350006977,2026-10-06
UX5406AA,UX5406AA-0092W355/UX5406AA-0082G355,config,TP00027350006975,【ASUS 華碩】特仕版14吋筆電(Zenbook S UX5406AA/Ultra 7 355/16G/512G/W11/灰)多規,57999,False,False,True,False,https://www.momoshop.com.tw/TP/TP0002735/goodsDetail/TP00027350006975,2026-10-06
UX5406AA,UX5406AA-0082G355,exact,TP00014390007146,【ASUS 華碩】UX5406AA-0082G355 14吋 U7 3K OLED筆電｜霧岩灰,57999,False,False,False,False,https://www.momoshop.com.tw/TP/TP0001439/goodsDetail/TP00014390007146,2026-10-06
UX5406AA,,,TP00027350006976,【ASUS 華碩】特仕版14吋筆電(Zenbook S UX5406AA/Ultra 7 355/16G/1TB SSD/W11/灰),61999,False,False,True,False,https://www.momoshop.com.tw/TP/TP0002735/goodsDetail/TP00027350006976,2026-10-06
UX5406AA,UX5406AA-0092W355/UX5406AA-0082G355,config,TP00027350006979,【ASUS 華碩】特仕版14吋筆電(Zenbook S UX5406AA/Ultra 7 355/16G/512G/W11/白)多規,57999,False,False,True,False,https://www.momoshop.com.tw/TP/TP0002735/goodsDetail/TP00027350006979,2026-10-06
UX5406AA,,,TP00027350006980,【ASUS 華碩】特仕版14吋筆電(Zenbook S UX5406AA/Ultra 7 355/16G/1TB SSD/W11/白),61999,False,False,True,False,https://www.momoshop.com.tw/TP/TP0002735/goodsDetail/TP00027350006980,2026-10-06
UX5406AA,,,TP00027350006981,【ASUS 華碩】特仕版14吋筆電(Zenbook S UX5406AA/Ultra 7 355/16G/2TB SSD/W11/白),65999,False,False,True,False,https://www.momoshop.com.tw/TP/TP0002735/goodsDetail/TP00027350006981,2026-10-06
UX5406AA,,,TP00027350006982,【ASUS 華碩】特仕版14吋筆電(Zenbook S UX5406AA/Ultra 7 355/16G/4TB SSD/W11/白),76999,False,False,True,False,https://www.momoshop.com.tw/TP/TP0002735/goodsDetail/TP00027350006982,2026-10-06
UX5406AA,,,TP00004400000687,【ASUS 華碩】特仕版 直升1T SSD UX5406AA/Ultra 7 355/16G/1T/W11/OLED/EVO/深灰,63890,False,False,True,False,https://www.momoshop.com.tw/TP/TP0000440/goodsDetail/TP00004400000687,2026-10-06
UX5406AA,,,TP00004400000688,【ASUS 華碩】特仕版 直升1T SSD UX5406AA/Ultra 7 355/16G/1T/W11/OLED/EVO/白,63890,False,False,True,False,https://www.momoshop.com.tw/TP/TP0000440/goodsDetail/TP00004400000688,2026-10-06
UX5406SA,,,14880001,【ASUS 華碩】65W充電組★14吋Ultra7輕薄AI筆電(ZenBook UX5406SA/Ultra7-258V/32G/1TB/W11/3K OLED/EVO),59900,True,True,False,False,https://www.momoshop.com.tw/goods/GoodsDetail.jsp?i_code=14880001,2026-10-06
UX5406SA,UX5406SA-0052I226V,config,14880004,【ASUS 華碩】65W充電組★14吋Ultra5輕薄AI筆電(ZenBook UX5406SA/Ultra5-226V/16G/1TB/W11/3K OLED/EVO),45999,True,True,False,False,https://www.momoshop.com.tw/goods/GoodsDetail.jsp?i_code=14880004,2026-10-06
UX5406SA,,,14880002,【ASUS 華碩】65W充電組★14吋Ultra7輕薄AI筆電(ZenBook UX5406SA/Ultra7-258V/32G/1TB/W11/3K OLED/EVO),59900,True,True,False,False,https://www.momoshop.com.tw/goods/GoodsDetail.jsp?i_code=14880002,2026-10-06
UX8406CA,,,15381737,【ASUS 華碩】14吋Ultra 9輕薄AI筆電(ZenBook Duo UX8406CA/Ultra 9-285H/16G/512G SSD/W11/OLED),64999,True,False,False,False,https://www.momoshop.com.tw/goods/GoodsDetail.jsp?i_code=15381737,2026-10-06
UX8406CA,,,TP00027530004919,【ASUS 華碩】特仕版 Zenbook Duo UX8406CA 14吋觸控筆電（Ultra 9/16G/512G/WIN11）,64999,False,False,True,False,https://www.momoshop.com.tw/TP/TP0002753/goodsDetail/TP00027530004919,2026-10-06
UX8406CA,,,TP00027350006775,【ASUS 華碩】特仕版14吋觸控(Zenbook Duo UX8406CA/Ultra 9 285H/16G/512G/Win11)多規,64999,False,False,True,False,https://www.momoshop.com.tw/TP/TP0002735/goodsDetail/TP00027350006775,2026-10-06
UX8406CA,,,TP00027350006777,【ASUS 華碩】特仕版14吋觸控(Zenbook Duo UX8406CA/Ultra 9 285H/16G/1TB/Win11),70999,False,False,True,False,https://www.momoshop.com.tw/TP/TP0002735/goodsDetail/TP00027350006777,2026-10-06
UX8406CA,,,TP00027350006778,【ASUS 華碩】特仕版14吋觸控(Zenbook Duo UX8406CA/Ultra 9 285H/16G/2TB/Win11),74999,False,False,True,False,https://www.momoshop.com.tw/TP/TP0002735/goodsDetail/TP00027350006778,2026-10-06
UX8406CA,,,TP00027350006779,【ASUS 華碩】特仕版14吋觸控(Zenbook Duo UX8406CA/Ultra 9 285H/16G/4TB/Win11),84999,False,False,True,False,https://www.momoshop.com.tw/TP/TP0002735/goodsDetail/TP00027350006779,2026-10-06
UX8407AA,UX8407AA-0083I358H,config,15403729,【ASUS 華碩】14吋Ultra X7輕薄AI筆電(ZenBook Duo UX8407AA/Ultra X7-358H/16G/512G SSD/W11/OLED),84999,True,False,False,False,https://www.momoshop.com.tw/goods/GoodsDetail.jsp?i_code=15403729,2026-10-06
UX8407AA,UX8407AA-0033I388H,config,TP00027530005110,【ASUS 華碩】特仕版 Zenbook Duo UX8407AA 14吋觸控AI筆電（Ultra X9-378H/32G/1T）,109999,False,False,True,False,https://www.momoshop.com.tw/TP/TP0002753/goodsDetail/TP00027530005110,2026-10-06
UX8407AA,UX8407AA-0083I358H,config,TP00027530004994,【ASUS 華碩】特仕版 Zenbook Duo UX8407AA 14吋觸控AI筆電（Ultra X7/16G/512G/WIN11）,84999,False,False,True,False,https://www.momoshop.com.tw/TP/TP0002753/goodsDetail/TP00027530004994,2026-10-06
UX8407AA,UX8407AA-0033I388H,config,TP00027350006972,【ASUS 華碩】特仕版14吋(Zenbook Duo UX8407AA/Ultra X9 378H/32G/1TB SSD/W11)多規,109999,False,False,True,False,https://www.momoshop.com.tw/TP/TP0002735/goodsDetail/TP00027350006972,2026-10-06
UX8407AA,UX8407AA-0083I358H,config,TP00027350006799,【ASUS 華碩】特仕版14吋(Zenbook Duo UX8407AA/Ultra X7 358H/16G/512G/W11)多規,84999,False,False,True,False,https://www.momoshop.com.tw/TP/TP0002735/goodsDetail/TP00027350006799,2026-10-06
UX8407AA,,,TP00027350006800,【ASUS 華碩】特仕版14吋(Zenbook Duo UX8407AA/Ultra X7 358H/16G/1TB/W11),90999,False,False,True,False,https://www.momoshop.com.tw/TP/TP0002735/goodsDetail/TP00027350006800,2026-10-06
UX8407AA,,,TP00027350006801,【ASUS 華碩】特仕版14吋(Zenbook Duo UX8407AA/Ultra X7 358H/16G/2TB/W11),94999,False,False,True,False,https://www.momoshop.com.tw/TP/TP0002735/goodsDetail/TP00027350006801,2026-10-06
UX8407AA,,,TP00027350006802,【ASUS 華碩】特仕版14吋(Zenbook Duo UX8407AA/Ultra X7 358H/16G/4TB/W11),104999,False,False,True,False,https://www.momoshop.com.tw/TP/TP0002735/goodsDetail/TP00027350006802,2026-10-06
UX8407AA,,,TP00027350006973,【ASUS 華碩】特仕版14吋(Zenbook Duo UX8407AA/Ultra X9 378H/32G/2TB SSD/W11),117999,False,False,True,False,https://www.momoshop.com.tw/TP/TP0002735/goodsDetail/TP00027350006973,2026-10-06
UX8407AA,,,TP00027350006974,【ASUS 華碩】特仕版14吋(Zenbook Duo UX8407AA/Ultra X9 378H/32G/4TB SSD/W11),127999,False,False,True,False,https://www.momoshop.com.tw/TP/TP0002735/goodsDetail/TP00027350006974,2026-10-06
V3607VJ,,,15704367,【ASUS 華碩】16吋Core 7效能RTX3050筆電(V16 V3607VJ/Core 7-240H/16G/512G SSD/RTX3050/W11),47999,True,False,False,False,https://www.momoshop.com.tw/goods/GoodsDetail.jsp?i_code=15704367,2026-10-06
V3607VJ,,,TP00014390007405,【ASUS 華碩】V3607VJ-0151K240H 16吋 C7 RTX3050 電競筆電,47999,False,False,False,False,https://www.momoshop.com.tw/TP/TP0001439/goodsDetail/TP00014390007405,2026-10-06
V3607VJ,,,TP00027530005250,【ASUS 華碩】特仕版 V16 V3607VJ 16吋電競筆電（Core 7 240H/16G/512G/RTX3050/W11）多規,47999,False,False,True,False,https://www.momoshop.com.tw/TP/TP0002753/goodsDetail/TP00027530005250,2026-10-06
X1404VA,X1404VA-0081C1335U,config,15143733,【ASUS 華碩】14吋輕薄Core 5 16G筆電(VivoBook X1404VA/Core 5-120U/16G/512G SSD/W11),20999,True,False,False,False,https://www.momoshop.com.tw/goods/GoodsDetail.jsp?i_code=15143733,2026-10-06
X1404VA,X1404VA-0121C1355U,config,14921076,【ASUS 華碩】14吋輕薄Core 7 16G筆電(VivoBook X1404VA/Core7-150U/16G/1TB SSD/W11),30999,True,False,False,False,https://www.momoshop.com.tw/goods/GoodsDetail.jsp?i_code=14921076,2026-10-06
X1404VA,X1404VA-0081C1335U,config,15381747,【ASUS 華碩】14吋輕薄Core 7 16G筆電(VivoBook X1404VA/Core7-150U/16G/512G SSD/W11),24999,True,False,False,False,https://www.momoshop.com.tw/goods/GoodsDetail.jsp?i_code=15381747,2026-10-06
X1404VA,,,15143734,【ASUS 華碩】14吋Core 3輕薄筆電(Core 3-100U/8G/512G SSD/W11/VivoBook X1404VA),16999,True,False,False,False,https://www.momoshop.com.tw/goods/GoodsDetail.jsp?i_code=15143734,2026-10-06
X1404VA,,,15600416,【ASUS 華碩】14吋Core 5輕薄筆電(Core 5-120U/8G/512G SSD/W11/VivoBook X1404VA),18999,True,False,False,False,https://www.momoshop.com.tw/goods/GoodsDetail.jsp?i_code=15600416,2026-10-06
X1404VA,X1404VA-0081C1335U,config,15411482,【ASUS 華碩】滑鼠組★14吋輕薄Core 7 16G筆電(VivoBook X1404VA/Core7-150U/16G/512G SSD/W11),24999,True,True,False,False,https://www.momoshop.com.tw/goods/GoodsDetail.jsp?i_code=15411482,2026-10-06
X1404VA,,,15658322,【ASUS 華碩】特仕版 14吋輕薄筆電(X1404VA-0381B120U/Core 5-120U/8G+8G/512G SSD/Win11),22999,True,False,True,False,https://www.momoshop.com.tw/goods/GoodsDetail.jsp?i_code=15658322,2026-10-06
X1404VA,X1404VA-0081C1335U,config,15441558,【ASUS 華碩】Office2024組★14吋輕薄Core 5 16G筆電(VivoBook X1404VA/Core 5-120U/16G/512G SSD/W11),28999,True,True,False,False,https://www.momoshop.com.tw/goods/GoodsDetail.jsp?i_code=15441558,2026-10-06
X1404VA,,,15441557,【ASUS 華碩】Office2024組★14吋Core 3輕薄筆電(Core 3-100U/8G/512G SSD/W11/VivoBook X1404VA),21999,True,True,False,False,https://www.momoshop.com.tw/goods/GoodsDetail.jsp?i_code=15441557,2026-10-06
X1404VA,,,15658366,【ASUS 華碩】特仕版 14吋輕薄筆電(X1404VA-0421W120U/Core 5-120U/8G+8G/512G SSD/Win11),22999,True,False,True,False,https://www.momoshop.com.tw/goods/GoodsDetail.jsp?i_code=15658366,2026-10-06
X1404VA,,,15631663,【ASUS 華碩】Office2024組★14吋Core 5輕薄筆電(Core 5-120U/8G/512G SSD/W11/VivoBook X1404VA),23999,True,True,False,False,https://www.momoshop.com.tw/goods/GoodsDetail.jsp?i_code=15631663,2026-10-06
X1404VA,,,15631866,【ASUS 華碩】包鼠組★14吋Core 5輕薄筆電(Core 5-120U/8G/512G SSD/W11/VivoBook X1404VA),19499,True,True,False,False,https://www.momoshop.com.tw/goods/GoodsDetail.jsp?i_code=15631866,2026-10-06
X1404VA,,,15512605,【ASUS 華碩】特仕版 14吋 C5 輕薄筆電(VivoBook 14 X1404VA/Core5-120U/8G/1TB SSD/W11),22499,True,False,True,False,https://www.momoshop.com.tw/goods/GoodsDetail.jsp?i_code=15512605,2026-10-06
X1404VA,,,15689057,【ASUS 華碩】14吋Core 5輕薄筆電(Core 5-120U/8G/512G SSD/W11/VivoBook X1404VA),18999,True,False,False,False,https://www.momoshop.com.tw/goods/GoodsDetail.jsp?i_code=15689057,2026-10-06
X1404VA,X1404VA-0081C1335U,config,15441679,【ASUS 華碩】Office2024組★14吋輕薄Core 7 16G筆電(VivoBook X1404VA/Core7-150U/16G/512G SSD/W11),29999,True,True,False,False,https://www.momoshop.com.tw/goods/GoodsDetail.jsp?i_code=15441679,2026-10-06
X1404VA,X1404VA-0081C1335U,config,15411484,【ASUS 華碩】65W手機充電組★14吋輕薄Core 7 16G筆電(VivoBook X1404VA/Core7-150U/16G/512G SSD/W11),24999,True,True,False,False,https://www.momoshop.com.tw/goods/GoodsDetail.jsp?i_code=15411484,2026-10-06
X1404VA,,,15440812,【ASUS 華碩】特仕版 14吋輕薄筆電(Vivobook 14 X1404VA/Core 5 120U/8G+8G/512G SSD/Win11),23499,True,False,True,False,https://www.momoshop.com.tw/goods/GoodsDetail.jsp?i_code=15440812,2026-10-06
X1404VA,,,15440024,【ASUS 華碩】特仕版 14吋輕薄筆電(X1404VA-0381B120U/Core 5-120U/8G+8G/改1TB SSD/Win11),26999,True,False,True,False,https://www.momoshop.com.tw/goods/GoodsDetail.jsp?i_code=15440024,2026-10-06
X1404VA,,,15512378,【ASUS 華碩】特仕版 14吋輕薄筆電(X1404VA-0421W120U/Core 5-120U/8G+8G/改1TB SSD/Win11),26999,True,False,True,False,https://www.momoshop.com.tw/goods/GoodsDetail.jsp?i_code=15512378,2026-10-06
X1404VA,X1404VA-0081C1335U,config,15271356,【ASUS 華碩】滑鼠組★14吋輕薄Core 5 16G筆電(VivoBook X1404VA/Core 5-120U/16G/512G SSD/W11),24499,True,True,False,False,https://www.momoshop.com.tw/goods/GoodsDetail.jsp?i_code=15271356,2026-10-06
X1404VA,X1404VA-0121C1355U,config,15441582,【ASUS 華碩】Office2024組★14吋輕薄Core 7 16G筆電(VivoBook X1404VA/Core7-150U/16G/1TB SSD/W11),32999,True,True,False,False,https://www.momoshop.com.tw/goods/GoodsDetail.jsp?i_code=15441582,2026-10-06
X1404VA,,,15512377,【ASUS 華碩】特仕版 14吋輕薄筆電(X1404VA-0421W120U/Core 5-120U/8G+16G/改1TB SSD/Win11),28999,True,False,True,False,https://www.momoshop.com.tw/goods/GoodsDetail.jsp?i_code=15512377,2026-10-06
X1404VA,,,15512601,【ASUS 華碩】特仕版 14吋 C5 輕薄筆電(VivoBook 14 X1404VA/Core5-120U/8G/1TB SSD/W11),22499,True,False,True,False,https://www.momoshop.com.tw/goods/GoodsDetail.jsp?i_code=15512601,2026-10-06
X1404VA,,,15440021,【ASUS 華碩】特仕版 14吋輕薄筆電(X1404VA-0381B120U/Core 5-120U/8G+16G/改1TB SSD/Win11),28999,True,False,True,False,https://www.momoshop.com.tw/goods/GoodsDetail.jsp?i_code=15440021,2026-10-06
X1404VA,,,15440813,【ASUS 華碩】特仕版 14吋輕薄筆電(Vivobook 14 X1404VA/Core 5 120U/8G+16G/512G SSD/Win11),26499,True,False,True,False,https://www.momoshop.com.tw/goods/GoodsDetail.jsp?i_code=15440813,2026-10-06
X1404VA,,,15631884,【ASUS 華碩】滑鼠組★14吋Core 5輕薄筆電(Core 5-120U/8G/512G SSD/W11/VivoBook X1404VA),19499,True,True,False,False,https://www.momoshop.com.tw/goods/GoodsDetail.jsp?i_code=15631884,2026-10-06
X1404VA,,,15631241,【ASUS 華碩】微軟M365組★14吋Core 5輕薄筆電(Core 5-120U/8G/512G SSD/W11/VivoBook X1404VA),21389,True,True,False,False,https://www.momoshop.com.tw/goods/GoodsDetail.jsp?i_code=15631241,2026-10-06
X1404VA,,,15512376,【ASUS 華碩】特仕版 14吋輕薄筆電(X1404VA-0381B120U/Core 5-120U/8G+16G/512G SSD/Win11),25999,True,False,True,False,https://www.momoshop.com.tw/goods/GoodsDetail.jsp?i_code=15512376,2026-10-06
X1404VA,,,TP00027530005020,【ASUS 華碩】特仕版 Vivobook 14 X1404VA 幻彩白14吋效能筆電（C5-120U/8G+8G DDR5/512G）,23999,False,False,True,False,https://www.momoshop.com.tw/TP/TP0002753/goodsDetail/TP00027530005020,2026-10-06
X1404VA,,,TP00027530005011,【ASUS 華碩】特仕版 Vivobook 14 X1404VA 午夜藍 14吋效能筆電（C5-120U/8G+8G DDR5/512G）,23999,False,False,True,False,https://www.momoshop.com.tw/TP/TP0002753/goodsDetail/TP00027530005011,2026-10-06
X1404VA,X1404VA-0081C1335U,config,15271149,【ASUS 華碩】微軟M365組★14吋輕薄Core 5 16G筆電(VivoBook X1404VA/Core 5-120U/16G/512G SSD/W11),26389,True,True,False,False,https://www.momoshop.com.tw/goods/GoodsDetail.jsp?i_code=15271149,2026-10-06
X1404VA,X1404VA-0081C1335U,config,15409850,【ASUS 華碩】微軟M365組★14吋輕薄Core 7 16G筆電(VivoBook X1404VA/Core7-150U/16G/512G SSD/W11),27389,True,True,False,False,https://www.momoshop.com.tw/goods/GoodsDetail.jsp?i_code=15409850,2026-10-06
X1404VA,,,15727235,【ASUS 華碩】Office2024組★14吋Core 5輕薄筆電(Core 5-120U/8G/512G SSD/W11/VivoBook X1404VA),23999,True,True,False,False,https://www.momoshop.com.tw/goods/GoodsDetail.jsp?i_code=15727235,2026-10-06
X1404VA,,,15512379,【ASUS 華碩】特仕版 14吋輕薄筆電(X1404VA-0421W120U/Core 5-120U/8G+16G/512G SSD/Win11),25999,True,False,True,False,https://www.momoshop.com.tw/goods/GoodsDetail.jsp?i_code=15512379,2026-10-06
X1404VA,,,15271147,【ASUS 華碩】微軟M365組★14吋Core 3輕薄筆電(Core 3-100U/8G/512G SSD/W11/VivoBook X1404VA),19389,True,True,False,False,https://www.momoshop.com.tw/goods/GoodsDetail.jsp?i_code=15271147,2026-10-06
X1404VA,X1404VA-0121C1355U,config,15046253,【ASUS 華碩】65W手機充電組★14吋輕薄Core 7 16G筆電(VivoBook X1404VA/Core7-150U/16G/1TB SSD/W11),28499,True,True,False,False,https://www.momoshop.com.tw/goods/GoodsDetail.jsp?i_code=15046253,2026-10-06
X1404VA,,,TP00027530004921,【ASUS 華碩】特仕版 Vivobook 14 X1404VA 14吋效能筆電（Core5-120U/8G DDR5/512G/W11）,18999,False,False,True,False,https://www.momoshop.com.tw/TP/TP0002753/goodsDetail/TP00027530004921,2026-10-06
X1404VA,,,15722286,【ASUS 華碩】包鼠組★14吋Core 5輕薄筆電(Core 5-120U/8G/512G SSD/W11/VivoBook X1404VA),19499,True,True,False,False,https://www.momoshop.com.tw/goods/GoodsDetail.jsp?i_code=15722286,2026-10-06
X1404VA,,,TP00008580001703,【ASUS 華碩】VivoBook 14吋(Core 5 120U/8G D5/512G/W11/X1404VA/白)輕薄文書筆電,18999,False,False,False,False,https://www.momoshop.com.tw/TP/TP0000858/goodsDetail/TP00008580001703,2026-10-06
X1404VA,,,15726914,【ASUS 華碩】微軟M365組★14吋Core 5輕薄筆電(Core 5-120U/8G/512G SSD/W11/VivoBook X1404VA),21389,True,True,False,False,https://www.momoshop.com.tw/goods/GoodsDetail.jsp?i_code=15726914,2026-10-06
X1404VA,,,TP00027530005024,【ASUS 華碩】特仕版 Vivobook 14 X1404VA 幻彩白14吋效能筆電（C5-120U/8G+16G DDR5/512G）,26499,False,False,True,False,https://www.momoshop.com.tw/TP/TP0002753/goodsDetail/TP00027530005024,2026-10-06
X1404VA,,,15723112,【ASUS 華碩】滑鼠組★14吋Core 5輕薄筆電(Core 5-120U/8G/512G SSD/W11/VivoBook X1404VA),19499,True,True,False,False,https://www.momoshop.com.tw/goods/GoodsDetail.jsp?i_code=15723112,2026-10-06
X1404VA,,,TP00027530005027,【ASUS 華碩】特仕版 Vivobook 14 X1404VA 幻彩白14吋效能筆電（C5-120U/8G+32G DDR5/512G）,31699,False,False,True,False,https://www.momoshop.com.tw/TP/TP0002753/goodsDetail/TP00027530005027,2026-10-06
X1404VA,,,TP00027530005025,【ASUS 華碩】特仕版 Vivobook 14 X1404VA 幻彩白 14吋效能筆電（C5-120U/8G+16G DDR5/1T）,29999,False,False,True,False,https://www.momoshop.com.tw/TP/TP0002753/goodsDetail/TP00027530005025,2026-10-06
X1404VA,,,TP00027530005022,【ASUS 華碩】特仕版 Vivobook 14 X1404VA 幻彩白 14吋效能筆電（C5-120U/8G+8G DDR5/1T）,27499,False,False,True,False,https://www.momoshop.com.tw/TP/TP0002753/goodsDetail/TP00027530005022,2026-10-06
X1404VA,,,TP00084190000669,【ASUS 華碩】VivoBook X1404VA 14吋 12核心輕薄文書筆電13代 i5/8G DDR5/512G 可擴充升級,19299,False,False,False,False,https://www.momoshop.com.tw/TP/TP0008419/goodsDetail/TP00084190000669,2026-10-06
X1404VA,,,TP00027530005012,【ASUS 華碩】特仕版 Vivobook 14 X1404VA 午夜藍 14吋效能筆電（C5-120U/8G+8G DDR5/1T）,27499,False,False,True,False,https://www.momoshop.com.tw/TP/TP0002753/goodsDetail/TP00027530005012,2026-10-06
X1404VA,,,TP00027350006613,【ASUS 華碩】特仕版14吋筆電(X1404VA/Core 5 120U/8G+16G/1TB SSD/Win11/藍),30999,False,False,True,False,https://www.momoshop.com.tw/TP/TP0002735/goodsDetail/TP00027350006613,2026-10-06
X1404VA,,,TP00008580001705,【ASUS 華碩】VivoBook 14吋(Core 5 120U/8G+16G D5/512G/W11/X1404VA/白)輕薄文書筆電,26999,False,False,False,False,https://www.momoshop.com.tw/TP/TP0000858/goodsDetail/TP00008580001705,2026-10-06
X1404VA,,,TP00027350006603,【ASUS 華碩】特仕版14吋筆電(X1404VA/Core 5 120U/8G+16G/1TB SSD/Win11/白),30999,False,False,True,False,https://www.momoshop.com.tw/TP/TP0002735/goodsDetail/TP00027350006603,2026-10-06
X1404VA,,,TP00008580001704,【ASUS 華碩】VivoBook 14吋(Core 5 120U/8G+8G D5/512G/W11/X1404VA/白)輕薄文書筆電,23499,False,False,False,False,https://www.momoshop.com.tw/TP/TP0000858/goodsDetail/TP00008580001704,2026-10-06
X1404VA,,,TP00027350006602,【ASUS 華碩】特仕版14吋筆電(X1404VA/Core 5 120U/8G+8G/1TB SSD/Win11/白),27999,False,False,True,False,https://www.momoshop.com.tw/TP/TP0002735/goodsDetail/TP00027350006602,2026-10-06
X1404VA,,,TP00027530005017,【ASUS 華碩】特仕版 Vivobook 14 X1404VA 午夜藍14吋效能筆電（C5-120U/8G+32G DDR5/512G）,31699,False,False,True,False,https://www.momoshop.com.tw/TP/TP0002753/goodsDetail/TP00027530005017,2026-10-06
X1404VA,,,TP00027350006599,【ASUS 華碩】特仕版14吋筆電(X1404VA/Core 5 120U/8G+8G/512G/Win11/白),23499,False,False,True,False,https://www.momoshop.com.tw/TP/TP0002735/goodsDetail/TP00027350006599,2026-10-06
X1404VA,,,TP00027530005029,【ASUS 華碩】特仕版 Vivobook 14 X1404VA 幻彩白 14吋效能筆電（C5-120U/8G+32G DDR5/2T）,38499,False,False,True,False,https://www.momoshop.com.tw/TP/TP0002753/goodsDetail/TP00027530005029,2026-10-06
X1404VA,X1404VA-0121C1355U,config,15046251,【ASUS 華碩】滑鼠組★14吋輕薄Core 7 16G筆電(VivoBook X1404VA/Core7-150U/16G/1TB SSD/W11),28499,True,True,False,False,https://www.momoshop.com.tw/goods/GoodsDetail.jsp?i_code=15046251,2026-10-06
X1404VA,,,TP00027530005028,【ASUS 華碩】特仕版 Vivobook 14 X1404VA 幻彩白 14吋效能筆電（C5-120U/8G+32G DDR5/1T）,35399,False,False,True,False,https://www.momoshop.com.tw/TP/TP0002753/goodsDetail/TP00027530005028,2026-10-06
X1404VA,X1404VA-0121C1355U,config,15045794,【ASUS 華碩】微軟M365組★14吋輕薄Core 7 16G筆電(VivoBook X1404VA/Core7-150U/16G/1TB SSD/W11),34999,True,True,False,False,https://www.momoshop.com.tw/goods/GoodsDetail.jsp?i_code=15045794,2026-10-06
X1404VA,,,TP00008580001706,【ASUS 華碩】VivoBook 14吋(Core 5 120U/8G+8G D5/1TB/W11/X1404VA/白)輕薄文書筆電,28499,False,False,False,False,https://www.momoshop.com.tw/TP/TP0000858/goodsDetail/TP00008580001706,2026-10-06
X1404VA,X1404VA-0081C1335U,config,15271357,【ASUS 華碩】65W手機充電組★14吋輕薄Core 5 16G筆電(VivoBook X1404VA/Core 5-120U/16G/512G SSD/W11),24499,True,True,False,False,https://www.momoshop.com.tw/goods/GoodsDetail.jsp?i_code=15271357,2026-10-06
X1404VA,,,TP00008580001728,【ASUS 華碩】VivoBook 14吋(Core 5 120U/8G D5/512G/W11/X1404VA/藍)輕薄文書筆電,18999,False,False,False,False,https://www.momoshop.com.tw/TP/TP0000858/goodsDetail/TP00008580001728,2026-10-06
X1404VA,,,TP00008580001729,【ASUS 華碩】VivoBook 14吋(Core 5 120U/8G+8G D5/1TB/W11/X1404VA/藍)輕薄文書筆電,28499,False,False,False,False,https://www.momoshop.com.tw/TP/TP0000858/goodsDetail/TP00008580001729,2026-10-06
X1404VA,,,TP00008580001730,【ASUS 華碩】VivoBook 14吋(Core 5 120U/8G+16G D5/512G/W11/X1404VA/藍)輕薄文書筆電,26999,False,False,False,False,https://www.momoshop.com.tw/TP/TP0000858/goodsDetail/TP00008580001730,2026-10-06
X1404VA,,,TP00014390006918,【ASUS 華碩】X1404VA-0421W120U 14吋 C5 效能筆電 幻彩白,18999,False,False,False,False,https://www.momoshop.com.tw/TP/TP0001439/goodsDetail/TP00014390006918,2026-10-06
X1404VA,,,TP00027530005023,【ASUS 華碩】特仕版 Vivobook 14 X1404VA 幻彩白 14吋效能筆電（C5-120U/8G+8G DDR5/2T）,30499,False,False,True,False,https://www.momoshop.com.tw/TP/TP0002753/goodsDetail/TP00027530005023,2026-10-06
X1404VA,,,15271354,【ASUS 華碩】65W充電組★14吋Core 3輕薄筆電(Core 3-100U/8G/512G SSD/W11/VivoBook X1404VA),25500,True,True,False,False,https://www.momoshop.com.tw/goods/GoodsDetail.jsp?i_code=15271354,2026-10-06
X1404VA,,,TP00027530005013,【ASUS 華碩】特仕版 Vivobook 14 X1404VA 午夜藍 14吋效能筆電（C5-120U/8G+8G DDR5/2T）,30499,False,False,True,False,https://www.momoshop.com.tw/TP/TP0002753/goodsDetail/TP00027530005013,2026-10-06
X1404VA,,,15271353,【ASUS 華碩】滑鼠組★14吋Core 3輕薄筆電(Core 3-100U/8G/512G SSD/W11/VivoBook X1404VA),25500,True,True,False,False,https://www.momoshop.com.tw/goods/GoodsDetail.jsp?i_code=15271353,2026-10-06
X1404VA,,,TP00027530005014,【ASUS 華碩】特仕版 Vivobook 14 X1404VA 午夜藍14吋效能筆電（C5-120U/8G+16G DDR5/512G）,26499,False,False,True,False,https://www.momoshop.com.tw/TP/TP0002753/goodsDetail/TP00027530005014,2026-10-06
X1404VA,,,TP00027530005015,【ASUS 華碩】特仕版 Vivobook 14 X1404VA 午夜藍 14吋效能筆電（C5-120U/8G+16G DDR5/1T）,29999,False,False,True,False,https://www.momoshop.com.tw/TP/TP0002753/goodsDetail/TP00027530005015,2026-10-06
X1404VA,,,TP00027530005016,【ASUS 華碩】特仕版 Vivobook 14 X1404VA 午夜藍 14吋效能筆電（C5-120U/8G+16G DDR5/2T）,33299,False,False,True,False,https://www.momoshop.com.tw/TP/TP0002753/goodsDetail/TP00027530005016,2026-10-06
X1404VA,,,TP00027530005018,【ASUS 華碩】特仕版 Vivobook 14 X1404VA 午夜藍 14吋效能筆電（C5-120U/8G+32G DDR5/1T）,35399,False,False,True,False,https://www.momoshop.com.tw/TP/TP0002753/goodsDetail/TP00027530005018,2026-10-06
X1404VA,,,TP00027530005019,【ASUS 華碩】特仕版 Vivobook 14 X1404VA 午夜藍 14吋效能筆電（C5-120U/8G+32G DDR5/2T）,38499,False,False,True,False,https://www.momoshop.com.tw/TP/TP0002753/goodsDetail/TP00027530005019,2026-10-06
X1404VA,,,TP00027530005026,【ASUS 華碩】特仕版 Vivobook 14 X1404VA 幻彩白 14吋效能筆電（C5-120U/8G+16G DDR5/2T）,33299,False,False,True,False,https://www.momoshop.com.tw/TP/TP0002753/goodsDetail/TP00027530005026,2026-10-06
X1404VA,,,TP00014390006917,【ASUS 華碩】X1404VA-0381B120U 14吋 C5 效能筆電 午夜藍,18999,False,False,False,False,https://www.momoshop.com.tw/TP/TP0001439/goodsDetail/TP00014390006917,2026-10-06
X1404VA,,,TP00027350006598,【ASUS 華碩】特仕版14吋筆電(X1404VA/Core 5 120U/8G/512G/Win11/白)多規,23499,False,False,True,False,https://www.momoshop.com.tw/TP/TP0002735/goodsDetail/TP00027350006598,2026-10-06
X1404VA,,,TP00027350006600,【ASUS 華碩】特仕版14吋筆電(X1404VA/Core 5 120U/8G+16G/512G/Win11/白),26499,False,False,True,False,https://www.momoshop.com.tw/TP/TP0002735/goodsDetail/TP00027350006600,2026-10-06
X1404VA,,,TP00027350006601,【ASUS 華碩】特仕版14吋筆電(X1404VA/Core 5 120U/8G+32G/512G/Win11/白),33999,False,False,True,False,https://www.momoshop.com.tw/TP/TP0002735/goodsDetail/TP00027350006601,2026-10-06
X1404VA,,,TP00027350006608,【ASUS 華碩】特仕版14吋筆電(X1404VA/Core 5 120U/8G/512G/Win11/藍)多規,23499,False,False,True,False,https://www.momoshop.com.tw/TP/TP0002735/goodsDetail/TP00027350006608,2026-10-06
X1404VA,,,TP00027350006609,【ASUS 華碩】特仕版14吋筆電(X1404VA/Core 5 120U/8G+8G/512G/Win11/藍),23499,False,False,True,False,https://www.momoshop.com.tw/TP/TP0002735/goodsDetail/TP00027350006609,2026-10-06
X1404VA,,,TP00027350006604,【ASUS 華碩】特仕版14吋筆電(X1404VA/Core 5 120U/8G+32G/1TB SSD/Win11/白),37999,False,False,True,False,https://www.momoshop.com.tw/TP/TP0002735/goodsDetail/TP00027350006604,2026-10-06
X1404VA,,,TP00027350006605,【ASUS 華碩】特仕版14吋筆電(X1404VA/Core 5 120U/8G+8G/2TB SSD/Win11/白),31999,False,False,True,False,https://www.momoshop.com.tw/TP/TP0002735/goodsDetail/TP00027350006605,2026-10-06
X1404VA,,,TP00027350006606,【ASUS 華碩】特仕版14吋筆電(X1404VA/Core 5 120U/8G+16G/2TB SSD/Win11/白),34999,False,False,True,False,https://www.momoshop.com.tw/TP/TP0002735/goodsDetail/TP00027350006606,2026-10-06
X1404VA,,,TP00027350006607,【ASUS 華碩】特仕版14吋筆電(X1404VA/Core 5 120U/8G+32G/2TB SSD/Win11/白),41999,False,False,True,False,https://www.momoshop.com.tw/TP/TP0002735/goodsDetail/TP00027350006607,2026-10-06
X1404VA,,,TP00027350006610,【ASUS 華碩】特仕版14吋筆電(X1404VA/Core 5 120U/8G+16G/512G/Win11/藍),26499,False,False,True,False,https://www.momoshop.com.tw/TP/TP0002735/goodsDetail/TP00027350006610,2026-10-06
X1404VA,,,TP00027350006611,【ASUS 華碩】特仕版14吋筆電(X1404VA/Core 5 120U/8G+32G/512G/Win11/藍),33999,False,False,True,False,https://www.momoshop.com.tw/TP/TP0002735/goodsDetail/TP00027350006611,2026-10-06
X1404VA,,,TP00027350006612,【ASUS 華碩】特仕版14吋筆電(X1404VA/Core 5 120U/8G+8G/1TB SSD/Win11/藍),27999,False,False,True,False,https://www.momoshop.com.tw/TP/TP0002735/goodsDetail/TP00027350006612,2026-10-06
X1404VA,,,TP00027350006614,【ASUS 華碩】特仕版14吋筆電(X1404VA/Core 5 120U/8G+32G/1TB SSD/Win11/藍),37999,False,False,True,False,https://www.momoshop.com.tw/TP/TP0002735/goodsDetail/TP00027350006614,2026-10-06
X1404VA,,,TP00027350006615,【ASUS 華碩】特仕版14吋筆電(X1404VA/Core 5 120U/8G+8G/2TB SSD/Win11/藍),31999,False,False,True,False,https://www.momoshop.com.tw/TP/TP0002735/goodsDetail/TP00027350006615,2026-10-06
X1404VA,,,TP00027350006616,【ASUS 華碩】特仕版14吋筆電(X1404VA/Core 5 120U/8G+16G/2TB SSD/Win11/藍),34999,False,False,True,False,https://www.momoshop.com.tw/TP/TP0002735/goodsDetail/TP00027350006616,2026-10-06
X1404VA,,,TP00027350006617,【ASUS 華碩】特仕版14吋筆電(X1404VA/Core 5 120U/8G+32G/2TB SSD/Win11/藍),41999,False,False,True,False,https://www.momoshop.com.tw/TP/TP0002735/goodsDetail/TP00027350006617,2026-10-06
X1407AA,,,15011974,【ASUS 華碩】特仕版 14吋效能AI筆電(VivoBook X1407AA/Ultra 5-325/16G+16G/改1TB SSD/Win11),42999,True,False,True,False,https://www.momoshop.com.tw/goods/GoodsDetail.jsp?i_code=15011974,2026-10-06
X1407AA,,,15011975,【ASUS 華碩】特仕版 14吋效能AI筆電(VivoBook X1407AA/Ultra 5-325/16G+16G/512G SSD/Win11),39999,True,False,True,False,https://www.momoshop.com.tw/goods/GoodsDetail.jsp?i_code=15011975,2026-10-06
X1407AA,,,TP00027530005008,【ASUS 華碩】特仕版 Vivobook 14 X1407AA 14吋AI效能筆電（Ultra5-325/32G/1T/WIN11）,43999,False,False,True,False,https://www.momoshop.com.tw/TP/TP0002753/goodsDetail/TP00027530005008,2026-10-06
X1407AA,,,TP00027530005009,【ASUS 華碩】特仕版 Vivobook 14 X1407AA 14吋AI效能筆電（Ultra5-325/32G/2T/WIN11）,46999,False,False,True,False,https://www.momoshop.com.tw/TP/TP0002753/goodsDetail/TP00027530005009,2026-10-06
X1407AA,,,TP00027530005007,【ASUS 華碩】特仕版 Vivobook 14 X1407AA 14吋AI效能筆電（Ultra5-325/32G/512G/WIN11）,40499,False,False,True,False,https://www.momoshop.com.tw/TP/TP0002753/goodsDetail/TP00027530005007,2026-10-06
X1407AA,,,TP00027530005004,【ASUS 華碩】特仕版 Vivobook 14 X1407AA 14吋AI效能筆電（Ultra5-325/16G/1T/WIN11）,37999,False,False,True,False,https://www.momoshop.com.tw/TP/TP0002753/goodsDetail/TP00027530005004,2026-10-06
X1407AA,,,TP00027530005005,【ASUS 華碩】特仕版 Vivobook 14 X1407AA 14吋AI效能筆電（Ultra5-325/16G/2T/WIN11）,41299,False,False,True,False,https://www.momoshop.com.tw/TP/TP0002753/goodsDetail/TP00027530005005,2026-10-06
X1407AA,X1407AA-0041D325,config,TP00027530004429,【ASUS 華碩】特仕版 Vivobook 14 X1407AA 14吋AI效能筆電（Ultra5-325/16G/512G/WIN11）,32999,False,False,True,False,https://www.momoshop.com.tw/TP/TP0002753/goodsDetail/TP00027530004429,2026-10-06
X1407AA,,,TP00027530005006,【ASUS 華碩】特仕版 Vivobook 14 X1407AA 14吋AI效能筆電（Ultra5-325/16G/4T/WIN11）,49999,False,False,True,False,https://www.momoshop.com.tw/TP/TP0002753/goodsDetail/TP00027530005006,2026-10-06
X1407AA,,,TP00027530005010,【ASUS 華碩】特仕版 Vivobook 14 X1407AA 14吋AI效能筆電（Ultra5-325/32G/4T/WIN11）,56299,False,False,True,False,https://www.momoshop.com.tw/TP/TP0002753/goodsDetail/TP00027530005010,2026-10-06
X1407QA,X1407QA-0041D26100,exact,15655738,【ASUS 華碩】特仕版 14吋AI筆電(X1407QA-0041D26100/Snapdragon X X1-26-100/16G/改裝1TB SSD/W11),36999,True,False,True,False,https://www.momoshop.com.tw/goods/GoodsDetail.jsp?i_code=15655738,2026-10-06
X1407QA,X1407QA-0041D26100,exact,15655739,【ASUS 華碩】特仕版 14吋AI筆電(X1407QA-0041D26100/Snapdragon X X1-26-100/16G/改裝2TB SSD/W11),40999,True,False,True,False,https://www.momoshop.com.tw/goods/GoodsDetail.jsp?i_code=15655739,2026-10-06
X1407QA,X1407QA-0041D26100,config,15286449,【ASUS 華碩】14吋 AI筆電(VivoBook X1407QA/SnapdragonX X1 26 100/16G/512G SSD/W11),34999,True,False,False,False,https://www.momoshop.com.tw/goods/GoodsDetail.jsp?i_code=15286449,2026-10-06
X1407QA,,,13909058,【ASUS 華碩】特仕版 14吋輕薄筆電(Vivobook 14 X1407QA/X1 26 100/16G/2TB SSD/W11),42999,True,False,True,False,https://www.momoshop.com.tw/goods/GoodsDetail.jsp?i_code=13909058,2026-10-06
X1407QA,,,13909061,【ASUS 華碩】特仕版 14吋輕薄筆電(Vivobook 14 X1407QA/X1 26 100/16G/4TB SSD/W11),52999,True,False,True,False,https://www.momoshop.com.tw/goods/GoodsDetail.jsp?i_code=13909061,2026-10-06
X1407QA,X1407QA-0041D26100,config,TP00027530005038,【ASUS 華碩】特仕版 Vivobook 14 X1407QA 14吋AI效能筆電（X X1 26 100/16G/512G/W11）,34999,False,False,True,False,https://www.momoshop.com.tw/TP/TP0002753/goodsDetail/TP00027530005038,2026-10-06
X1407QA,X1407QA-0031D26100,config,14042497,【ASUS】微軟M365一年組★14吋 AI筆電(VivoBook X1407QA/Snapdragon X/16G/1TB SSD/W11),39999,True,True,False,False,https://www.momoshop.com.tw/goods/GoodsDetail.jsp?i_code=14042497,2026-10-06
X1407QA,X1407QA-0041D26100,config,TP00027350006560,【ASUS 華碩】特仕版14吋筆電(Vivobook X1407QA/X1 26 100/16G/512G SSD/W11/金)多規,34999,False,False,True,False,https://www.momoshop.com.tw/TP/TP0002735/goodsDetail/TP00027350006560,2026-10-06
X1407QA,,,TP00027350003102,【ASUS 華碩】特仕版14吋筆電(Vivobook 14 X1407QA/X1 26 100/16G/2TB SSD/W11),42999,False,False,True,False,https://www.momoshop.com.tw/TP/TP0002735/goodsDetail/TP00027350003102,2026-10-06
X1407QA,,,TP00027350003103,【ASUS 華碩】特仕版 14吋輕薄筆電(Vivobook 14 X1407QA/X1 26 100/16G/4TB SSD/Win11/三年保),52999,False,False,True,False,https://www.momoshop.com.tw/TP/TP0002735/goodsDetail/TP00027350003103,2026-10-06
X1407QA,X1407QA-0031D26100,config,TP00027350003110,【ASUS 華碩】特仕版14吋筆電(Vivobook X1407QA/X1 26 100/16G/1TB SSD/W11)多規,34999,False,False,True,False,https://www.momoshop.com.tw/TP/TP0002735/goodsDetail/TP00027350003110,2026-10-06
X1407QA,,,TP00027350006559,【ASUS 華碩】特仕版14吋筆電(Vivobook X1407QA/X1 26 100/16G/4TB/W11/三年保/金),52999,False,False,True,False,https://www.momoshop.com.tw/TP/TP0002735/goodsDetail/TP00027350006559,2026-10-06
X1407QA,X1407QA-0031D26100,config,TP00027350006561,【ASUS 華碩】特仕版14吋筆電(Vivobook 14 X1407QA/X1 26 100/16G/1TB SSD/W11/金),39999,False,False,True,False,https://www.momoshop.com.tw/TP/TP0002735/goodsDetail/TP00027350006561,2026-10-06
X1407QA,,,TP00027350006562,【ASUS 華碩】特仕版14吋筆電(Vivobook 14 X1407QA/X1 26 100/16G/2TB SSD/W11/金),43999,False,False,True,False,https://www.momoshop.com.tw/TP/TP0002735/goodsDetail/TP00027350006562,2026-10-06
X1407QA,X1407QA-0031D26100,config,TP00004400000326,【ASUS 華碩】特仕版 直升1T SSD X1407QA/SnapdragonX X1-26-10/16G/1T SSD/Win11/金,34999,False,False,True,False,https://www.momoshop.com.tw/TP/TP0000440/goodsDetail/TP00004400000326,2026-10-06
X1502VA,X1502VA-0221B13620H,config,15055192,【ASUS 華碩】15.6吋i7效能筆電(VivoBook X1502VA/i7-13620H/16G/512G SSD/W11),25999,True,False,False,False,https://www.momoshop.com.tw/goods/GoodsDetail.jsp?i_code=15055192,2026-10-06
X1502ZA,,,14014550,【ASUS 華碩】微軟M365一年組★15.6吋i5效能筆電(VivoBook X1502ZA/i5-12500H/8G/512G SSD/W11),21900,True,True,False,False,https://www.momoshop.com.tw/goods/GoodsDetail.jsp?i_code=14014550,2026-10-06
X1504VA,,,14921074,【ASUS 華碩】15.6吋Core7輕薄筆電-藍 (VivoBook X1504VA/Core7-150U/16G/1TB SSD/W11),27999,True,False,False,False,https://www.momoshop.com.tw/goods/GoodsDetail.jsp?i_code=14921074,2026-10-06
X1504VA,,,15608617,【ASUS 華碩】15.6吋Core 5效能筆電(VivoBook X1504VA/Core 5-120U/8G/512G SSD/W11),19999,True,False,False,False,https://www.momoshop.com.tw/goods/GoodsDetail.jsp?i_code=15608617,2026-10-06
X1504VA,,,15631800,【ASUS 華碩】包鼠組★15.6吋Core 5效能筆電(VivoBook X1504VA/Core 5-120U/8G/512G SSD/W11),20499,True,True,False,False,https://www.momoshop.com.tw/goods/GoodsDetail.jsp?i_code=15631800,2026-10-06
X1504VA,,,15631672,【ASUS 華碩】Office2024組★15.6吋Core 5效能筆電(VivoBook X1504VA/Core 5-120U/8G/512G SSD/W11),24999,True,True,False,False,https://www.momoshop.com.tw/goods/GoodsDetail.jsp?i_code=15631672,2026-10-06
X1504VA,,,15086758,【ASUS 華碩】特仕版 15.6吋輕薄筆電(Vivobook 15 X1504VA/Core 3 100U/8G+8G/512G SSD/W11),22499,True,False,True,False,https://www.momoshop.com.tw/goods/GoodsDetail.jsp?i_code=15086758,2026-10-06
X1504VA,,,15045805,【ASUS 華碩】微軟M365組★15.6吋Core 7輕薄筆電(VivoBook X1504VA/Core7-150U/16G/1TB SSD/W11),30389,True,True,False,False,https://www.momoshop.com.tw/goods/GoodsDetail.jsp?i_code=15045805,2026-10-06
X1504VA,,,15078403,【ASUS 華碩】特仕版 15.6吋效能筆電(VivoBook X1504VA/Core 3-100U/8G+8G/512G SSD/Win11/午夜藍),21999,True,False,True,False,https://www.momoshop.com.tw/goods/GoodsDetail.jsp?i_code=15078403,2026-10-06
X1504VA,,,15046681,【ASUS 華碩】滑鼠組★15.6吋Core 7輕薄筆電(VivoBook X1504VA/Core7-150U/16G/1TB SSD/W11),28499,True,True,False,False,https://www.momoshop.com.tw/goods/GoodsDetail.jsp?i_code=15046681,2026-10-06
X1504VA,,,15631950,【ASUS 華碩】滑鼠組★15.6吋Core 5效能筆電(VivoBook X1504VA/Core 5-120U/8G/512G SSD/W11),20499,True,True,False,False,https://www.momoshop.com.tw/goods/GoodsDetail.jsp?i_code=15631950,2026-10-06
X1504VA,,,15631393,【ASUS 華碩】微軟M365組★15.6吋Core 5效能筆電(VivoBook X1504VA/Core 5-120U/8G/512G SSD/W11),22389,True,True,False,False,https://www.momoshop.com.tw/goods/GoodsDetail.jsp?i_code=15631393,2026-10-06
X1504VA,,,15441782,【ASUS 華碩】Office2024組★15.6吋Core 7輕薄筆電(VivoBook X1504VA/Core7-150U/16G/1TB SSD/W11),32999,True,True,False,False,https://www.momoshop.com.tw/goods/GoodsDetail.jsp?i_code=15441782,2026-10-06
X1504VA,,,15404015,【ASUS 華碩】特仕版 15.6吋輕薄筆電(X1504VA-0581B120U/Core 5-120U/8G+16G/改裝1TB SSD/Win11/午夜藍),29999,True,False,True,False,https://www.momoshop.com.tw/goods/GoodsDetail.jsp?i_code=15404015,2026-10-06
X1504VA,,,15049172,【ASUS 華碩】65W手機充電組★15.6吋Core7輕薄筆電(VivoBook X1504VA/Core7-150U/16G/1TB SSD),28499,True,True,False,False,https://www.momoshop.com.tw/goods/GoodsDetail.jsp?i_code=15049172,2026-10-06
X1504VA,,,15440797,【ASUS 華碩】特仕版 15.6吋輕薄筆電(Vivobook 15 X1504VA/Core 5 120U/8G+16G/1TB SSD/Win11),31499,True,False,True,False,https://www.momoshop.com.tw/goods/GoodsDetail.jsp?i_code=15440797,2026-10-06
X1504VA,,,15440803,【ASUS 華碩】特仕版 15.6吋輕薄筆電(Vivobook 15 X1504VA/Core 5 120U/8G+16G/512G SSD/Win11),27499,True,False,True,False,https://www.momoshop.com.tw/goods/GoodsDetail.jsp?i_code=15440803,2026-10-06
X1504VA,,,15046687,【ASUS 華碩】65W充電組★15.6吋Core 7輕薄筆電(VivoBook X1504VA/Core7-150U/16G/1TB SSD/W11),32500,True,True,False,False,https://www.momoshop.com.tw/goods/GoodsDetail.jsp?i_code=15046687,2026-10-06
X1504VA,,,15404017,【ASUS 華碩】特仕版 15.6吋輕薄筆電(X1504VA-0581B120U/Core 5-120U/8G+16G/512G SSD/Win11/午夜藍),26999,True,False,True,False,https://www.momoshop.com.tw/goods/GoodsDetail.jsp?i_code=15404017,2026-10-06
X1504VA,,,13692201,【ASUS 華碩】特仕版 15.6吋輕薄筆電(Vivobook 15 X1504VA/i3-1315U/8G+8G/1TB SSD/Win11),23999,True,False,True,False,https://www.momoshop.com.tw/goods/GoodsDetail.jsp?i_code=13692201,2026-10-06
X1504VA,,,TP00027530004893,【ASUS 華碩】特仕版 Vivobook 15 X1504VA 15.6吋效能筆電（C5-120U/8G DDR5/512G/W11）,19999,False,False,True,False,https://www.momoshop.com.tw/TP/TP0002753/goodsDetail/TP00027530004893,2026-10-06
X1504VA,,,TP00008580001731,【ASUS 華碩】VivoBook 15.6吋(Core5-120U/8G D5/512G/W11/X1504VA/金)文書筆電,19999,False,False,False,False,https://www.momoshop.com.tw/TP/TP0000858/goodsDetail/TP00008580001731,2026-10-06
X1504VA,,,TP00084190000524,【ASUS 華碩】VivoBook X1504VA 15.吋 高效文書 輕薄筆電 Core5 DDR5 可擴充升級 注音鍵盤 兩年保固,19990,False,False,False,False,https://www.momoshop.com.tw/TP/TP0008419/goodsDetail/TP00084190000524,2026-10-06
X1504VA,,,15086761,【ASUS 華碩】特仕版 15.6吋輕薄筆電(Vivobook 15 X1504VA/Core 3 100U/8G+8G/1TB SSD/W11),26499,True,False,True,False,https://www.momoshop.com.tw/goods/GoodsDetail.jsp?i_code=15086761,2026-10-06
X1504VA,,,15086763,【ASUS 華碩】特仕版 15.6吋輕薄筆電(Vivobook 15 X1504VA/Core 3 100U/8G+16G/1TB SSD/W11),28499,True,False,True,False,https://www.momoshop.com.tw/goods/GoodsDetail.jsp?i_code=15086763,2026-10-06
X1504VA,,,15440805,【ASUS 華碩】特仕版 15.6吋輕薄筆電(Vivobook 15 X1504VA/Core 5 120U/8G+8G/1TB SSD/Win11),28499,True,False,True,False,https://www.momoshop.com.tw/goods/GoodsDetail.jsp?i_code=15440805,2026-10-06
X1504VA,,,TP00008580001647,【ASUS 華碩】VivoBook 15.6吋(Core5-120U/8G+8G D5/512G/W11/X1504VA)特仕輕薄文書筆電,24499,False,False,True,False,https://www.momoshop.com.tw/TP/TP0000858/goodsDetail/TP00008580001647,2026-10-06
X1504VA,,,15078402,【ASUS 華碩】特仕版 15.6吋效能筆電(VivoBook X1504VA/Core 3-100U/8G+16G/改裝1TB SSD/Win11/午夜藍),27999,True,False,True,False,https://www.momoshop.com.tw/goods/GoodsDetail.jsp?i_code=15078402,2026-10-06
X1504VA,,,TP00027350006578,【ASUS 華碩】特仕版15.6吋筆電(X1504VA/Core 5 120U/8G+8G/512G/Win11/藍),24499,False,False,True,False,https://www.momoshop.com.tw/TP/TP0002735/goodsDetail/TP00027350006578,2026-10-06
X1504VA,,,TP00008580001722,【ASUS 華碩】VivoBook 15.6吋(Core5-120U/8G D5/512G/W11/X1504VA)輕薄文書筆電,19999,False,False,False,False,https://www.momoshop.com.tw/TP/TP0000858/goodsDetail/TP00008580001722,2026-10-06
X1504VA,,,TP00014390006275,【ASUS 華碩】X1504VA-0611B100U 15.6吋 C3 筆電 午夜藍,17999,False,False,False,False,https://www.momoshop.com.tw/TP/TP0001439/goodsDetail/TP00014390006275,2026-10-06
X1504VA,,,TP00064080001604,【ASUS 華碩】特仕款 15.6吋 文書筆電 (X1504VA-0581B120U/Core5-120U/8+8G/512G/W11),25990,False,False,True,False,https://www.momoshop.com.tw/TP/TP0006408/goodsDetail/TP00064080001604,2026-10-06
X1504VA,,,TP00027530004514,【ASUS 華碩】特仕版 Vivobook 15 X1504VA 15.6吋效能筆電（Core3-100U/8G/512G/W11）,17999,False,False,True,False,https://www.momoshop.com.tw/TP/TP0002753/goodsDetail/TP00027530004514,2026-10-06
X1504VA,,,15440806,【ASUS 華碩】特仕版 15.6吋輕薄筆電(Vivobook 15 X1504VA/Core 5 120U/8G+16G/1TB SSD/Win11),31499,True,False,True,False,https://www.momoshop.com.tw/goods/GoodsDetail.jsp?i_code=15440806,2026-10-06
X1504VA,,,TP00027350006584,【ASUS 華碩】特仕版15.6吋筆電(X1504VA/Core 5 120U/8G+16G/2TB SSD/Win11/藍),35499,False,False,True,False,https://www.momoshop.com.tw/TP/TP0002735/goodsDetail/TP00027350006584,2026-10-06
X1504VA,,,TP00064080001605,【ASUS 華碩】特仕款 15.6吋 文書筆電 (X1504VA-0581B120U/Core5-120U/8+16G/512G/W11),29990,False,False,True,False,https://www.momoshop.com.tw/TP/TP0006408/goodsDetail/TP00064080001605,2026-10-06
X1504VA,,,TP00064080001617,【ASUS 華碩】特仕款 15.6吋 文書筆電 (X1504VA-0581B120U/Core5-120U/8GB/升1TB/W11),27990,False,False,True,False,https://www.momoshop.com.tw/TP/TP0006408/goodsDetail/TP00064080001617,2026-10-06
X1504VA,,,TP00008580001732,【ASUS 華碩】VivoBook 15.6吋(Core5-120U/8G+8G D5/512G/W11/X1504VA/金)文書筆電,24499,False,False,False,False,https://www.momoshop.com.tw/TP/TP0000858/goodsDetail/TP00008580001732,2026-10-06
X1504VA,,,TP00064080001606,【ASUS 華碩】特仕款 15.6吋 文書筆電 (X1504VA-0581B120U/Core5-120U/8+32G/512G/W11),36990,False,False,True,False,https://www.momoshop.com.tw/TP/TP0006408/goodsDetail/TP00064080001606,2026-10-06
X1504VA,,,TP00064080001608,【ASUS 華碩】特仕款 15.6吋 文書筆電 (X1504VA-0581B120U/Core5-120U/8+8G/升1TB/W11),33990,False,False,True,False,https://www.momoshop.com.tw/TP/TP0006408/goodsDetail/TP00064080001608,2026-10-06
X1504VA,,,TP00064080001609,【ASUS 華碩】特仕款 15.6吋 文書筆電 (X1504VA-0581B120U/Core5-120U/8+16G/升1TB/W11),37990,False,False,True,False,https://www.momoshop.com.tw/TP/TP0006408/goodsDetail/TP00064080001609,2026-10-06
X1504VA,,,TP00027350006577,【ASUS 華碩】特仕版15.6吋筆電(X1504VA/Core 5 120U/8G/512G/Win11/藍)多規,19999,False,False,True,False,https://www.momoshop.com.tw/TP/TP0002735/goodsDetail/TP00027350006577,2026-10-06
X1504VA,,,TP00064080001610,【ASUS 華碩】特仕款 15.6吋 文書筆電 (X1504VA-0581B120U/Core5-120U/8+32G/升1TB/W11),44990,False,False,True,False,https://www.momoshop.com.tw/TP/TP0006408/goodsDetail/TP00064080001610,2026-10-06
X1504VA,,,TP00064080001611,【ASUS 華碩】特仕款 15.6吋 文書筆電 (X1504VA-0581B120U/Core5-120U/8+8G/升2TB/W11),38990,False,False,True,False,https://www.momoshop.com.tw/TP/TP0006408/goodsDetail/TP00064080001611,2026-10-06
X1504VA,,,TP00064080001612,【ASUS 華碩】特仕款 15.6吋 文書筆電 (X1504VA-0581B120U/Core5-120U/8+16G/升2TB/W11),42990,False,False,True,False,https://www.momoshop.com.tw/TP/TP0006408/goodsDetail/TP00064080001612,2026-10-06
X1504VA,,,TP00064080001615,【ASUS 華碩】特仕款 15.6吋 文書筆電 (X1504VA-0581B120U/Core5-120U/8+32G/升2TB/W11),49990,False,False,True,False,https://www.momoshop.com.tw/TP/TP0006408/goodsDetail/TP00064080001615,2026-10-06
X1504VA,,,TP00014390006866,【ASUS 華碩】X1504VA-0581B120U 15.6吋 C5 文書筆電｜午夜藍,19999,False,False,False,False,https://www.momoshop.com.tw/TP/TP0001439/goodsDetail/TP00014390006866,2026-10-06
X1504VA,,,TP00064080001619,【ASUS 華碩】特仕款 15.6吋 文書筆電 (X1504VA-0581B120U/Core5-120U/8GB/升2TB/W11),32990,False,False,True,False,https://www.momoshop.com.tw/TP/TP0006408/goodsDetail/TP00064080001619,2026-10-06
X1504VA,,,TP00056340007278,【ASUS 華碩】 Vivobook X1504VA-0291C120U 蜜誘金 (無包鼠) 福利品 展示機,18999,False,False,False,True,https://www.momoshop.com.tw/TP/TP0005634/goodsDetail/TP00056340007278,2026-10-06
X1504VA,,,TP00027350006579,【ASUS 華碩】特仕版15.6吋筆電(X1504VA/Core 5 120U/8G+32G/512G/Win11/藍),34999,False,False,True,False,https://www.momoshop.com.tw/TP/TP0002735/goodsDetail/TP00027350006579,2026-10-06
X1504VA,,,TP00027350006580,【ASUS 華碩】特仕版15.6吋筆電(X1504VA/Core 5 120U/8G+8G/1TB SSD/Win11/藍),28499,False,False,True,False,https://www.momoshop.com.tw/TP/TP0002735/goodsDetail/TP00027350006580,2026-10-06
X1504VA,,,TP00027350006581,【ASUS 華碩】特仕版15.6吋筆電(X1504VA/Core 5 120U/8G+16G/1TB SSD/Win11/藍),31499,False,False,True,False,https://www.momoshop.com.tw/TP/TP0002735/goodsDetail/TP00027350006581,2026-10-06
X1504VA,,,TP00027350006586,【ASUS 華碩】特仕版15.6吋筆電(X1504VA/Core 5 120U/8G/512G/Win11/金)多規,19999,False,False,True,False,https://www.momoshop.com.tw/TP/TP0002735/goodsDetail/TP00027350006586,2026-10-06
X1504VA,,,TP00027350006587,【ASUS 華碩】特仕版15.6吋筆電(X1504VA/Core 5 120U/8G+8G/512G/Win11/金),24499,False,False,True,False,https://www.momoshop.com.tw/TP/TP0002735/goodsDetail/TP00027350006587,2026-10-06
X1504VA,,,TP00027350006588,【ASUS 華碩】特仕版15.6吋筆電(X1504VA/Core 5 120U/8G+16G/512G/Win11/藍),27499,False,False,True,False,https://www.momoshop.com.tw/TP/TP0002735/goodsDetail/TP00027350006588,2026-10-06
X1504VA,,,TP00027350006591,【ASUS 華碩】特仕版15.6吋筆電(X1504VA/Core 5 120U/8G+32G/512G/Win11/金),34999,False,False,True,False,https://www.momoshop.com.tw/TP/TP0002735/goodsDetail/TP00027350006591,2026-10-06
X1504VA,,,TP00027350006592,【ASUS 華碩】特仕版15.6吋筆電(X1504VA/Core 5 120U/8G+8G/1TB SSD/Win11/金),28499,False,False,True,False,https://www.momoshop.com.tw/TP/TP0002735/goodsDetail/TP00027350006592,2026-10-06
X1504VA,,,TP00027350006595,【ASUS 華碩】特仕版15.6吋筆電(X1504VA/Core 5 120U/8G+8G/2TB SSD/Win11/金),32499,False,False,True,False,https://www.momoshop.com.tw/TP/TP0002735/goodsDetail/TP00027350006595,2026-10-06
X1504VA,,,TP00027350006582,【ASUS 華碩】特仕版15.6吋筆電(X1504VA/Core 5 120U/8G+32G/1TB SSD/Win11/藍),38999,False,False,True,False,https://www.momoshop.com.tw/TP/TP0002735/goodsDetail/TP00027350006582,2026-10-06
X1504VA,,,TP00027350006583,【ASUS 華碩】特仕版15.6吋筆電(X1504VA/Core 5 120U/8G+8G/2TB SSD/Win11/藍),32499,False,False,True,False,https://www.momoshop.com.tw/TP/TP0002735/goodsDetail/TP00027350006583,2026-10-06
X1504VA,,,TP00027350006585,【ASUS 華碩】特仕版15.6吋筆電(X1504VA/Core 5 120U/8G+32G/2TB SSD/Win11/藍),42999,False,False,True,False,https://www.momoshop.com.tw/TP/TP0002735/goodsDetail/TP00027350006585,2026-10-06
X1504VA,,,TP00027350006590,【ASUS 華碩】特仕版15.6吋筆電(X1504VA/Core 5 120U/8G+16G/512G/Win11/金),27499,False,False,True,False,https://www.momoshop.com.tw/TP/TP0002735/goodsDetail/TP00027350006590,2026-10-06
X1504VA,,,TP00027350006594,【ASUS 華碩】特仕版15.6吋筆電(X1504VA/Core 5 120U/8G+32G/1TB SSD/Win11/金),38999,False,False,True,False,https://www.momoshop.com.tw/TP/TP0002735/goodsDetail/TP00027350006594,2026-10-06
X1504VA,,,TP00008580001648,【ASUS 華碩】VivoBook 15.6吋(Core5-120U/8G+8G D5/1TB/W11/X1504VA)特仕輕薄文書筆電,29499,False,False,True,False,https://www.momoshop.com.tw/TP/TP0000858/goodsDetail/TP00008580001648,2026-10-06
X1504VA,,,TP00027350006596,【ASUS 華碩】特仕版15.6吋筆電(X1504VA/Core 5 120U/8G+16G/2TB SSD/Win11/金),35499,False,False,True,False,https://www.momoshop.com.tw/TP/TP0002735/goodsDetail/TP00027350006596,2026-10-06
X1504VA,,,TP00027350006597,【ASUS 華碩】特仕版15.6吋筆電(X1504VA/Core 5 120U/8G+32G/2TB SSD/Win11/金),42999,False,False,True,False,https://www.momoshop.com.tw/TP/TP0002735/goodsDetail/TP00027350006597,2026-10-06
X1504VA,,,15404018,【ASUS 華碩】特仕版 15.6吋輕薄筆電(X1504VA-0581B120U/Core 5-120U/8G+8G/512G SSD/Win11/午夜藍),23999,True,False,True,False,https://www.momoshop.com.tw/goods/GoodsDetail.jsp?i_code=15404018,2026-10-06
X1504VA,,,15440794,【ASUS 華碩】特仕版 15.6吋輕薄筆電(Vivobook 15 X1504VA/Core 5 120U/8G+16G/512G SSD/Win11),27499,True,False,True,False,https://www.momoshop.com.tw/goods/GoodsDetail.jsp?i_code=15440794,2026-10-06
X1504VA,X1504VA-0371B1315U,config,15441712,【ASUS 華碩】Office2024組★15.6吋i3輕薄筆電(VivoBook X1504VA/i3-1315U/8G/512G SSD/W11),20999,True,True,False,False,https://www.momoshop.com.tw/goods/GoodsDetail.jsp?i_code=15441712,2026-10-06
X1504VA,,,15404016,【ASUS 華碩】特仕版 15.6吋輕薄筆電(X1504VA-0581B120U/Core 5-120U/8G+8G/改裝1TB SSD/Win11/午夜藍),27999,True,False,True,False,https://www.momoshop.com.tw/goods/GoodsDetail.jsp?i_code=15404016,2026-10-06
X1504VA,,,13692202,【ASUS 華碩】特仕版 15.6吋輕薄筆電(Vivobook 15 X1504VA/i3-1315U/8G+16G/1TB SSD/Win11),26499,True,False,True,False,https://www.momoshop.com.tw/goods/GoodsDetail.jsp?i_code=13692202,2026-10-06
X1504VA,X1504VA-0371B1315U,config,13717772,【ASUS】微軟M365一年組★15.6吋i3輕薄筆電(VivoBook X1504VA/i3-1315U/8G/512G SSD/W11),18389,True,True,False,False,https://www.momoshop.com.tw/goods/GoodsDetail.jsp?i_code=13717772,2026-10-06
X1504VA,,,14987748,【ASUS 華碩】15.6吋十核心輕薄筆電(VivoBook X1504VA/十核心/16G/512G SSD/W11),24999,True,False,False,False,https://www.momoshop.com.tw/goods/GoodsDetail.jsp?i_code=14987748,2026-10-06
X1504VA,,,14429526,【ASUS 華碩】+24型螢幕組★ 15.6吋i7輕薄筆電(VivoBook X1504VA/i7-1355U/16G/1TB SSD/W11),31900,True,True,False,False,https://www.momoshop.com.tw/goods/GoodsDetail.jsp?i_code=14429526,2026-10-06
X1504ZA,,,TP00038870000211,【ASUS 華碩】特仕版 15.6吋 i5輕薄文書筆電 (VivoBook X1504ZA/i5-1235U/24G/512G/藍),23900,False,False,True,False,https://www.momoshop.com.tw/TP/TP0003887/goodsDetail/TP00038870000211,2026-10-06
X1504ZA,,,TP00038870000210,【ASUS 華碩】特仕版 15.6吋 i5輕薄文書筆電 (VivoBook X1504ZA/i5-1235U/24G/512G/金),23800,False,False,True,False,https://www.momoshop.com.tw/TP/TP0003887/goodsDetail/TP00038870000210,2026-10-06
X1504ZA,X1504ZA-0151B1235U/X1504ZA-0171C1235U,config,TP00038870000209,【ASUS 華碩】15.6吋 i5輕薄文書筆電 (VivoBook X1504ZA/i5-1235U/8G/512G SSD/蜜誘金),18900,False,False,False,False,https://www.momoshop.com.tw/TP/TP0003887/goodsDetail/TP00038870000209,2026-10-06
X1504ZA,,,TP00038870000212,【ASUS 華碩】A級福利品 15.6吋 i7輕薄文書筆電 (VivoBook X1504ZA/i7-1355U/24G/512G),29999,False,False,False,True,https://www.momoshop.com.tw/TP/TP0003887/goodsDetail/TP00038870000212,2026-10-06
X1605VA,X1605VA-0241K13420H,exact,TP00056340006458,【ASUS 華碩】Vivobook X1605VA-0241K13420H 搖滾黑 福利品 展示機,21999,False,False,False,True,https://www.momoshop.com.tw/TP/TP0005634/goodsDetail/TP00056340006458,2026-10-06
X1607AA,X1607AA-0031B325,config,15188052,【ASUS 華碩】16吋Ultra 5輕薄AI筆電(VivoBook X1607AA/Ultra 5-325/16G/512G SSD/W11),35999,True,False,False,False,https://www.momoshop.com.tw/goods/GoodsDetail.jsp?i_code=15188052,2026-10-06
X1607AA,,,15249186,【ASUS 華碩】特仕版 16吋效能AI筆電(VivoBook X1607AA/Ultra 5-325/16G+16G/改1TB SSD/Win11),43999,True,False,True,False,https://www.momoshop.com.tw/goods/GoodsDetail.jsp?i_code=15249186,2026-10-06
X1607AA,,,15249187,【ASUS 華碩】特仕版 16吋效能AI筆電(VivoBook X1607AA/Ultra 5-325/16G+16G/512G SSD/Win11),41999,True,False,True,False,https://www.momoshop.com.tw/goods/GoodsDetail.jsp?i_code=15249187,2026-10-06
X1607AA,,,15249156,【ASUS 華碩】特仕版 16吋效能AI筆電(Vivobook 16 X1607AA/Ultra 5 325/32G/1TB SSD/Win11),47499,True,False,True,False,https://www.momoshop.com.tw/goods/GoodsDetail.jsp?i_code=15249156,2026-10-06
X1607AA,X1607AA-0031B325,config,TP00027530004636,【ASUS 華碩】特仕版 Vivobook 16 X1607AA 16吋AI效能筆電（Ultra 5-325/16G/512G/W11）,35999,False,False,True,False,https://www.momoshop.com.tw/TP/TP0002753/goodsDetail/TP00027530004636,2026-10-06
X1607AA,,,TP00027350006082,【ASUS 華碩】特仕版16吋效能AI筆電(Vivobook 16 X1607AA/Ultra 5 325/32G/512G/W11),43499,False,False,True,False,https://www.momoshop.com.tw/TP/TP0002735/goodsDetail/TP00027350006082,2026-10-06
X1607AA,X1607AA-0031B325,exact,TP00064080001627,【ASUS 華碩】特仕款 Vivobook 筆電(X1607AA-0031B325/Ultra5 325/16+16G/512G/W11),45990,False,False,True,False,https://www.momoshop.com.tw/TP/TP0006408/goodsDetail/TP00064080001627,2026-10-06
X1607AA,X1607AA-0031B325,exact,TP00064080001622,【ASUS 華碩】特仕款 Vivobook AI效能筆電(X1607AA-0031B325/Ultra5 325/16G/1TB/W11),43990,False,False,True,False,https://www.momoshop.com.tw/TP/TP0006408/goodsDetail/TP00064080001622,2026-10-06
X1607AA,X1607AA-0031B325,exact,TP00064080001623,【ASUS 華碩】特仕款 Vivobook AI效能筆電(X1607AA-0031B325/Ultra5 325/16G/2TB/W11),48990,False,False,True,False,https://www.momoshop.com.tw/TP/TP0006408/goodsDetail/TP00064080001623,2026-10-06
X1607AA,X1607AA-0031B325,exact,TP00064080001628,【ASUS 華碩】特仕款 Vivobook 筆電(X1607AA-0031B325/Ultra5 325/16G+16G/1TB/W11),53990,False,False,True,False,https://www.momoshop.com.tw/TP/TP0006408/goodsDetail/TP00064080001628,2026-10-06
X1607AA,X1607AA-0031B325,exact,TP00064080001629,【ASUS 華碩】特仕款 Vivobook 筆電(X1607AA-0031B325/Ultra5 325/16G+16G/2TB/W11),58990,False,False,True,False,https://www.momoshop.com.tw/TP/TP0006408/goodsDetail/TP00064080001629,2026-10-06
X1607AA,X1607AA-0031B325,exact,TP00064080001630,【ASUS 華碩】特仕款 Vivobook 筆電(X1607AA-0031B325/Ultra5 325/16+32G/512G/W11),52990,False,False,True,False,https://www.momoshop.com.tw/TP/TP0006408/goodsDetail/TP00064080001630,2026-10-06
X1607AA,X1607AA-0031B325,exact,TP00064080001631,【ASUS 華碩】特仕款 Vivobook 筆電(X1607AA-0031B325/Ultra5 325/16G+32G/1TB/W11),60990,False,False,True,False,https://www.momoshop.com.tw/TP/TP0006408/goodsDetail/TP00064080001631,2026-10-06
X1607AA,X1607AA-0031B325,exact,TP00064080001632,【ASUS 華碩】特仕款 Vivobook 筆電(X1607AA-0031B325/Ultra5 325/16G+32G/2TB/W11),65990,False,False,True,False,https://www.momoshop.com.tw/TP/TP0006408/goodsDetail/TP00064080001632,2026-10-06
X1607AA,X1607AA-0031B325,config,TP00027350006078,【ASUS 華碩】特仕版16吋效能AI筆電(Vivobook 16 X1607AA/Ultra 5 325/16G/512G/W11)多規,35999,False,False,True,False,https://www.momoshop.com.tw/TP/TP0002735/goodsDetail/TP00027350006078,2026-10-06
X1607AA,,,TP00027350006080,【ASUS 華碩】特仕版16吋效能AI筆電(Vivobook 16 X1607AA/Ultra 5 325/24G/512G/W11),40499,False,False,True,False,https://www.momoshop.com.tw/TP/TP0002735/goodsDetail/TP00027350006080,2026-10-06
X1607AA,,,TP00027350006083,【ASUS 華碩】特仕版16吋效能AI筆電(Vivobook 16 X1607AA/Ultra 5 325/48G/512G/W11),50999,False,False,True,False,https://www.momoshop.com.tw/TP/TP0002735/goodsDetail/TP00027350006083,2026-10-06
X1607AA,,,TP00027350006085,【ASUS 華碩】特仕版16吋效能AI筆電(Vivobook 16 X1607AA/Ultra 5 325/32G/1TB/W11),47499,False,False,True,False,https://www.momoshop.com.tw/TP/TP0002735/goodsDetail/TP00027350006085,2026-10-06
X1607AA,X1607AA-0031B325,exact,TP00014390006961,【ASUS 華碩】X1607AA-0031B325 16吋 U5 輕薄AI筆電,35999,False,False,False,False,https://www.momoshop.com.tw/TP/TP0001439/goodsDetail/TP00014390006961,2026-10-06
X1607AA,,,TP00027350006087,【ASUS 華碩】特仕版16吋效能AI筆電(Vivobook 16 X1607AA/Ultra 5 325/48G/1TB/W11),54999,False,False,True,False,https://www.momoshop.com.tw/TP/TP0002735/goodsDetail/TP00027350006087,2026-10-06
X1607AA,,,TP00027350006084,【ASUS 華碩】特仕版16吋效能AI筆電(Vivobook 16 X1607AA/Ultra 5 325/24G/1TB/W11),44499,False,False,True,False,https://www.momoshop.com.tw/TP/TP0002735/goodsDetail/TP00027350006084,2026-10-06
X1607AA,,,TP00027350006088,【ASUS 華碩】特仕版16吋效能AI筆電(Vivobook 16 X1607AA/Ultra 5 325/48G/2TB/W11),58999,False,False,True,False,https://www.momoshop.com.tw/TP/TP0002735/goodsDetail/TP00027350006088,2026-10-06
X1607AA,,,TP00027350006090,【ASUS 華碩】特仕版16吋效能AI筆電(Vivobook 16 X1607AA/Ultra 5 325/32G/2TB/W11),51499,False,False,True,False,https://www.momoshop.com.tw/TP/TP0002735/goodsDetail/TP00027350006090,2026-10-06
X1607AA,,,TP00027350006092,【ASUS 華碩】特仕版16吋效能AI筆電(Vivobook 16 X1607AA/Ultra 5 325/24G/2TB/W11),48499,False,False,True,False,https://www.momoshop.com.tw/TP/TP0002735/goodsDetail/TP00027350006092,2026-10-06
X1607QA,X1607QA-0051B26100,config,14964305,【ASUS 華碩】16吋AI筆電(VivoBook X1607QA/Snapdragon X/16G/512GB SSD/W11),35999,True,False,False,False,https://www.momoshop.com.tw/goods/GoodsDetail.jsp?i_code=14964305,2026-10-06
X1607QA,X1607QA-0051B26100,exact,15582542,【ASUS 華碩】特仕版 16吋AI筆電(X1607QA-0051B26100/Snapdragon X/16G/改裝1TB SSD/Win11),36999,True,False,True,False,https://www.momoshop.com.tw/goods/GoodsDetail.jsp?i_code=15582542,2026-10-06
X1607QA,X1607QA-0061B126100,config,15086753,【ASUS 華碩】特仕版 16吋輕薄筆電(Vivobook 16 X1607QA/X1 26 100/16G/1TB SSD/W11),39999,True,False,True,False,https://www.momoshop.com.tw/goods/GoodsDetail.jsp?i_code=15086753,2026-10-06
X1607QA,X1607QA-0051B26100,exact,15669755,【ASUS 華碩】16吋AI文書筆電(X1607QA-0051B26100/Snapdragon X X1/16GB DDR5/512GB SSD/W11),35999,True,False,False,False,https://www.momoshop.com.tw/goods/GoodsDetail.jsp?i_code=15669755,2026-10-06
X1607QA,,,TP00027530004083,【ASUS 華碩】特仕版 Vivobook 16 X1607QA 16吋AI文書效能筆電（X X1 26 100/16G/2T/W11）,33999,False,False,True,False,https://www.momoshop.com.tw/TP/TP0002753/goodsDetail/TP00027530004083,2026-10-06
X1607QA,X1607QA-0051B26100,config,TP00027530004552,【ASUS 華碩】特仕版 Vivobook 16 X1607QA 16吋AI效能筆電（X X1 26 100/16G/512G/W11）,35999,False,False,True,False,https://www.momoshop.com.tw/TP/TP0002753/goodsDetail/TP00027530004552,2026-10-06
X1607QA,X1607QA-0051B26100,config,TP00027350005792,【ASUS 華碩】特仕版16吋輕薄(Vivobook 16 X1607QA/X1 26 100/16G/512G/三年保)多規,35999,False,False,True,False,https://www.momoshop.com.tw/TP/TP0002735/goodsDetail/TP00027350005792,2026-10-06
X1607QA,X1607QA-0061B126100,config,TP00027350005793,【ASUS 華碩】特仕版16吋輕薄(Vivobook 16 X1607QA/X1 26 100/16G/1TB SSD/三年保),39999,False,False,True,False,https://www.momoshop.com.tw/TP/TP0002735/goodsDetail/TP00027350005793,2026-10-06
X1607QA,,,TP00027350005795,【ASUS 華碩】特仕版16吋輕薄(Vivobook 16 X1607QA/X1 26 100/16G/2TB SSD/三年保),43999,False,False,True,False,https://www.momoshop.com.tw/TP/TP0002735/goodsDetail/TP00027350005795,2026-10-06
X1607QA,X1607QA-0051B26100,exact,TP00056340007738,【ASUS 華碩】Vivobook 16 X1607QA-0051B26100 午夜藍,35999,False,False,False,False,https://www.momoshop.com.tw/TP/TP0005634/goodsDetail/TP00056340007738,2026-10-06
X1607QA,,,TP00027350005794,【ASUS 華碩】特仕版16吋輕薄(Vivobook 16 X1607QA/X1 26 100/16G/4TB SSD/三年保),53999,False,False,True,False,https://www.momoshop.com.tw/TP/TP0002735/goodsDetail/TP00027350005794,2026-10-06
X1607QA,X1607QA-0061B126100,config,TP00004400000334,【ASUS 華碩】特仕版 直升1T SSD X1607QA/Snapdragon X1-26-100/16G/1T SSD/Win11/藍,36999,False,False,True,False,https://www.momoshop.com.tw/TP/TP0000440/goodsDetail/TP00004400000334,2026-10-06
